﻿<?xml version="1.0" encoding="utf-8"?>
<deployment>
  <id>29b8b907cedc47ba8c43e7d926c3a212</id>
  <author>N/A</author>
  <deployer>ZipDeploy</deployer>
  <authorEmail>N/A</authorEmail>
  <message>Created via a push deployment</message>
  <progress></progress>
  <status>Success</status>
  <statusText></statusText>
  <lastSuccessEndTime>2025-08-24T21:36:40.42518Z</lastSuccessEndTime>
  <receivedTime>2025-08-24T21:36:38.3147572Z</receivedTime>
  <startTime>2025-08-24T21:36:38.5324586Z</startTime>
  <endTime>2025-08-24T21:36:40.42518Z</endTime>
  <complete>True</complete>
  <is_temp>False</is_temp>
  <is_readonly>True</is_readonly>
  <project_type>BASIC</project_type>
  <vsproject_id></vsproject_id>
</deployment>