<step title="Incoming Request" date="2025-08-30T22:08:49.809" instance="840df5" url="/api/publish?type=zip" method="POST" type="request" pid="823,1,32" Accept="*/*" Host="241runners-api.scm.azurewebsites.net" User-Agent="AZURECLI/2.76.0 (HOMEBREW)" Accept-Encoding="gzip, deflate" Authorization="Bea..." Cache-Control="no-cache" Content-Type="application/octet-stream" Cookie="ARRAffinity=840df5b8900aab23ebfa62117dca9593cf0c36cdffca87bdecae018bcb3dc3cc; ARRAffinitySameSite=840df5b8900aab23ebfa62117dca9593cf0c36cdffca87bdecae018bcb3dc3cc" Content-Length="29266303" x-ms-client-request-id="e2c9d356-85ed-11f0-8a7f-5aba6e9e812a" x-ms-artifact-checksum="8f6c7fa8217e171147ca6a6e87b054a5a2aef29dea2d3f63566a9cb05d3a912f" X-ARR-LOG-ID="e2c9d356-85ed-11f0-8a7f-5aba6e9e812a" CLIENT-IP="97.75.150.66:38496" X-SITE-DEPLOYMENT-ID="241runners-api" WAS-DEFAULT-HOSTNAME="241runners-api.scm.azurewebsites.net" X-Forwarded-Proto="https" X-AppService-Proto="https" X-Forwarded-TlsVersion="1.3" X-WAWS-Unencoded-URL="/api/publish?type=zip" X-Client-IP="97.75.150.66" X-Client-Port="38496" >
  <step title="Cleanup Xml Logs" date="2025-08-30T22:08:49.849" /><!-- duration: 67ms -->
  <step title="OneDeploy" date="2025-08-30T22:08:50.070" >
    <step title="Starting PushDeployAsync" date="2025-08-30T22:08:50.165" /><!-- duration: 10ms -->
    <step title="Writing artifact to /tmp/zipdeploy/71aaa9f4-e7a0-42e3-9e8f-3190f7fa3739.zip" date="2025-08-30T22:08:50.245" >
      <step title="Writing multipart request body to /tmp/zipdeploy/71aaa9f4-e7a0-42e3-9e8f-3190f7fa3739.zip" date="2025-08-30T22:08:50.282" /><!-- duration: 66ms -->
    </step><!-- duration: 4287ms -->
    <step title="Attempting to fetch target branch HEAD" date="2025-08-30T22:08:54.592" /><!-- duration: 27ms -->
    <step title="Acquiring Deployment Lock" date="2025-08-30T22:08:54.674" /><!-- duration: 10ms -->
    <step title="Acquired Deployment Lock" date="2025-08-30T22:08:54.833" /><!-- duration: 28ms -->
    <step title="Performing fetch based deployment" date="2025-08-30T22:08:54.908" >
      <step title="Creating temporary deployment" date="2025-08-30T22:08:54.979" /><!-- duration: 514ms -->
      <step title="Releasing Deployment Lock" date="2025-08-30T22:08:57.020" /><!-- duration: 45ms -->
      <step title="Cleaning up temp folders from previous zip deployments and extracting pushed zip file /tmp/zipdeploy/71aaa9f4-e7a0-42e3-9e8f-3190f7fa3739.zip (27.91 MB) to /tmp/zipdeploy/extracted" date="2025-08-30T22:08:57.311" >
        <step title="ChmodRecursive Process exited with total time taken in ms: 918" date="2025-08-30T22:09:02.914" /><!-- duration: 30ms -->
      </step><!-- duration: 5709ms -->
      <step title="None repository commit" date="2025-08-30T22:09:03.080" >
        <step title="Commit id: a6aca313-c325-4f66-9ccf-e1966d5117bb" date="2025-08-30T22:09:03.090" Message="OneDeploy" AuthorName="N/A" AuthorEmail="N/A" /><!-- duration: 27ms -->
      </step><!-- duration: 54ms -->
      <step title="Deployment timer started" date="2025-08-30T22:09:05.280" >
        <step title="DeploymentManager.Deploy(id:a6aca313-c325-4f66-9ccf-e1966d5117bb)" date="2025-08-30T22:09:05.322" >
          <step title="Collecting changeset information" date="2025-08-30T22:09:05.426" /><!-- duration: 381ms -->
          <step title="Updating submodules" date="2025-08-30T22:09:05.904" /><!-- duration: 1467ms -->
          <step title="Determining deployment builder" date="2025-08-30T22:09:08.349" >
            <step title="Builder is OneDeployBuilder" date="2025-08-30T22:09:08.478" /><!-- duration: 74ms -->
          </step><!-- duration: 260ms -->
          <step title="PreDeployment: context.CleanOutputPath False" date="2025-08-30T22:09:08.756" >
            <step title="PreDeployment: context.OutputPath /home/site/wwwroot" date="2025-08-30T22:09:09.097" >
              <step title="Building" date="2025-08-30T22:09:09.645" >
                <step title="Executing external process" date="2025-08-30T22:09:11.123" type="process" path="starter.sh" arguments="/opt/Kudu/Scripts/parallel_rsync.sh /tmp/zipdeploy/extracted /home/site/wwwroot 8 /tmp/ False False  " /><!-- duration: 12743ms -->
                <step title="Modified file to trigger a restart of the app container." date="2025-08-30T22:09:24.358" /><!-- duration: 19ms -->
                <step title="Skip function trigger and logicapp sync because function is not enabled." date="2025-08-30T22:09:24.398" /><!-- duration: 12ms -->
                <step title="Purge deployment items" date="2025-08-30T22:09:26.439" >
                  <step title="Remove 0e37be48-, Success, received at 08/30/2025 20:55:24" date="2025-08-30T22:09:26.517" /><!-- duration: 4ms -->
                </step><!-- duration: 88ms -->
              </step><!-- duration: 16954ms -->
            </step><!-- duration: 17523ms -->
            <step title="Cleaning up temp files" date="2025-08-30T22:09:26.637" /><!-- duration: 12ms -->
            <step title="Cleaning up temp files" date="2025-08-30T22:09:26.652" /><!-- duration: 519ms -->
            <step title="Reloading status file with latest updates" date="2025-08-30T22:09:27.262" >
              <step title="WebHooksManager.PublishEventAsync: PostDeployment" date="2025-08-30T22:09:27.289" /><!-- duration: 185ms -->
            </step><!-- duration: 221ms -->
            <step title="Cleaning up temporary deployment - fetch deployment was successful" date="2025-08-30T22:09:27.494" /><!-- duration: 5ms -->
          </step><!-- duration: 18819ms -->
        </step><!-- duration: 22260ms -->
        <step title="Outgoing response" date="2025-08-30T22:09:27.591" type="response" statusCode="200" statusText="OK" /><!-- duration: 8ms -->
      </step><!-- duration: 22333ms -->
