<step title="Incoming Request" date="2025-08-28T23:05:28.817" instance="7788a4" url="/api/publish?async=true&amp;deployer=GITHUB_ONE_DEPLOY&amp;type=zip&amp;message=%7B%22type%22%3A%22deployment%22%2C%22sha%22%3A%2218e7835e2af506b4565c12999594139832d05bee%22%2C%22repoName%22%3A%22DekuWorks%2F241RunnersAwareness%22%2C%22actor%22%3A%22DekuWorks%22%2C%22slotName%22%3A%22Production%22%2C%22commitMessage%22%3A%22Improve%20auth%20pages%3A%20Full-screen%20red%20background%2C%20better%20responsive%20design%2C%20and%20enhanced%20form%20spacing%22%7D" method="POST" type="request" pid="1300,2,8" Transfer-Encoding="chunked" Content-Type="application/octet-stream" Authorization="Bea..." Cookie="ARRAffinity=7788a455ec154c4663c1b659ef530e471943b5c292ff1be1116a591d0c915669;Path=/;HttpOnly;Secure;Domain=241runnersawareness-api.scm.azurewebsites.net; ARRAffinitySameSite=7788a455ec154c4663c1b659ef530e471943b5c292ff1be1116a591d0c915669;Path=/;HttpOnly;SameSite=None;Secure;Domain=241runnersawareness-api.scm.azurewebsites.net" Host="241runnersawareness-api.scm.azurewebsites.net" User-Agent="GITHUBACTIONS_DeployWebAppToAzure_595ee1b31a2c90a1f7110b9442ef89a098f6ae428a4a7a7da91a41dc86c46f22" X-ARR-LOG-ID="fd493864-bacd-463c-aad7-98161c41aedb" CLIENT-IP="20.161.60.96:17408" X-SITE-DEPLOYMENT-ID="241runnersawareness-api" WAS-DEFAULT-HOSTNAME="241runnersawareness-api.scm.azurewebsites.net" X-Forwarded-Proto="https" X-AppService-Proto="https" X-Forwarded-TlsVersion="1.3" X-WAWS-Unencoded-URL="/api/publish?async=true&amp;deployer=GITHUB_ONE_DEPLOY&amp;type=zip&amp;message=%7B%22type%22%3A%22deployment%22%2C%22sha%22%3A%2218e7835e2af506b4565c12999594139832d05bee%22%2C%22repoName%22%3A%22DekuWorks%2F241RunnersAwareness%22%2C%22actor%22%3A%22DekuWorks%22%2C%22slotName%22%3A%22Production%22%2C%22commitMessage%22%3A%22Improve%20auth%20pages%3A%20Full-screen%20red%20background%2C%20better%20responsive%20design%2C%20and%20enhanced%20form%20spacing%22%7D" >
  <step title="OneDeploy" date="2025-08-28T23:05:29.036" >
    <step title="Starting PushDeployAsync" date="2025-08-28T23:05:29.164" /><!-- duration: 30ms -->
    <step title="Updating shutdown sentinel last write time" date="2025-08-28T23:05:29.348" SemaphoreCount="7" /><!-- duration: 17ms -->
    <step title="LockFile &apos;C:\home\site\locks\deployments.lock&apos; acquired" date="2025-08-28T23:05:29.365" /><!-- duration: 0ms -->
    <step title="Deleting outdated zip file C:\home\data\SitePackages\20250828205556.zip" date="2025-08-28T23:05:29.396" /><!-- duration: 0ms -->
    <step title="Saving request content to C:\home\data\SitePackages\20250828230529.zip" date="2025-08-28T23:05:29.396" >
      <step title="Total 28,393,650 bytes written to C:\home\data\SitePackages\20250828230529.zip" date="2025-08-28T23:05:30.981" /><!-- duration: 11ms -->
    </step><!-- duration: 2002ms -->
    <step title="LockFile &apos;C:\home\site\locks\deployments.lock&apos; released" date="2025-08-28T23:05:31.415" /><!-- duration: 0ms -->
    <step title="Deleting shutdown sentinel file" date="2025-08-28T23:05:31.429" SemaphoreCount="8" /><!-- duration: 0ms -->
    <step title="Starting FetchDeploy" date="2025-08-28T23:05:31.445" /><!-- duration: 0ms -->
    <step title="Start deployment in the background" date="2025-08-28T23:05:31.445" /><!-- duration: 125ms -->
  </step><!-- duration: 2534ms -->
  <step title="Outgoing response" date="2025-08-28T23:05:31.648" type="response" statusCode="202" statusText="Accepted" Server="Microsoft-IIS/10.0" x-ms-request-id="fd493864-bacd-463c-aad7-98161c41aedb" Retry-After="30" Cache-Control="private" X-AspNet-Version="4.0.30319" Location="https://241runnersawareness-api.scm.azurewebsites.net/api/deployments/latest?deployer=OneDeploy&amp;time=2025-08-28_23-05-31Z" /><!-- duration: 20ms -->
</step><!-- duration: 2851ms -->
