<step title="Incoming Request" date="2025-08-30T21:48:35.221" instance="840df5" url="/api/publish?type=zip" method="POST" type="request" pid="823,1,22" Accept="*/*" Host="241runners-api.scm.azurewebsites.net" User-Agent="AZURECLI/2.76.0 (HOMEBREW)" Accept-Encoding="gzip, deflate" Authorization="Bea..." Cache-Control="no-cache" Content-Type="application/octet-stream" Cookie="ARRAffinity=840df5b8900aab23ebfa62117dca9593cf0c36cdffca87bdecae018bcb3dc3cc; ARRAffinitySameSite=840df5b8900aab23ebfa62117dca9593cf0c36cdffca87bdecae018bcb3dc3cc" Content-Length="29264645" x-ms-client-request-id="0b1f7b6a-85eb-11f0-9409-5aba6e9e812a" x-ms-artifact-checksum="2d33ec3f6b311375c675d310b4a0c9095faf82303029e7f40cd3955e0bfdf10a" X-ARR-LOG-ID="0b1f7b6a-85eb-11f0-9409-5aba6e9e812a" CLIENT-IP="97.75.150.66:38431" X-SITE-DEPLOYMENT-ID="241runners-api" WAS-DEFAULT-HOSTNAME="241runners-api.scm.azurewebsites.net" X-Forwarded-Proto="https" X-AppService-Proto="https" X-Forwarded-TlsVersion="1.3" X-WAWS-Unencoded-URL="/api/publish?type=zip" X-Client-IP="97.75.150.66" X-Client-Port="38431" >
  <step title="Cleanup Xml Logs" date="2025-08-30T21:48:35.260" /><!-- duration: 97ms -->
  <step title="OneDeploy" date="2025-08-30T21:48:37.730" >
    <step title="Starting PushDeployAsync" date="2025-08-30T21:48:38.566" /><!-- duration: 39ms -->
    <step title="Writing artifact to /tmp/zipdeploy/7ea46867-fe05-4f86-83b3-52de70479b56.zip" date="2025-08-30T21:48:38.801" >
      <step title="Writing multipart request body to /tmp/zipdeploy/7ea46867-fe05-4f86-83b3-52de70479b56.zip" date="2025-08-30T21:48:38.860" /><!-- duration: 52ms -->
    </step><!-- duration: 4087ms -->
    <step title="Attempting to fetch target branch HEAD" date="2025-08-30T21:48:42.968" /><!-- duration: 10ms -->
    <step title="Acquiring Deployment Lock" date="2025-08-30T21:48:43.034" /><!-- duration: 10ms -->
    <step title="Acquired Deployment Lock" date="2025-08-30T21:48:43.134" /><!-- duration: 27ms -->
    <step title="Performing fetch based deployment" date="2025-08-30T21:48:43.229" >
      <step title="Creating temporary deployment" date="2025-08-30T21:48:43.307" /><!-- duration: 3636ms -->
      <step title="Releasing Deployment Lock" date="2025-08-30T21:48:48.604" /><!-- duration: 40ms -->
      <step title="Cleaning up temp folders from previous zip deployments and extracting pushed zip file /tmp/zipdeploy/7ea46867-fe05-4f86-83b3-52de70479b56.zip (27.91 MB) to /tmp/zipdeploy/extracted" date="2025-08-30T21:48:48.801" >
        <step title="ChmodRecursive Process exited with total time taken in ms: 233" date="2025-08-30T21:48:52.140" /><!-- duration: 28ms -->
      </step><!-- duration: 3395ms -->
      <step title="None repository commit" date="2025-08-30T21:48:52.224" >
        <step title="Commit id: 48d6174a-f576-4edd-ab5f-0cc660efd41f" date="2025-08-30T21:48:52.235" Message="OneDeploy" AuthorName="N/A" AuthorEmail="N/A" /><!-- duration: 30ms -->
      </step><!-- duration: 71ms -->
      <step title="Deployment timer started" date="2025-08-30T21:48:54.375" >
        <step title="DeploymentManager.Deploy(id:48d6174a-f576-4edd-ab5f-0cc660efd41f)" date="2025-08-30T21:48:54.415" >
          <step title="Collecting changeset information" date="2025-08-30T21:48:54.483" /><!-- duration: 156ms -->
          <step title="Updating submodules" date="2025-08-30T21:48:54.655" /><!-- duration: 1266ms -->
          <step title="Determining deployment builder" date="2025-08-30T21:48:56.192" >
            <step title="Builder is OneDeployBuilder" date="2025-08-30T21:48:56.240" /><!-- duration: 8ms -->
          </step><!-- duration: 84ms -->
          <step title="PreDeployment: context.CleanOutputPath False" date="2025-08-30T21:48:56.383" >
            <step title="PreDeployment: context.OutputPath /home/site/wwwroot" date="2025-08-30T21:48:56.553" >
              <step title="Building" date="2025-08-30T21:48:56.759" >
                <step title="Executing external process" date="2025-08-30T21:48:57.618" type="process" path="starter.sh" arguments="/opt/Kudu/Scripts/parallel_rsync.sh /tmp/zipdeploy/extracted /home/site/wwwroot 8 /tmp/ False False  " /><!-- duration: 14810ms -->
                <step title="Modified file to trigger a restart of the app container." date="2025-08-30T21:49:14.301" /><!-- duration: 36ms -->
                <step title="Skip function trigger and logicapp sync because function is not enabled." date="2025-08-30T21:49:14.383" /><!-- duration: 10ms -->
                <step title="Purge deployment items" date="2025-08-30T21:49:17.656" >
                  <step title="Remove e4662f0b-, Success, received at 08/30/2025 20:10:01" date="2025-08-30T21:49:18.027" /><!-- duration: 11ms -->
                </step><!-- duration: 402ms -->
              </step><!-- duration: 21490ms -->
            </step><!-- duration: 21821ms -->
            <step title="Cleaning up temp files" date="2025-08-30T21:49:18.454" /><!-- duration: 49ms -->
            <step title="Cleaning up temp files" date="2025-08-30T21:49:18.532" /><!-- duration: 549ms -->
            <step title="Reloading status file with latest updates" date="2025-08-30T21:49:19.331" >
              <step title="WebHooksManager.PublishEventAsync: PostDeployment" date="2025-08-30T21:49:19.358" /><!-- duration: 198ms -->
            </step><!-- duration: 245ms -->
            <step title="Cleaning up temporary deployment - fetch deployment was successful" date="2025-08-30T21:49:19.641" /><!-- duration: 11ms -->
          </step><!-- duration: 23470ms -->
        </step><!-- duration: 25467ms -->
        <step title="Outgoing response" date="2025-08-30T21:49:20.087" type="response" statusCode="200" statusText="OK" /><!-- duration: 128ms -->
      </step><!-- duration: 25857ms -->
