<step title="BackgroundTrace" date="2025-08-29T14:24:31.143" instance="7788a4" url="/api/zipdeploy" method="POST" >
  <step title="Updating shutdown sentinel last write time" date="2025-08-29T14:24:31.174" SemaphoreCount="7" /><!-- duration: 0ms -->
  <step title="LockFile &apos;C:\home\site\locks\deployments.lock&apos; acquired" date="2025-08-29T14:24:31.174" /><!-- duration: 0ms -->
  <step title="Creating temporary deployment" date="2025-08-29T14:24:31.190" /><!-- duration: 49ms -->
  <step title="Performing fetch based deployment" date="2025-08-29T14:24:31.253" >
    <step title="Fetching changes." date="2025-08-29T14:24:31.379" /><!-- duration: 14ms -->
    <step title="Starting LocalZipHandler" date="2025-08-29T14:24:31.393" /><!-- duration: 0ms -->
    <step title="Starting ExtractTriggers" date="2025-08-29T14:24:31.424" /><!-- duration: 0ms -->
    <step title="Before sending BuildRequestReceived status to /api/updatedeploystatus" date="2025-08-29T14:24:31.441" /><!-- duration: 14ms -->
    <step title="DeploymentManager.Deploy(id:eea1644666714372a875879ebc8cf7f1)" date="2025-08-29T14:24:31.471" >
      <step title="Collecting changeset information" date="2025-08-29T14:24:31.471" /><!-- duration: 31ms -->
      <step title="Updating submodules" date="2025-08-29T14:24:31.503" >
        <step title="Updating submodules." date="2025-08-29T14:24:31.534" /><!-- duration: 0ms -->
      </step><!-- duration: 31ms -->
      <step title="Preparing deployment for commit id &apos;eea1644666&apos;." date="2025-08-29T14:24:31.596" /><!-- duration: 0ms -->
      <step title="Determining deployment builder" date="2025-08-29T14:24:31.628" >
        <step title="Builder is RunFromZipSiteBuilder" date="2025-08-29T14:24:31.628" /><!-- duration: 0ms -->
      </step><!-- duration: 16ms -->
      <step title="Copying SSH keys" date="2025-08-29T14:24:31.659" /><!-- duration: 16ms -->
      <step title="Building" date="2025-08-29T14:24:31.674" >
        <step title="Skipping build. Project type: Run-From-Zip" date="2025-08-29T14:24:31.768" /><!-- duration: 0ms -->
        <step title="Skipping post build. Project type: Run-From-Zip" date="2025-08-29T14:24:31.878" /><!-- duration: 0ms -->
        <step title="Triggering recycle (preview mode disabled)." date="2025-08-29T14:24:31.909" /><!-- duration: 19ms -->
        <step title="Ignoring FS watcher based recycle request as this is a classic Windows app." date="2025-08-29T14:24:31.928" /><!-- duration: 12ms -->
        <step title="Deployment successful. DEPLOYMENTINFO: deploymentPath = ZipDeploy. Run from package., deployer = ZipDeploy, os = windows, sku = Basic, siteName = 241runnersawareness-api, siteHostName = 241runnersawareness-api.azurewebsites.net, deploymentStatus = Success" date="2025-08-29T14:24:31.956" /><!-- duration: 16ms -->
        <step title="Purge deployment items" date="2025-08-29T14:24:32.222" >
          <step title="Remove 349a78eb6, Success, received at 8/27/2025 12:35:33 AM" date="2025-08-29T14:24:32.268" /><!-- duration: 0ms -->
        </step><!-- duration: 46ms -->
      </step><!-- duration: 609ms -->
    </step><!-- duration: 828ms -->
    <step title="Cleaning up temp files" date="2025-08-29T14:24:32.299" /><!-- duration: 0ms -->
    <step title="Updating C:\home\data\SitePackages\packagename.txt with deployment 20250829142429.zip" date="2025-08-29T14:24:32.315" /><!-- duration: 78ms -->
    <step title="Skip function trigger and logicapp sync because function is not enabled." date="2025-08-29T14:24:32.393" /><!-- duration: 31ms -->
  </step><!-- duration: 1203ms -->
  <step title="LockFile &apos;C:\home\site\locks\deployments.lock&apos; released" date="2025-08-29T14:24:32.456" /><!-- duration: 16ms -->
  <step title="Deleting shutdown sentinel file" date="2025-08-29T14:24:32.472" SemaphoreCount="8" /><!-- duration: 0ms -->
</step><!-- duration: 1329ms -->
