<step title="BackgroundTrace" date="2025-08-30T20:34:23.688" instance="840df5" url="/api/zipdeploy" method="POST" >
  <step title="Cleanup Xml Logs" date="2025-08-30T20:34:23.715" /><!-- duration: 42ms -->
  <step title="Creating temporary deployment - FetchDeploymentManager" date="2025-08-30T20:34:24.273" /><!-- duration: 11ms -->
  <step title="Creating temporary deployment" date="2025-08-30T20:34:24.315" /><!-- duration: 253ms -->
  <step title="Performing fetch based deployment" date="2025-08-30T20:34:25.166" >
    <step title="Cleaning up temp folders from previous zip deployments and extracting pushed zip file /tmp/zipdeploy/3a4a9094-f565-4b6d-82aa-f483de343baf.zip (27.91 MB) to /tmp/zipdeploy/extracted" date="2025-08-30T20:34:26.790" >
      <step title="ChmodRecursive Process exited with total time taken in ms: 394" date="2025-08-30T20:34:32.099" /><!-- duration: 81ms -->
    </step><!-- duration: 5425ms -->
    <step title="Deployment timer started" date="2025-08-30T20:34:34.370" >
      <step title="DeploymentManager.Deploy(id:3056ce64-7164-451b-b965-89759d66e954)" date="2025-08-30T20:34:34.485" >
        <step title="Collecting changeset information" date="2025-08-30T20:34:34.583" /><!-- duration: 224ms -->
        <step title="Updating submodules" date="2025-08-30T20:34:34.853" /><!-- duration: 1375ms -->
        <step title="Determining deployment builder" date="2025-08-30T20:34:36.513" >
          <step title="Builder is BasicBuilder" date="2025-08-30T20:34:36.601" /><!-- duration: 22ms -->
        </step><!-- duration: 166ms -->
        <step title="PreDeployment: context.CleanOutputPath False" date="2025-08-30T20:34:37.264" >
          <step title="PreDeployment: context.OutputPath /home/site/wwwroot" date="2025-08-30T20:34:37.415" >
            <step title="Building" date="2025-08-30T20:34:37.601" >
              <step title="Executing external process" date="2025-08-30T20:34:38.957" type="process" path="starter.sh" arguments="/opt/Kudu/Scripts/parallel_rsync.sh /tmp/zipdeploy/extracted /home/site/wwwroot 8 /tmp/ False True  " /><!-- duration: 8235ms -->
              <step title="Triggering recycle (preview mode disabled)." date="2025-08-30T20:34:47.537" /><!-- duration: 8ms -->
              <step title="Modified file to trigger a restart of the app container." date="2025-08-30T20:34:47.577" /><!-- duration: 5ms -->
              <step title="Skip function trigger and logicapp sync because function is not enabled." date="2025-08-30T20:34:47.592" /><!-- duration: 14ms -->
              <step title="Purge deployment items" date="2025-08-30T20:34:48.667" >
                <step title="Remove 831cfce5-, Success, received at 08/30/2025 18:11:31" date="2025-08-30T20:34:48.749" /><!-- duration: 5ms -->
              </step><!-- duration: 93ms -->
            </step><!-- duration: 11228ms -->
          </step><!-- duration: 11433ms -->
          <step title="Cleaning up temp files" date="2025-08-30T20:34:48.852" /><!-- duration: 5ms -->
          <step title="Cleaning up temp files" date="2025-08-30T20:34:48.865" /><!-- duration: 518ms -->
          <step title="Reloading status file with latest updates" date="2025-08-30T20:34:49.410" >
            <step title="WebHooksManager.PublishEventAsync: PostDeployment" date="2025-08-30T20:34:49.416" /><!-- duration: 46ms -->
          </step><!-- duration: 57ms -->
          <step title="Cleaning up temporary deployment - fetch deployment was successful" date="2025-08-30T20:34:49.476" /><!-- duration: 7ms -->
        </step><!-- duration: 12286ms -->
      </step><!-- duration: 15087ms -->
