<step title="Incoming Request" date="2025-08-30T19:18:58.696" instance="840df5" url="/api/publish?type=zip" method="POST" type="request" pid="820,1,88" Accept="*/*" Host="241runners-api.scm.azurewebsites.net" User-Agent="AZURECLI/2.76.0 (HOMEBREW)" Accept-Encoding="gzip, deflate" Authorization="Bea..." Cache-Control="no-cache" Content-Type="application/octet-stream" Cookie="ARRAffinity=840df5b8900aab23ebfa62117dca9593cf0c36cdffca87bdecae018bcb3dc3cc; ARRAffinitySameSite=840df5b8900aab23ebfa62117dca9593cf0c36cdffca87bdecae018bcb3dc3cc" Content-Length="14584697" x-ms-client-request-id="239d960a-85d6-11f0-be31-5aba6e9e812a" x-ms-artifact-checksum="cbbbd4eedc204a8295a52cf8104b2b8ced7780c853fd47d93a3dcc45982c2245" X-ARR-LOG-ID="239d960a-85d6-11f0-be31-5aba6e9e812a" CLIENT-IP="97.75.150.66:38471" X-SITE-DEPLOYMENT-ID="241runners-api" WAS-DEFAULT-HOSTNAME="241runners-api.scm.azurewebsites.net" X-Forwarded-Proto="https" X-AppService-Proto="https" X-Forwarded-TlsVersion="1.3" X-WAWS-Unencoded-URL="/api/publish?type=zip" X-Client-IP="97.75.150.66" X-Client-Port="38471" >
  <step title="Cleanup Xml Logs" date="2025-08-30T19:18:58.717" /><!-- duration: 94ms -->
  <step title="OneDeploy" date="2025-08-30T19:18:59.199" >
    <step title="Starting PushDeployAsync" date="2025-08-30T19:18:59.303" /><!-- duration: 11ms -->
    <step title="Writing artifact to /tmp/zipdeploy/c8f160b8-7e1d-49a2-8145-161e7c5d9c35.zip" date="2025-08-30T19:18:59.382" >
      <step title="Writing multipart request body to /tmp/zipdeploy/c8f160b8-7e1d-49a2-8145-161e7c5d9c35.zip" date="2025-08-30T19:18:59.456" /><!-- duration: 28ms -->
    </step><!-- duration: 2053ms -->
    <step title="Attempting to fetch target branch HEAD" date="2025-08-30T19:19:01.510" /><!-- duration: 30ms -->
    <step title="Acquiring Deployment Lock" date="2025-08-30T19:19:01.599" /><!-- duration: 29ms -->
    <step title="Acquired Deployment Lock" date="2025-08-30T19:19:01.809" /><!-- duration: 23ms -->
    <step title="Performing fetch based deployment" date="2025-08-30T19:19:01.889" >
      <step title="Creating temporary deployment" date="2025-08-30T19:19:02.302" /><!-- duration: 1257ms -->
      <step title="Releasing Deployment Lock" date="2025-08-30T19:19:06.543" /><!-- duration: 85ms -->
      <step title="Cleaning up temp folders from previous zip deployments and extracting pushed zip file /tmp/zipdeploy/c8f160b8-7e1d-49a2-8145-161e7c5d9c35.zip (13.91 MB) to /tmp/zipdeploy/extracted" date="2025-08-30T19:19:06.838" >
        <step title="ChmodRecursive Process exited with total time taken in ms: 464" date="2025-08-30T19:19:13.700" /><!-- duration: 67ms -->
      </step><!-- duration: 6960ms -->
      <step title="None repository commit" date="2025-08-30T19:19:13.844" >
        <step title="Commit id: 02f43218-2543-4c8e-8bd9-9a9ac3e2f247" date="2025-08-30T19:19:13.856" Message="OneDeploy" AuthorName="N/A" AuthorEmail="N/A" /><!-- duration: 28ms -->
      </step><!-- duration: 50ms -->
      <step title="Deployment timer started" date="2025-08-30T19:19:15.959" >
        <step title="DeploymentManager.Deploy(id:02f43218-2543-4c8e-8bd9-9a9ac3e2f247)" date="2025-08-30T19:19:15.978" >
          <step title="Collecting changeset information" date="2025-08-30T19:19:16.056" /><!-- duration: 320ms -->
          <step title="Updating submodules" date="2025-08-30T19:19:16.428" /><!-- duration: 6871ms -->
          <step title="Determining deployment builder" date="2025-08-30T19:19:24.111" >
            <step title="Builder is OneDeployBuilder" date="2025-08-30T19:19:24.208" /><!-- duration: 21ms -->
          </step><!-- duration: 136ms -->
          <step title="PreDeployment: context.CleanOutputPath False" date="2025-08-30T19:19:24.404" >
            <step title="PreDeployment: context.OutputPath /home/site/wwwroot" date="2025-08-30T19:19:24.622" >
              <step title="Building" date="2025-08-30T19:19:24.856" >
                <step title="Executing external process" date="2025-08-30T19:19:25.973" type="process" path="starter.sh" arguments="/opt/Kudu/Scripts/parallel_rsync.sh /tmp/zipdeploy/extracted /home/site/wwwroot 8 /tmp/ False False  " /><!-- duration: 12468ms -->
                <step title="Modified file to trigger a restart of the app container." date="2025-08-30T19:19:39.362" /><!-- duration: 13ms -->
                <step title="Skip function trigger and logicapp sync because function is not enabled." date="2025-08-30T19:19:39.421" /><!-- duration: 9ms -->
              </step><!-- duration: 16267ms -->
            </step><!-- duration: 16600ms -->
            <step title="Cleaning up temp files" date="2025-08-30T19:19:41.249" /><!-- duration: 21ms -->
            <step title="Cleaning up temp files" date="2025-08-30T19:19:41.298" /><!-- duration: 590ms -->
            <step title="Reloading status file with latest updates" date="2025-08-30T19:19:42.036" >
              <step title="WebHooksManager.PublishEventAsync: PostDeployment" date="2025-08-30T19:19:42.065" /><!-- duration: 163ms -->
            </step><!-- duration: 222ms -->
            <step title="Cleaning up temporary deployment - fetch deployment was successful" date="2025-08-30T19:19:42.278" /><!-- duration: 20ms -->
          </step><!-- duration: 18011ms -->
        </step><!-- duration: 26465ms -->
        <step title="Outgoing response" date="2025-08-30T19:19:42.482" type="response" statusCode="200" statusText="OK" /><!-- duration: 10ms -->
      </step><!-- duration: 26546ms -->
