<step title="Incoming Request" date="2025-08-30T21:58:41.132" instance="840df5" url="/api/publish?type=zip" method="POST" type="request" pid="823,1,25" Accept="*/*" Host="241runners-api.scm.azurewebsites.net" User-Agent="AZURECLI/2.76.0 (HOMEBREW)" Accept-Encoding="gzip, deflate" Authorization="Bea..." Cache-Control="no-cache" Content-Type="application/octet-stream" Cookie="ARRAffinity=840df5b8900aab23ebfa62117dca9593cf0c36cdffca87bdecae018bcb3dc3cc; ARRAffinitySameSite=840df5b8900aab23ebfa62117dca9593cf0c36cdffca87bdecae018bcb3dc3cc" Content-Length="29265390" x-ms-client-request-id="70057fc4-85ec-11f0-a705-5aba6e9e812a" x-ms-artifact-checksum="7ef107ee833b968805f65f2c1bda6c10289ca6b1f1180b6148c79537508404e4" X-ARR-LOG-ID="70057fc4-85ec-11f0-a705-5aba6e9e812a" CLIENT-IP="97.75.150.66:38470" X-SITE-DEPLOYMENT-ID="241runners-api" WAS-DEFAULT-HOSTNAME="241runners-api.scm.azurewebsites.net" X-Forwarded-Proto="https" X-AppService-Proto="https" X-Forwarded-TlsVersion="1.3" X-WAWS-Unencoded-URL="/api/publish?type=zip" X-Client-IP="97.75.150.66" X-Client-Port="38470" >
  <step title="Cleanup Xml Logs" date="2025-08-30T21:58:41.239" /><!-- duration: 69ms -->
  <step title="OneDeploy" date="2025-08-30T21:58:42.002" >
    <step title="Starting PushDeployAsync" date="2025-08-30T21:58:42.152" /><!-- duration: 25ms -->
    <step title="Writing artifact to /tmp/zipdeploy/4af151e3-934d-497b-b73e-6a2978dab5b8.zip" date="2025-08-30T21:58:42.277" >
      <step title="Writing multipart request body to /tmp/zipdeploy/4af151e3-934d-497b-b73e-6a2978dab5b8.zip" date="2025-08-30T21:58:42.529" /><!-- duration: 49ms -->
    </step><!-- duration: 3841ms -->
    <step title="Attempting to fetch target branch HEAD" date="2025-08-30T21:58:46.205" /><!-- duration: 20ms -->
    <step title="Acquiring Deployment Lock" date="2025-08-30T21:58:46.290" /><!-- duration: 21ms -->
    <step title="Acquired Deployment Lock" date="2025-08-30T21:58:46.425" /><!-- duration: 29ms -->
    <step title="Performing fetch based deployment" date="2025-08-30T21:58:46.486" >
      <step title="Creating temporary deployment" date="2025-08-30T21:58:46.524" /><!-- duration: 301ms -->
      <step title="Releasing Deployment Lock" date="2025-08-30T21:58:48.241" /><!-- duration: 9ms -->
      <step title="Cleaning up temp folders from previous zip deployments and extracting pushed zip file /tmp/zipdeploy/4af151e3-934d-497b-b73e-6a2978dab5b8.zip (27.91 MB) to /tmp/zipdeploy/extracted" date="2025-08-30T21:58:48.291" >
        <step title="ChmodRecursive Process exited with total time taken in ms: 346" date="2025-08-30T21:58:49.587" /><!-- duration: 10ms -->
      </step><!-- duration: 1315ms -->
      <step title="None repository commit" date="2025-08-30T21:58:49.627" >
        <step title="Commit id: 78b76403-c849-4e3a-a638-5da9293be0c7" date="2025-08-30T21:58:49.633" Message="OneDeploy" AuthorName="N/A" AuthorEmail="N/A" /><!-- duration: 5ms -->
      </step><!-- duration: 16ms -->
      <step title="Deployment timer started" date="2025-08-30T21:58:51.659" >
        <step title="DeploymentManager.Deploy(id:78b76403-c849-4e3a-a638-5da9293be0c7)" date="2025-08-30T21:58:51.776" >
          <step title="Collecting changeset information" date="2025-08-30T21:58:51.815" /><!-- duration: 143ms -->
          <step title="Updating submodules" date="2025-08-30T21:58:51.971" /><!-- duration: 1220ms -->
          <step title="Determining deployment builder" date="2025-08-30T21:58:53.796" >
            <step title="Builder is OneDeployBuilder" date="2025-08-30T21:58:53.874" /><!-- duration: 41ms -->
          </step><!-- duration: 186ms -->
          <step title="PreDeployment: context.CleanOutputPath False" date="2025-08-30T21:58:54.230" >
            <step title="PreDeployment: context.OutputPath /home/site/wwwroot" date="2025-08-30T21:58:54.600" >
              <step title="Building" date="2025-08-30T21:58:54.960" >
                <step title="Executing external process" date="2025-08-30T21:58:56.528" type="process" path="starter.sh" arguments="/opt/Kudu/Scripts/parallel_rsync.sh /tmp/zipdeploy/extracted /home/site/wwwroot 8 /tmp/ False False  " /><!-- duration: 20092ms -->
                <step title="Modified file to trigger a restart of the app container." date="2025-08-30T21:59:17.758" /><!-- duration: 19ms -->
                <step title="Skip function trigger and logicapp sync because function is not enabled." date="2025-08-30T21:59:17.842" /><!-- duration: 31ms -->
                <step title="Purge deployment items" date="2025-08-30T21:59:19.982" >
                  <step title="Remove 1f98b0f4-, Success, received at 08/30/2025 20:12:39" date="2025-08-30T21:59:20.196" /><!-- duration: 20ms -->
                </step><!-- duration: 244ms -->
              </step><!-- duration: 25409ms -->
            </step><!-- duration: 25958ms -->
            <step title="Cleaning up temp files" date="2025-08-30T21:59:20.566" /><!-- duration: 15ms -->
            <step title="Cleaning up temp files" date="2025-08-30T21:59:20.605" /><!-- duration: 564ms -->
            <step title="Reloading status file with latest updates" date="2025-08-30T21:59:21.335" >
              <step title="WebHooksManager.PublishEventAsync: PostDeployment" date="2025-08-30T21:59:21.346" /><!-- duration: 252ms -->
            </step><!-- duration: 275ms -->
            <step title="Cleaning up temporary deployment - fetch deployment was successful" date="2025-08-30T21:59:21.649" /><!-- duration: 29ms -->
          </step><!-- duration: 27517ms -->
        </step><!-- duration: 30054ms -->
        <step title="Outgoing response" date="2025-08-30T21:59:21.861" type="response" statusCode="200" statusText="OK" /><!-- duration: 11ms -->
      </step><!-- duration: 30221ms -->
