<step title="BackgroundTrace" date="2025-08-28T20:56:23.326" instance="7788a4" url="/api/publish" method="POST" >
  <step title="Updating shutdown sentinel last write time" date="2025-08-28T20:56:23.359" SemaphoreCount="7" /><!-- duration: 14ms -->
  <step title="LockFile &apos;C:\home\site\locks\deployments.lock&apos; acquired" date="2025-08-28T20:56:23.373" /><!-- duration: 0ms -->
  <step title="Creating temporary deployment" date="2025-08-28T20:56:23.389" /><!-- duration: 47ms -->
  <step title="Performing fetch based deployment" date="2025-08-28T20:56:23.451" >
    <step title="Fetching changes." date="2025-08-28T20:56:23.611" /><!-- duration: 50ms -->
    <step title="Starting LocalZipHandler" date="2025-08-28T20:56:23.733" /><!-- duration: 31ms -->
    <step title="Starting ExtractTriggers" date="2025-08-28T20:56:23.782" /><!-- duration: 20ms -->
    <step title="Before sending BuildRequestReceived status to /api/updatedeploystatus" date="2025-08-28T20:56:23.861" /><!-- duration: 0ms -->
    <step title="DeploymentManager.Deploy(id:c34892c6b0ac4148bd3f2e3a97ba34f3)" date="2025-08-28T20:56:23.891" >
      <step title="Collecting changeset information" date="2025-08-28T20:56:23.905" /><!-- duration: 67ms -->
      <step title="Updating submodules" date="2025-08-28T20:56:23.972" >
        <step title="Updating submodules." date="2025-08-28T20:56:24.014" /><!-- duration: 0ms -->
      </step><!-- duration: 42ms -->
      <step title="Preparing deployment for commit id &apos;c34892c6b0&apos;." date="2025-08-28T20:56:24.061" /><!-- duration: 16ms -->
      <step title="Determining deployment builder" date="2025-08-28T20:56:24.123" >
        <step title="Builder is RunFromZipSiteBuilder" date="2025-08-28T20:56:24.123" /><!-- duration: 0ms -->
      </step><!-- duration: 16ms -->
      <step title="Copying SSH keys" date="2025-08-28T20:56:24.155" /><!-- duration: 20ms -->
      <step title="Building" date="2025-08-28T20:56:24.186" >
        <step title="Skipping build. Project type: Run-From-Zip" date="2025-08-28T20:56:24.235" /><!-- duration: 0ms -->
        <step title="Skipping post build. Project type: Run-From-Zip" date="2025-08-28T20:56:24.342" /><!-- duration: 16ms -->
        <step title="Requesting site restart" date="2025-08-28T20:56:24.389" /><!-- duration: 16ms -->
        <step title="Requesting site restart" date="2025-08-28T20:56:24.405" /><!-- duration: 0ms -->
        <step title="Requesting site restart. Attempt #1" date="2025-08-28T20:56:24.451" /><!-- duration: 16ms -->
        <step title="Requesting site restart. Attempt #1" date="2025-08-28T20:56:24.467" /><!-- duration: 31ms -->
        <step title="Successfully requested a restart. Attempt #1" date="2025-08-28T20:56:24.936" /><!-- duration: 0ms -->
        <step title="Successfully requested a restart. Attempt #1" date="2025-08-28T20:56:24.951" /><!-- duration: 0ms -->
        <step title="Deployment successful. DEPLOYMENTINFO: deploymentPath = OneDeploy, deployer = OneDeploy, os = windows, sku = Basic, siteName = 241runnersawareness-api, siteHostName = 241runnersawareness-api.azurewebsites.net, deploymentStatus = Success" date="2025-08-28T20:56:24.983" /><!-- duration: 0ms -->
        <step title="Purge deployment items" date="2025-08-28T20:56:25.123" >
          <step title="Remove 0a98cd02f, Success, received at 8/27/2025 12:22:15 AM" date="2025-08-28T20:56:25.170" /><!-- duration: 0ms -->
        </step><!-- duration: 47ms -->
      </step><!-- duration: 1000ms -->
    </step><!-- duration: 1294ms -->
    <step title="Cleaning up temp files" date="2025-08-28T20:56:25.201" /><!-- duration: 0ms -->
    <step title="Updating C:\home\data\SitePackages\packagename.txt with deployment 20250828205620.zip" date="2025-08-28T20:56:25.201" /><!-- duration: 63ms -->
    <step title="Skip function trigger and logicapp sync because function is not enabled." date="2025-08-28T20:56:25.280" /><!-- duration: 0ms -->
  </step><!-- duration: 1859ms -->
  <step title="LockFile &apos;C:\home\site\locks\deployments.lock&apos; released" date="2025-08-28T20:56:25.311" /><!-- duration: 0ms -->
  <step title="Deleting shutdown sentinel file" date="2025-08-28T20:56:25.342" SemaphoreCount="8" /><!-- duration: 0ms -->
</step><!-- duration: 2031ms -->
