<step title="Incoming Request" date="2025-08-30T21:42:31.090" instance="840df5" url="/api/publish?type=zip" method="POST" type="request" pid="823,1,22" Accept="*/*" Host="241runners-api.scm.azurewebsites.net" User-Agent="AZURECLI/2.76.0 (HOMEBREW)" Accept-Encoding="gzip, deflate" Authorization="Bea..." Cache-Control="no-cache" Content-Type="application/octet-stream" Cookie="ARRAffinity=840df5b8900aab23ebfa62117dca9593cf0c36cdffca87bdecae018bcb3dc3cc; ARRAffinitySameSite=840df5b8900aab23ebfa62117dca9593cf0c36cdffca87bdecae018bcb3dc3cc" Content-Length="29264257" x-ms-client-request-id="35e37744-85ea-11f0-a2be-5aba6e9e812a" x-ms-artifact-checksum="909863e5714a871575652628d267696d2e5703247ed20cd9df1010c7ea5562dc" X-ARR-LOG-ID="35e37744-85ea-11f0-a2be-5aba6e9e812a" CLIENT-IP="97.75.150.66:38637" X-SITE-DEPLOYMENT-ID="241runners-api" WAS-DEFAULT-HOSTNAME="241runners-api.scm.azurewebsites.net" X-Forwarded-Proto="https" X-AppService-Proto="https" X-Forwarded-TlsVersion="1.3" X-WAWS-Unencoded-URL="/api/publish?type=zip" X-Client-IP="97.75.150.66" X-Client-Port="38637" >
  <step title="OneDeploy" date="2025-08-30T21:42:31.558" >
    <step title="Starting PushDeployAsync" date="2025-08-30T21:42:31.634" /><!-- duration: 18ms -->
    <step title="Writing artifact to /tmp/zipdeploy/5ecf9b3a-176f-4c9c-bb85-6ee617f21c47.zip" date="2025-08-30T21:42:31.703" >
      <step title="Writing multipart request body to /tmp/zipdeploy/5ecf9b3a-176f-4c9c-bb85-6ee617f21c47.zip" date="2025-08-30T21:42:31.794" /><!-- duration: 37ms -->
    </step><!-- duration: 2610ms -->
    <step title="Attempting to fetch target branch HEAD" date="2025-08-30T21:42:34.387" /><!-- duration: 9ms -->
    <step title="Acquiring Deployment Lock" date="2025-08-30T21:42:34.408" /><!-- duration: 26ms -->
    <step title="Acquired Deployment Lock" date="2025-08-30T21:42:34.513" /><!-- duration: 18ms -->
    <step title="Performing fetch based deployment" date="2025-08-30T21:42:34.560" >
      <step title="Creating temporary deployment" date="2025-08-30T21:42:34.577" /><!-- duration: 179ms -->
      <step title="Releasing Deployment Lock" date="2025-08-30T21:42:36.159" /><!-- duration: 49ms -->
      <step title="Cleaning up temp folders from previous zip deployments and extracting pushed zip file /tmp/zipdeploy/5ecf9b3a-176f-4c9c-bb85-6ee617f21c47.zip (27.91 MB) to /tmp/zipdeploy/extracted" date="2025-08-30T21:42:36.312" >
        <step title="ChmodRecursive Process exited with total time taken in ms: 107" date="2025-08-30T21:42:39.089" /><!-- duration: 19ms -->
      </step><!-- duration: 2825ms -->
      <step title="None repository commit" date="2025-08-30T21:42:39.159" >
        <step title="Commit id: 238465ea-fa67-438f-9e44-fd59a45332a9" date="2025-08-30T21:42:39.179" Message="OneDeploy" AuthorName="N/A" AuthorEmail="N/A" /><!-- duration: 10ms -->
      </step><!-- duration: 47ms -->
      <step title="Deployment timer started" date="2025-08-30T21:42:41.266" >
        <step title="DeploymentManager.Deploy(id:238465ea-fa67-438f-9e44-fd59a45332a9)" date="2025-08-30T21:42:41.297" >
          <step title="Collecting changeset information" date="2025-08-30T21:42:41.348" /><!-- duration: 192ms -->
          <step title="Updating submodules" date="2025-08-30T21:42:41.549" /><!-- duration: 1115ms -->
          <step title="Determining deployment builder" date="2025-08-30T21:42:42.893" >
            <step title="Builder is OneDeployBuilder" date="2025-08-30T21:42:42.923" /><!-- duration: 6ms -->
          </step><!-- duration: 42ms -->
          <step title="PreDeployment: context.CleanOutputPath False" date="2025-08-30T21:42:42.997" >
            <step title="PreDeployment: context.OutputPath /home/site/wwwroot" date="2025-08-30T21:42:43.117" >
              <step title="Building" date="2025-08-30T21:42:43.308" >
                <step title="Executing external process" date="2025-08-30T21:42:43.922" type="process" path="starter.sh" arguments="/opt/Kudu/Scripts/parallel_rsync.sh /tmp/zipdeploy/extracted /home/site/wwwroot 8 /tmp/ False False  " /><!-- duration: 7170ms -->
                <step title="Modified file to trigger a restart of the app container." date="2025-08-30T21:42:52.474" /><!-- duration: 29ms -->
                <step title="Skip function trigger and logicapp sync because function is not enabled." date="2025-08-30T21:42:52.522" /><!-- duration: 23ms -->
                <step title="Purge deployment items" date="2025-08-30T21:42:55.333" >
                  <step title="Remove 29283a9e-, Success, received at 08/30/2025 19:48:29" date="2025-08-30T21:42:55.553" /><!-- duration: 20ms -->
                </step><!-- duration: 252ms -->
              </step><!-- duration: 12488ms -->
            </step><!-- duration: 12756ms -->
            <step title="Cleaning up temp files" date="2025-08-30T21:42:55.895" /><!-- duration: 39ms -->
            <step title="Cleaning up temp files" date="2025-08-30T21:42:55.972" /><!-- duration: 569ms -->
            <step title="Reloading status file with latest updates" date="2025-08-30T21:42:56.676" >
              <step title="WebHooksManager.PublishEventAsync: PostDeployment" date="2025-08-30T21:42:56.716" /><!-- duration: 152ms -->
            </step><!-- duration: 209ms -->
            <step title="Cleaning up temporary deployment - fetch deployment was successful" date="2025-08-30T21:42:56.914" /><!-- duration: 12ms -->
          </step><!-- duration: 14155ms -->
        </step><!-- duration: 15884ms -->
        <step title="Outgoing response" date="2025-08-30T21:42:57.237" type="response" statusCode="200" statusText="OK" /><!-- duration: 38ms -->
      </step><!-- duration: 16048ms -->
