<step title="Incoming Request" date="2025-08-29T15:36:04.540" instance="7788a4" url="/api/publish?type=zip" method="POST" type="request" pid="2544,2,8" Cache-Control="no-cache" Content-Length="7226120" Content-Type="application/octet-stream" Accept="*/*" Accept-Encoding="gzip, deflate" Authorization="Bea..." Host="241runnersawareness-api.scm.azurewebsites.net" User-Agent="AZURECLI/2.76.0 (HOMEBREW)" x-ms-client-request-id="dad011ac-84ed-11f0-bb18-5aba6e9e812a" X-ARR-LOG-ID="dad011ac-84ed-11f0-bb18-5aba6e9e812a" CLIENT-IP="97.75.150.66:38435" X-SITE-DEPLOYMENT-ID="241runnersawareness-api" WAS-DEFAULT-HOSTNAME="241runnersawareness-api.scm.azurewebsites.net" X-Forwarded-Proto="https" X-AppService-Proto="https" X-Forwarded-TlsVersion="1.3" X-WAWS-Unencoded-URL="/api/publish?type=zip" >
  <step title="OneDeploy" date="2025-08-29T15:36:05.200" >
    <step title="Starting PushDeployAsync" date="2025-08-29T15:36:05.291" /><!-- duration: 0ms -->
    <step title="Updating shutdown sentinel last write time" date="2025-08-29T15:36:05.462" SemaphoreCount="7" /><!-- duration: 0ms -->
    <step title="LockFile &apos;C:\home\site\locks\deployments.lock&apos; acquired" date="2025-08-29T15:36:05.480" /><!-- duration: 0ms -->
    <step title="Deleting outdated zip file C:\home\data\SitePackages\20250829152642.zip" date="2025-08-29T15:36:05.509" /><!-- duration: 0ms -->
    <step title="Saving request content to C:\home\data\SitePackages\20250829153605.zip" date="2025-08-29T15:36:05.509" >
      <step title="Total 7,226,120 bytes written to C:\home\data\SitePackages\20250829153605.zip" date="2025-08-29T15:36:05.712" /><!-- duration: 0ms -->
    </step><!-- duration: 297ms -->
    <step title="LockFile &apos;C:\home\site\locks\deployments.lock&apos; released" date="2025-08-29T15:36:05.823" /><!-- duration: 0ms -->
    <step title="Deleting shutdown sentinel file" date="2025-08-29T15:36:05.837" SemaphoreCount="8" /><!-- duration: 0ms -->
    <step title="Starting FetchDeploy" date="2025-08-29T15:36:05.837" /><!-- duration: 16ms -->
    <step title="Attempting to fetch target branch HEAD" date="2025-08-29T15:36:05.853" /><!-- duration: 0ms -->
    <step title="Updating shutdown sentinel last write time" date="2025-08-29T15:36:05.869" SemaphoreCount="7" /><!-- duration: 16ms -->
    <step title="LockFile &apos;C:\home\site\locks\deployments.lock&apos; acquired" date="2025-08-29T15:36:05.884" /><!-- duration: 0ms -->
    <step title="Performing fetch based deployment" date="2025-08-29T15:36:05.900" >
      <step title="Creating temporary deployment" date="2025-08-29T15:36:05.900" /><!-- duration: 109ms -->
      <step title="Fetching changes." date="2025-08-29T15:36:06.165" /><!-- duration: 0ms -->
      <step title="Starting LocalZipHandler" date="2025-08-29T15:36:06.181" /><!-- duration: 0ms -->
      <step title="Starting ExtractTriggers" date="2025-08-29T15:36:06.197" /><!-- duration: 0ms -->
      <step title="None repository commit" date="2025-08-29T15:36:06.228" >
        <step title="Commit id: 499bab43690944519a826f75d1b2dda1" date="2025-08-29T15:36:06.228" Message="OneDeploy" AuthorName="N/A" AuthorEmail="N/A" /><!-- duration: 0ms -->
      </step><!-- duration: 0ms -->
      <step title="Before sending BuildRequestReceived status to /api/updatedeploystatus" date="2025-08-29T15:36:06.228" /><!-- duration: 16ms -->
      <step title="DeploymentManager.Deploy(id:499bab43690944519a826f75d1b2dda1)" date="2025-08-29T15:36:06.244" >
        <step title="Collecting changeset information" date="2025-08-29T15:36:06.259" /><!-- duration: 31ms -->
        <step title="Updating submodules" date="2025-08-29T15:36:06.290" >
          <step title="Updating submodules." date="2025-08-29T15:36:06.322" /><!-- duration: 0ms -->
        </step><!-- duration: 47ms -->
        <step title="Preparing deployment for commit id &apos;499bab4369&apos;." date="2025-08-29T15:36:06.384" /><!-- duration: 0ms -->
        <step title="Determining deployment builder" date="2025-08-29T15:36:06.415" >
          <step title="Builder is RunFromZipSiteBuilder" date="2025-08-29T15:36:06.431" /><!-- duration: 16ms -->
        </step><!-- duration: 31ms -->
        <step title="Copying SSH keys" date="2025-08-29T15:36:06.462" /><!-- duration: 16ms -->
        <step title="Building" date="2025-08-29T15:36:06.478" >
          <step title="Skipping build. Project type: Run-From-Zip" date="2025-08-29T15:36:06.525" /><!-- duration: 0ms -->
          <step title="Skipping post build. Project type: Run-From-Zip" date="2025-08-29T15:36:06.587" /><!-- duration: 0ms -->
          <step title="Requesting site restart" date="2025-08-29T15:36:06.650" /><!-- duration: 0ms -->
          <step title="Requesting site restart" date="2025-08-29T15:36:06.665" /><!-- duration: 0ms -->
          <step title="Requesting site restart. Attempt #1" date="2025-08-29T15:36:06.728" /><!-- duration: 0ms -->
          <step title="Requesting site restart. Attempt #1" date="2025-08-29T15:36:06.728" /><!-- duration: 0ms -->
          <step title="Successfully requested a restart. Attempt #1" date="2025-08-29T15:36:07.119" /><!-- duration: 0ms -->
          <step title="Successfully requested a restart. Attempt #1" date="2025-08-29T15:36:07.119" /><!-- duration: 16ms -->
          <step title="Deployment successful. DEPLOYMENTINFO: deploymentPath = OneDeploy, deployer = OneDeploy, os = windows, sku = Basic, siteName = 241runnersawareness-api, siteHostName = 241runnersawareness-api.azurewebsites.net, deploymentStatus = Success" date="2025-08-29T15:36:07.244" /><!-- duration: 16ms -->
          <step title="Purge deployment items" date="2025-08-29T15:36:07.572" >
            <step title="Remove e1b48cd2a, Success, received at 8/28/2025 10:43:52 PM" date="2025-08-29T15:36:07.619" /><!-- duration: 0ms -->
          </step><!-- duration: 63ms -->
        </step><!-- duration: 1156ms -->
      </step><!-- duration: 1406ms -->
      <step title="Cleaning up temp files" date="2025-08-29T15:36:07.650" /><!-- duration: 0ms -->
      <step title="Updating C:\home\data\SitePackages\packagename.txt with deployment 20250829153605.zip" date="2025-08-29T15:36:07.650" /><!-- duration: 63ms -->
      <step title="Skip function trigger and logicapp sync because function is not enabled." date="2025-08-29T15:36:07.728" /><!-- duration: 0ms -->
    </step><!-- duration: 1859ms -->
    <step title="LockFile &apos;C:\home\site\locks\deployments.lock&apos; released" date="2025-08-29T15:36:07.759" /><!-- duration: 16ms -->
    <step title="Deleting shutdown sentinel file" date="2025-08-29T15:36:07.775" SemaphoreCount="8" /><!-- duration: 18ms -->
  </step><!-- duration: 2592ms -->
  <step title="Outgoing response" date="2025-08-29T15:36:07.853" type="response" statusCode="200" statusText="OK" Server="Microsoft-IIS/10.0" x-ms-request-id="dad011ac-84ed-11f0-bb18-5aba6e9e812a" Cache-Control="private" X-AspNet-Version="4.0.30319" /><!-- duration: 0ms -->
</step><!-- duration: 3313ms -->
