<step title="Incoming Request" date="2025-08-30T22:12:04.923" instance="840df5" url="/api/publish?type=zip" method="POST" type="request" pid="823,1,23" Accept="*/*" Host="241runners-api.scm.azurewebsites.net" User-Agent="AZURECLI/2.76.0 (HOMEBREW)" Accept-Encoding="gzip, deflate" Authorization="Bea..." Cache-Control="no-cache" Content-Type="application/octet-stream" Cookie="ARRAffinity=840df5b8900aab23ebfa62117dca9593cf0c36cdffca87bdecae018bcb3dc3cc; ARRAffinitySameSite=840df5b8900aab23ebfa62117dca9593cf0c36cdffca87bdecae018bcb3dc3cc" Content-Length="29266648" x-ms-client-request-id="577deaa2-85ee-11f0-a1c5-5aba6e9e812a" x-ms-artifact-checksum="e3a9dad551f6c677ffdb7025db86e5556d8ea305c7a5508c3d76fd4e4e0ece09" X-ARR-LOG-ID="577deaa2-85ee-11f0-a1c5-5aba6e9e812a" CLIENT-IP="97.75.150.66:38653" X-SITE-DEPLOYMENT-ID="241runners-api" WAS-DEFAULT-HOSTNAME="241runners-api.scm.azurewebsites.net" X-Forwarded-Proto="https" X-AppService-Proto="https" X-Forwarded-TlsVersion="1.3" X-WAWS-Unencoded-URL="/api/publish?type=zip" X-Client-IP="97.75.150.66" X-Client-Port="38653" >
  <step title="OneDeploy" date="2025-08-30T22:12:04.941" >
    <step title="Starting PushDeployAsync" date="2025-08-30T22:12:05.018" /><!-- duration: 14ms -->
    <step title="Writing artifact to /tmp/zipdeploy/498b7157-9cca-4e8f-b300-a8ddf027f152.zip" date="2025-08-30T22:12:05.071" >
      <step title="Writing multipart request body to /tmp/zipdeploy/498b7157-9cca-4e8f-b300-a8ddf027f152.zip" date="2025-08-30T22:12:05.101" /><!-- duration: 18ms -->
    </step><!-- duration: 1481ms -->
    <step title="Attempting to fetch target branch HEAD" date="2025-08-30T22:12:06.574" /><!-- duration: 12ms -->
    <step title="Acquiring Deployment Lock" date="2025-08-30T22:12:06.597" /><!-- duration: 6ms -->
    <step title="Acquired Deployment Lock" date="2025-08-30T22:12:06.640" /><!-- duration: 5ms -->
    <step title="Performing fetch based deployment" date="2025-08-30T22:12:06.653" >
      <step title="Creating temporary deployment" date="2025-08-30T22:12:06.677" /><!-- duration: 74ms -->
      <step title="Releasing Deployment Lock" date="2025-08-30T22:12:07.931" /><!-- duration: 6ms -->
      <step title="Cleaning up temp folders from previous zip deployments and extracting pushed zip file /tmp/zipdeploy/498b7157-9cca-4e8f-b300-a8ddf027f152.zip (27.91 MB) to /tmp/zipdeploy/extracted" date="2025-08-30T22:12:07.975" >
        <step title="ChmodRecursive Process exited with total time taken in ms: 171" date="2025-08-30T22:12:09.494" /><!-- duration: 27ms -->
      </step><!-- duration: 1564ms -->
      <step title="None repository commit" date="2025-08-30T22:12:09.566" >
        <step title="Commit id: 9183210e-4694-446e-92f9-37afb11eee13" date="2025-08-30T22:12:09.580" Message="OneDeploy" AuthorName="N/A" AuthorEmail="N/A" /><!-- duration: 7ms -->
      </step><!-- duration: 37ms -->
      <step title="Deployment timer started" date="2025-08-30T22:12:11.624" >
        <step title="DeploymentManager.Deploy(id:9183210e-4694-446e-92f9-37afb11eee13)" date="2025-08-30T22:12:11.632" >
          <step title="Collecting changeset information" date="2025-08-30T22:12:11.666" /><!-- duration: 210ms -->
          <step title="Updating submodules" date="2025-08-30T22:12:11.906" /><!-- duration: 1304ms -->
          <step title="Determining deployment builder" date="2025-08-30T22:12:13.809" >
            <step title="Builder is OneDeployBuilder" date="2025-08-30T22:12:13.867" /><!-- duration: 10ms -->
          </step><!-- duration: 78ms -->
          <step title="PreDeployment: context.CleanOutputPath False" date="2025-08-30T22:12:14.014" >
            <step title="PreDeployment: context.OutputPath /home/site/wwwroot" date="2025-08-30T22:12:14.322" >
              <step title="Building" date="2025-08-30T22:12:14.597" >
                <step title="Executing external process" date="2025-08-30T22:12:15.829" type="process" path="starter.sh" arguments="/opt/Kudu/Scripts/parallel_rsync.sh /tmp/zipdeploy/extracted /home/site/wwwroot 8 /tmp/ False False  " /><!-- duration: 13534ms -->
                <step title="Modified file to trigger a restart of the app container." date="2025-08-30T22:12:31.262" /><!-- duration: 20ms -->
                <step title="Skip function trigger and logicapp sync because function is not enabled." date="2025-08-30T22:12:31.309" /><!-- duration: 21ms -->
                <step title="Purge deployment items" date="2025-08-30T22:12:33.293" >
                  <step title="Remove 47fec43c-, Success, received at 08/30/2025 20:58:24" date="2025-08-30T22:12:33.458" /><!-- duration: 18ms -->
                </step><!-- duration: 202ms -->
              </step><!-- duration: 19035ms -->
            </step><!-- duration: 19572ms -->
            <step title="Cleaning up temp files" date="2025-08-30T22:12:33.915" /><!-- duration: 45ms -->
            <step title="Cleaning up temp files" date="2025-08-30T22:12:33.971" /><!-- duration: 548ms -->
            <step title="Reloading status file with latest updates" date="2025-08-30T22:12:34.626" >
              <step title="WebHooksManager.PublishEventAsync: PostDeployment" date="2025-08-30T22:12:34.665" /><!-- duration: 203ms -->
            </step><!-- duration: 252ms -->
            <step title="Cleaning up temporary deployment - fetch deployment was successful" date="2025-08-30T22:12:34.909" /><!-- duration: 11ms -->
          </step><!-- duration: 21060ms -->
        </step><!-- duration: 23471ms -->
        <step title="Outgoing response" date="2025-08-30T22:12:35.131" type="response" statusCode="200" statusText="OK" /><!-- duration: 19ms -->
      </step><!-- duration: 23544ms -->
