<step title="Incoming Request" date="2025-08-30T20:09:54.497" instance="840df5" url="/api/publish?type=zip" method="POST" type="request" pid="820,1,84" Accept="*/*" Host="241runners-api.scm.azurewebsites.net" User-Agent="AZURECLI/2.76.0 (HOMEBREW)" Accept-Encoding="gzip, deflate" Authorization="Bea..." Cache-Control="no-cache" Content-Type="application/octet-stream" Cookie="ARRAffinity=840df5b8900aab23ebfa62117dca9593cf0c36cdffca87bdecae018bcb3dc3cc; ARRAffinitySameSite=840df5b8900aab23ebfa62117dca9593cf0c36cdffca87bdecae018bcb3dc3cc" Content-Length="14644356" x-ms-client-request-id="44885858-85dd-11f0-89fc-5aba6e9e812a" x-ms-artifact-checksum="fdd387a61338b915284405e276c7078652d3dd075e11e72982e7033fb6ffd87e" X-ARR-LOG-ID="44885858-85dd-11f0-89fc-5aba6e9e812a" CLIENT-IP="97.75.150.66:38401" X-SITE-DEPLOYMENT-ID="241runners-api" WAS-DEFAULT-HOSTNAME="241runners-api.scm.azurewebsites.net" X-Forwarded-Proto="https" X-AppService-Proto="https" X-Forwarded-TlsVersion="1.3" X-WAWS-Unencoded-URL="/api/publish?type=zip" X-Client-IP="97.75.150.66" X-Client-Port="38401" >
  <step title="OneDeploy" date="2025-08-30T20:09:54.543" >
    <step title="Starting PushDeployAsync" date="2025-08-30T20:09:54.564" /><!-- duration: 4ms -->
    <step title="Writing artifact to /tmp/zipdeploy/72a2f55b-c217-4193-a9d8-8a76efb77af4.zip" date="2025-08-30T20:09:54.604" >
      <step title="Writing multipart request body to /tmp/zipdeploy/72a2f55b-c217-4193-a9d8-8a76efb77af4.zip" date="2025-08-30T20:09:54.615" /><!-- duration: 21ms -->
    </step><!-- duration: 793ms -->
    <step title="Attempting to fetch target branch HEAD" date="2025-08-30T20:09:55.456" /><!-- duration: 5ms -->
    <step title="Acquiring Deployment Lock" date="2025-08-30T20:09:55.493" /><!-- duration: 18ms -->
    <step title="Acquired Deployment Lock" date="2025-08-30T20:09:55.773" /><!-- duration: 8ms -->
    <step title="Performing fetch based deployment" date="2025-08-30T20:09:55.804" >
      <step title="Creating temporary deployment" date="2025-08-30T20:09:55.832" /><!-- duration: 195ms -->
      <step title="Releasing Deployment Lock" date="2025-08-30T20:09:57.602" /><!-- duration: 8ms -->
      <step title="Cleaning up temp folders from previous zip deployments and extracting pushed zip file /tmp/zipdeploy/72a2f55b-c217-4193-a9d8-8a76efb77af4.zip (13.97 MB) to /tmp/zipdeploy/extracted" date="2025-08-30T20:09:57.987" >
        <step title="ChmodRecursive Process exited with total time taken in ms: 204" date="2025-08-30T20:09:59.224" /><!-- duration: 8ms -->
      </step><!-- duration: 1251ms -->
      <step title="None repository commit" date="2025-08-30T20:09:59.255" >
        <step title="Commit id: e4662f0b-6d08-4180-9344-de81fb2e82e3" date="2025-08-30T20:09:59.261" Message="OneDeploy" AuthorName="N/A" AuthorEmail="N/A" /><!-- duration: 5ms -->
      </step><!-- duration: 14ms -->
      <step title="Deployment timer started" date="2025-08-30T20:10:01.311" >
        <step title="DeploymentManager.Deploy(id:e4662f0b-6d08-4180-9344-de81fb2e82e3)" date="2025-08-30T20:10:01.373" >
          <step title="Collecting changeset information" date="2025-08-30T20:10:01.504" /><!-- duration: 517ms -->
          <step title="Updating submodules" date="2025-08-30T20:10:02.105" /><!-- duration: 1673ms -->
          <step title="Determining deployment builder" date="2025-08-30T20:10:04.415" >
            <step title="Builder is OneDeployBuilder" date="2025-08-30T20:10:04.493" /><!-- duration: 20ms -->
          </step><!-- duration: 166ms -->
          <step title="PreDeployment: context.CleanOutputPath False" date="2025-08-30T20:10:04.858" >
            <step title="PreDeployment: context.OutputPath /home/site/wwwroot" date="2025-08-30T20:10:05.278" >
              <step title="Building" date="2025-08-30T20:10:05.740" >
                <step title="Executing external process" date="2025-08-30T20:10:07.485" type="process" path="starter.sh" arguments="/opt/Kudu/Scripts/parallel_rsync.sh /tmp/zipdeploy/extracted /home/site/wwwroot 8 /tmp/ False False  " /><!-- duration: 8398ms -->
                <step title="Modified file to trigger a restart of the app container." date="2025-08-30T20:10:16.395" /><!-- duration: 21ms -->
                <step title="Skip function trigger and logicapp sync because function is not enabled." date="2025-08-30T20:10:16.434" /><!-- duration: 14ms -->
              </step><!-- duration: 11935ms -->
            </step><!-- duration: 12420ms -->
            <step title="Cleaning up temp files" date="2025-08-30T20:10:17.703" /><!-- duration: 12ms -->
            <step title="Cleaning up temp files" date="2025-08-30T20:10:17.726" /><!-- duration: 627ms -->
            <step title="Reloading status file with latest updates" date="2025-08-30T20:10:18.397" >
              <step title="WebHooksManager.PublishEventAsync: PostDeployment" date="2025-08-30T20:10:18.412" /><!-- duration: 82ms -->
            </step><!-- duration: 103ms -->
            <step title="Cleaning up temporary deployment - fetch deployment was successful" date="2025-08-30T20:10:18.508" /><!-- duration: 4ms -->
          </step><!-- duration: 13733ms -->
        </step><!-- duration: 17224ms -->
        <step title="Outgoing response" date="2025-08-30T20:10:18.613" type="response" statusCode="200" statusText="OK" /><!-- duration: 5ms -->
      </step><!-- duration: 17312ms -->
