<step title="Incoming Request" date="2025-08-30T22:02:12.728" instance="840df5" url="/api/publish?type=zip" method="POST" type="request" pid="823,1,25" Accept="*/*" Host="241runners-api.scm.azurewebsites.net" User-Agent="AZURECLI/2.76.0 (HOMEBREW)" Accept-Encoding="gzip, deflate" Authorization="Bea..." Cache-Control="no-cache" Content-Type="application/octet-stream" Cookie="ARRAffinity=840df5b8900aab23ebfa62117dca9593cf0c36cdffca87bdecae018bcb3dc3cc; ARRAffinitySameSite=840df5b8900aab23ebfa62117dca9593cf0c36cdffca87bdecae018bcb3dc3cc" Content-Length="29266046" x-ms-client-request-id="f6ad1820-85ec-11f0-a706-5aba6e9e812a" x-ms-artifact-checksum="4b9439ca742c714e5c37b310835a60d4f9778b1705ce2d808e8b0722eafc4d71" X-ARR-LOG-ID="f6ad1820-85ec-11f0-a706-5aba6e9e812a" CLIENT-IP="97.75.150.66:38591" X-SITE-DEPLOYMENT-ID="241runners-api" WAS-DEFAULT-HOSTNAME="241runners-api.scm.azurewebsites.net" X-Forwarded-Proto="https" X-AppService-Proto="https" X-Forwarded-TlsVersion="1.3" X-WAWS-Unencoded-URL="/api/publish?type=zip" X-Client-IP="97.75.150.66" X-Client-Port="38591" >
  <step title="OneDeploy" date="2025-08-30T22:02:13.035" >
    <step title="Starting PushDeployAsync" date="2025-08-30T22:02:13.166" /><!-- duration: 38ms -->
    <step title="Writing artifact to /tmp/zipdeploy/0b711772-b773-4a74-9037-251203783e8f.zip" date="2025-08-30T22:02:13.380" >
      <step title="Writing multipart request body to /tmp/zipdeploy/0b711772-b773-4a74-9037-251203783e8f.zip" date="2025-08-30T22:02:13.489" /><!-- duration: 14ms -->
    </step><!-- duration: 3453ms -->
    <step title="Attempting to fetch target branch HEAD" date="2025-08-30T22:02:16.857" /><!-- duration: 10ms -->
    <step title="Acquiring Deployment Lock" date="2025-08-30T22:02:16.914" /><!-- duration: 18ms -->
    <step title="Acquired Deployment Lock" date="2025-08-30T22:02:17.079" /><!-- duration: 13ms -->
    <step title="Performing fetch based deployment" date="2025-08-30T22:02:17.157" >
      <step title="Creating temporary deployment" date="2025-08-30T22:02:17.238" /><!-- duration: 204ms -->
      <step title="Releasing Deployment Lock" date="2025-08-30T22:02:18.923" /><!-- duration: 40ms -->
      <step title="Cleaning up temp folders from previous zip deployments and extracting pushed zip file /tmp/zipdeploy/0b711772-b773-4a74-9037-251203783e8f.zip (27.91 MB) to /tmp/zipdeploy/extracted" date="2025-08-30T22:02:19.095" >
        <step title="ChmodRecursive Process exited with total time taken in ms: 250" date="2025-08-30T22:02:23.752" /><!-- duration: 32ms -->
      </step><!-- duration: 4726ms -->
      <step title="None repository commit" date="2025-08-30T22:02:23.965" >
        <step title="Commit id: d1bb4c66-5a1d-4b45-a686-24072880075a" date="2025-08-30T22:02:23.983" Message="OneDeploy" AuthorName="N/A" AuthorEmail="N/A" /><!-- duration: 10ms -->
      </step><!-- duration: 39ms -->
      <step title="Deployment timer started" date="2025-08-30T22:02:26.054" >
        <step title="DeploymentManager.Deploy(id:d1bb4c66-5a1d-4b45-a686-24072880075a)" date="2025-08-30T22:02:26.101" >
          <step title="Collecting changeset information" date="2025-08-30T22:02:26.189" /><!-- duration: 280ms -->
          <step title="Updating submodules" date="2025-08-30T22:02:26.499" /><!-- duration: 1382ms -->
          <step title="Determining deployment builder" date="2025-08-30T22:02:28.501" >
            <step title="Builder is OneDeployBuilder" date="2025-08-30T22:02:28.583" /><!-- duration: 20ms -->
          </step><!-- duration: 131ms -->
          <step title="PreDeployment: context.CleanOutputPath False" date="2025-08-30T22:02:28.748" >
            <step title="PreDeployment: context.OutputPath /home/site/wwwroot" date="2025-08-30T22:02:29.003" >
              <step title="Building" date="2025-08-30T22:02:29.336" >
                <step title="Executing external process" date="2025-08-30T22:02:30.670" type="process" path="starter.sh" arguments="/opt/Kudu/Scripts/parallel_rsync.sh /tmp/zipdeploy/extracted /home/site/wwwroot 8 /tmp/ False False  " /><!-- duration: 8976ms -->
                <step title="Modified file to trigger a restart of the app container." date="2025-08-30T22:02:40.091" /><!-- duration: 11ms -->
                <step title="Skip function trigger and logicapp sync because function is not enabled." date="2025-08-30T22:02:40.105" /><!-- duration: 4ms -->
                <step title="Purge deployment items" date="2025-08-30T22:02:41.377" >
                  <step title="Remove 3056ce64-, Success, received at 08/30/2025 20:34:34" date="2025-08-30T22:02:41.467" /><!-- duration: 4ms -->
                </step><!-- duration: 98ms -->
              </step><!-- duration: 12199ms -->
            </step><!-- duration: 12543ms -->
            <step title="Cleaning up temp files" date="2025-08-30T22:02:41.550" /><!-- duration: 5ms -->
            <step title="Cleaning up temp files" date="2025-08-30T22:02:41.561" /><!-- duration: 520ms -->
            <step title="Reloading status file with latest updates" date="2025-08-30T22:02:42.236" >
              <step title="WebHooksManager.PublishEventAsync: PostDeployment" date="2025-08-30T22:02:42.257" /><!-- duration: 95ms -->
            </step><!-- duration: 127ms -->
            <step title="Cleaning up temporary deployment - fetch deployment was successful" date="2025-08-30T22:02:42.381" /><!-- duration: 21ms -->
          </step><!-- duration: 13791ms -->
        </step><!-- duration: 16445ms -->
        <step title="Outgoing response" date="2025-08-30T22:02:42.554" type="response" statusCode="200" statusText="OK" /><!-- duration: 4ms -->
      </step><!-- duration: 16508ms -->
