<step title="Incoming Request" date="2025-08-28T19:41:13.622" instance="7788a4" url="/api/publish?type=zip" method="POST" type="request" pid="4904,2,9" Cache-Control="no-cache" Content-Length="58980360" Content-Type="application/octet-stream" Accept="*/*" Accept-Encoding="gzip, deflate" Authorization="Bea..." Host="241runnersawareness-api.scm.azurewebsites.net" User-Agent="AZURECLI/2.76.0 (HOMEBREW)" x-ms-client-request-id="f16e62c6-8446-11f0-978c-5aba6e9e812a" X-ARR-LOG-ID="f16e62c6-8446-11f0-978c-5aba6e9e812a" CLIENT-IP="97.75.150.66:38572" X-SITE-DEPLOYMENT-ID="241runnersawareness-api" WAS-DEFAULT-HOSTNAME="241runnersawareness-api.scm.azurewebsites.net" X-Forwarded-Proto="https" X-AppService-Proto="https" X-Forwarded-TlsVersion="1.3" X-WAWS-Unencoded-URL="/api/publish?type=zip" >
  <step title="Cleanup Xml Logs" date="2025-08-28T19:41:13.622" /><!-- duration: 0ms -->
  <step title="OneDeploy" date="2025-08-28T19:41:13.799" >
    <step title="Starting PushDeployAsync" date="2025-08-28T19:41:13.889" /><!-- duration: 0ms -->
    <step title="Updating shutdown sentinel last write time" date="2025-08-28T19:41:14.108" SemaphoreCount="7" /><!-- duration: 14ms -->
    <step title="LockFile &apos;C:\home\site\locks\deployments.lock&apos; acquired" date="2025-08-28T19:41:14.138" /><!-- duration: 15ms -->
    <step title="Deleting outdated zip file C:\home\data\SitePackages\20250827003320.zip" date="2025-08-28T19:41:14.169" /><!-- duration: 47ms -->
    <step title="Saving request content to C:\home\data\SitePackages\20250828194113.zip" date="2025-08-28T19:41:14.216" >
      <step title="Total 58,980,360 bytes written to C:\home\data\SitePackages\20250828194113.zip" date="2025-08-28T19:41:17.831" /><!-- duration: 0ms -->
    </step><!-- duration: 4178ms -->
    <step title="LockFile &apos;C:\home\site\locks\deployments.lock&apos; released" date="2025-08-28T19:41:18.394" /><!-- duration: 16ms -->
    <step title="Deleting shutdown sentinel file" date="2025-08-28T19:41:18.409" SemaphoreCount="8" /><!-- duration: 0ms -->
    <step title="Starting FetchDeploy" date="2025-08-28T19:41:18.425" /><!-- duration: 0ms -->
    <step title="Attempting to fetch target branch HEAD" date="2025-08-28T19:41:18.425" /><!-- duration: 15ms -->
    <step title="Updating shutdown sentinel last write time" date="2025-08-28T19:41:18.472" SemaphoreCount="7" /><!-- duration: 0ms -->
    <step title="LockFile &apos;C:\home\site\locks\deployments.lock&apos; acquired" date="2025-08-28T19:41:18.472" /><!-- duration: 16ms -->
    <step title="Performing fetch based deployment" date="2025-08-28T19:41:18.504" >
      <step title="Creating temporary deployment" date="2025-08-28T19:41:18.504" /><!-- duration: 62ms -->
      <step title="Fetching changes." date="2025-08-28T19:41:18.690" /><!-- duration: 0ms -->
      <step title="Starting LocalZipHandler" date="2025-08-28T19:41:18.706" /><!-- duration: 0ms -->
      <step title="Starting ExtractTriggers" date="2025-08-28T19:41:18.722" /><!-- duration: 0ms -->
      <step title="None repository commit" date="2025-08-28T19:41:18.769" >
        <step title="Commit id: a5480a20e80b466d85ba6c95f03eb355" date="2025-08-28T19:41:18.769" Message="OneDeploy" AuthorName="N/A" AuthorEmail="N/A" /><!-- duration: 16ms -->
      </step><!-- duration: 16ms -->
      <step title="Before sending BuildRequestReceived status to /api/updatedeploystatus" date="2025-08-28T19:41:18.815" /><!-- duration: 96ms -->
      <step title="DeploymentManager.Deploy(id:a5480a20e80b466d85ba6c95f03eb355)" date="2025-08-28T19:41:19.052" >
        <step title="Collecting changeset information" date="2025-08-28T19:41:19.065" /><!-- duration: 63ms -->
        <step title="Updating submodules" date="2025-08-28T19:41:19.128" >
          <step title="Updating submodules." date="2025-08-28T19:41:19.175" /><!-- duration: 0ms -->
        </step><!-- duration: 78ms -->
        <step title="Preparing deployment for commit id &apos;a5480a20e8&apos;." date="2025-08-28T19:41:19.331" /><!-- duration: 0ms -->
        <step title="Determining deployment builder" date="2025-08-28T19:41:19.440" >
          <step title="Builder is RunFromZipSiteBuilder" date="2025-08-28T19:41:19.459" /><!-- duration: 12ms -->
        </step><!-- duration: 31ms -->
        <step title="Copying SSH keys" date="2025-08-28T19:41:19.520" /><!-- duration: 14ms -->
        <step title="Building" date="2025-08-28T19:41:19.534" >
          <step title="Skipping build. Project type: Run-From-Zip" date="2025-08-28T19:41:19.597" /><!-- duration: 20ms -->
          <step title="Skipping post build. Project type: Run-From-Zip" date="2025-08-28T19:41:19.659" /><!-- duration: 16ms -->
          <step title="Requesting site restart" date="2025-08-28T19:41:19.737" /><!-- duration: 15ms -->
          <step title="Requesting site restart" date="2025-08-28T19:41:19.769" /><!-- duration: 0ms -->
          <step title="Requesting site restart. Attempt #1" date="2025-08-28T19:41:19.848" /><!-- duration: 14ms -->
          <step title="Requesting site restart. Attempt #1" date="2025-08-28T19:41:19.878" /><!-- duration: 0ms -->
          <step title="Successfully requested a restart. Attempt #1" date="2025-08-28T19:41:20.612" /><!-- duration: 0ms -->
          <step title="Successfully requested a restart. Attempt #1" date="2025-08-28T19:41:20.612" /><!-- duration: 19ms -->
          <step title="Deployment successful. DEPLOYMENTINFO: deploymentPath = OneDeploy, deployer = OneDeploy, os = windows, sku = Basic, siteName = 241runnersawareness-api, siteHostName = 241runnersawareness-api.azurewebsites.net, deploymentStatus = Success" date="2025-08-28T19:41:20.692" /><!-- duration: 0ms -->
          <step title="Purge deployment items" date="2025-08-28T19:41:21.054" >
            <step title="Remove d4846f6e9, Success, received at 8/26/2025 11:47:33 PM" date="2025-08-28T19:41:21.159" /><!-- duration: 0ms -->
          </step><!-- duration: 105ms -->
        </step><!-- duration: 1656ms -->
      </step><!-- duration: 2138ms -->
      <step title="Cleaning up temp files" date="2025-08-28T19:41:21.190" /><!-- duration: 0ms -->
      <step title="Updating C:\home\data\SitePackages\packagename.txt with deployment 20250828194113.zip" date="2025-08-28T19:41:21.206" /><!-- duration: 63ms -->
      <step title="Skip function trigger and logicapp sync because function is not enabled." date="2025-08-28T19:41:21.269" /><!-- duration: 0ms -->
    </step><!-- duration: 2812ms -->
    <step title="LockFile &apos;C:\home\site\locks\deployments.lock&apos; released" date="2025-08-28T19:41:21.315" /><!-- duration: 0ms -->
    <step title="Deleting shutdown sentinel file" date="2025-08-28T19:41:21.315" SemaphoreCount="8" /><!-- duration: 0ms -->
  </step><!-- duration: 7532ms -->
  <step title="Outgoing response" date="2025-08-28T19:41:21.331" type="response" statusCode="200" statusText="OK" Server="Microsoft-IIS/10.0" x-ms-request-id="f16e62c6-8446-11f0-978c-5aba6e9e812a" Cache-Control="private" X-AspNet-Version="4.0.30319" /><!-- duration: 0ms -->
</step><!-- duration: 7709ms -->
