<step title="Incoming Request" date="2025-08-30T19:37:31.603" instance="840df5" url="/api/publish?type=zip" method="POST" type="request" pid="820,1,71" Accept="*/*" Host="241runners-api.scm.azurewebsites.net" User-Agent="AZURECLI/2.76.0 (HOMEBREW)" Accept-Encoding="gzip, deflate" Authorization="Bea..." Cache-Control="no-cache" Content-Type="application/octet-stream" Cookie="ARRAffinity=840df5b8900aab23ebfa62117dca9593cf0c36cdffca87bdecae018bcb3dc3cc; ARRAffinitySameSite=840df5b8900aab23ebfa62117dca9593cf0c36cdffca87bdecae018bcb3dc3cc" Content-Length="14606781" x-ms-client-request-id="bf4b12ce-85d8-11f0-a5eb-5aba6e9e812a" x-ms-artifact-checksum="14aa94e68b1040a8f4a23a151d521fa32e2ee524353f74d3cf705865e9b8b340" X-ARR-LOG-ID="bf4b12ce-85d8-11f0-a5eb-5aba6e9e812a" CLIENT-IP="97.75.150.66:38525" X-SITE-DEPLOYMENT-ID="241runners-api" WAS-DEFAULT-HOSTNAME="241runners-api.scm.azurewebsites.net" X-Forwarded-Proto="https" X-AppService-Proto="https" X-Forwarded-TlsVersion="1.3" X-WAWS-Unencoded-URL="/api/publish?type=zip" X-Client-IP="97.75.150.66" X-Client-Port="38525" >
  <step title="OneDeploy" date="2025-08-30T19:37:31.704" >
    <step title="Starting PushDeployAsync" date="2025-08-30T19:37:31.916" /><!-- duration: 12ms -->
    <step title="Writing artifact to /tmp/zipdeploy/2fc63b3c-fd5d-4014-abed-fd4c26b0061e.zip" date="2025-08-30T19:37:32.032" >
      <step title="Writing multipart request body to /tmp/zipdeploy/2fc63b3c-fd5d-4014-abed-fd4c26b0061e.zip" date="2025-08-30T19:37:32.071" /><!-- duration: 20ms -->
    </step><!-- duration: 1350ms -->
    <step title="Attempting to fetch target branch HEAD" date="2025-08-30T19:37:33.409" /><!-- duration: 4ms -->
    <step title="Acquiring Deployment Lock" date="2025-08-30T19:37:33.433" /><!-- duration: 6ms -->
    <step title="Acquired Deployment Lock" date="2025-08-30T19:37:33.595" /><!-- duration: 49ms -->
    <step title="Performing fetch based deployment" date="2025-08-30T19:37:33.694" >
      <step title="Creating temporary deployment" date="2025-08-30T19:37:33.762" /><!-- duration: 361ms -->
      <step title="Releasing Deployment Lock" date="2025-08-30T19:37:35.664" /><!-- duration: 18ms -->
      <step title="Cleaning up temp folders from previous zip deployments and extracting pushed zip file /tmp/zipdeploy/2fc63b3c-fd5d-4014-abed-fd4c26b0061e.zip (13.93 MB) to /tmp/zipdeploy/extracted" date="2025-08-30T19:37:35.858" >
        <step title="ChmodRecursive Process exited with total time taken in ms: 253" date="2025-08-30T19:37:38.699" /><!-- duration: 36ms -->
      </step><!-- duration: 2896ms -->
      <step title="None repository commit" date="2025-08-30T19:37:38.803" >
        <step title="Commit id: 01f6455a-59c8-4b42-9a7e-035782d91b07" date="2025-08-30T19:37:38.814" Message="OneDeploy" AuthorName="N/A" AuthorEmail="N/A" /><!-- duration: 19ms -->
      </step><!-- duration: 41ms -->
      <step title="Deployment timer started" date="2025-08-30T19:37:40.932" >
        <step title="DeploymentManager.Deploy(id:01f6455a-59c8-4b42-9a7e-035782d91b07)" date="2025-08-30T19:37:40.960" >
          <step title="Collecting changeset information" date="2025-08-30T19:37:41.047" /><!-- duration: 213ms -->
          <step title="Updating submodules" date="2025-08-30T19:37:41.301" /><!-- duration: 1347ms -->
          <step title="Determining deployment builder" date="2025-08-30T19:37:43.788" >
            <step title="Builder is OneDeployBuilder" date="2025-08-30T19:37:43.897" /><!-- duration: 36ms -->
          </step><!-- duration: 174ms -->
          <step title="PreDeployment: context.CleanOutputPath False" date="2025-08-30T19:37:44.251" >
            <step title="PreDeployment: context.OutputPath /home/site/wwwroot" date="2025-08-30T19:37:44.653" >
              <step title="Building" date="2025-08-30T19:37:44.964" >
                <step title="Executing external process" date="2025-08-30T19:37:46.361" type="process" path="starter.sh" arguments="/opt/Kudu/Scripts/parallel_rsync.sh /tmp/zipdeploy/extracted /home/site/wwwroot 8 /tmp/ False False  " /><!-- duration: 10865ms -->
                <step title="Modified file to trigger a restart of the app container." date="2025-08-30T19:37:57.953" /><!-- duration: 7ms -->
                <step title="Skip function trigger and logicapp sync because function is not enabled." date="2025-08-30T19:37:57.971" /><!-- duration: 5ms -->
              </step><!-- duration: 14063ms -->
            </step><!-- duration: 14392ms -->
            <step title="Cleaning up temp files" date="2025-08-30T19:37:59.063" /><!-- duration: 11ms -->
            <step title="Cleaning up temp files" date="2025-08-30T19:37:59.078" /><!-- duration: 515ms -->
            <step title="Reloading status file with latest updates" date="2025-08-30T19:37:59.641" >
              <step title="WebHooksManager.PublishEventAsync: PostDeployment" date="2025-08-30T19:37:59.647" /><!-- duration: 46ms -->
            </step><!-- duration: 56ms -->
            <step title="Cleaning up temporary deployment - fetch deployment was successful" date="2025-08-30T19:37:59.703" /><!-- duration: 4ms -->
          </step><!-- duration: 15562ms -->
        </step><!-- duration: 18860ms -->
        <step title="Outgoing response" date="2025-08-30T19:37:59.828" type="response" statusCode="200" statusText="OK" /><!-- duration: 5ms -->
      </step><!-- duration: 18905ms -->
