<step title="Incoming Request" date="2025-08-30T20:58:10.182" instance="840df5" url="/api/publish?type=zip" method="POST" type="request" pid="820,1,51" Accept="*/*" Host="241runners-api.scm.azurewebsites.net" User-Agent="AZURECLI/2.76.0 (HOMEBREW)" Accept-Encoding="gzip, deflate" Authorization="Bea..." Cache-Control="no-cache" Content-Type="application/octet-stream" Cookie="ARRAffinity=840df5b8900aab23ebfa62117dca9593cf0c36cdffca87bdecae018bcb3dc3cc; ARRAffinitySameSite=840df5b8900aab23ebfa62117dca9593cf0c36cdffca87bdecae018bcb3dc3cc" Content-Length="29260674" x-ms-client-request-id="014a3078-85e4-11f0-b821-5aba6e9e812a" x-ms-artifact-checksum="113b330a8c7f46c30a0c9e1f5a30a28653b2177686e14ceebf5c343cb6ffb68e" X-ARR-LOG-ID="014a3078-85e4-11f0-b821-5aba6e9e812a" CLIENT-IP="97.75.150.66:38536" X-SITE-DEPLOYMENT-ID="241runners-api" WAS-DEFAULT-HOSTNAME="241runners-api.scm.azurewebsites.net" X-Forwarded-Proto="https" X-AppService-Proto="https" X-Forwarded-TlsVersion="1.3" X-WAWS-Unencoded-URL="/api/publish?type=zip" X-Client-IP="97.75.150.66" X-Client-Port="38536" >
  <step title="Cleanup Xml Logs" date="2025-08-30T20:58:10.193" /><!-- duration: 35ms -->
  <step title="OneDeploy" date="2025-08-30T20:58:10.638" >
    <step title="Starting PushDeployAsync" date="2025-08-30T20:58:11.038" /><!-- duration: 113ms -->
    <step title="Writing artifact to /tmp/zipdeploy/4f8c279a-8ffc-4d61-af94-cf986ad46a2b.zip" date="2025-08-30T20:58:11.188" >
      <step title="Writing multipart request body to /tmp/zipdeploy/4f8c279a-8ffc-4d61-af94-cf986ad46a2b.zip" date="2025-08-30T20:58:11.236" /><!-- duration: 39ms -->
    </step><!-- duration: 3593ms -->
    <step title="Attempting to fetch target branch HEAD" date="2025-08-30T20:58:14.832" /><!-- duration: 16ms -->
    <step title="Acquiring Deployment Lock" date="2025-08-30T20:58:14.889" /><!-- duration: 32ms -->
    <step title="Acquired Deployment Lock" date="2025-08-30T20:58:15.077" /><!-- duration: 47ms -->
    <step title="Performing fetch based deployment" date="2025-08-30T20:58:15.183" >
      <step title="Creating temporary deployment" date="2025-08-30T20:58:15.242" /><!-- duration: 224ms -->
      <step title="Releasing Deployment Lock" date="2025-08-30T20:58:17.180" /><!-- duration: 95ms -->
      <step title="Cleaning up temp folders from previous zip deployments and extracting pushed zip file /tmp/zipdeploy/4f8c279a-8ffc-4d61-af94-cf986ad46a2b.zip (27.91 MB) to /tmp/zipdeploy/extracted" date="2025-08-30T20:58:17.367" >
        <step title="ChmodRecursive Process exited with total time taken in ms: 256" date="2025-08-30T20:58:22.085" /><!-- duration: 23ms -->
      </step><!-- duration: 4771ms -->
      <step title="None repository commit" date="2025-08-30T20:58:22.185" >
        <step title="Commit id: 47fec43c-0481-4f2a-b505-abca16186303" date="2025-08-30T20:58:22.236" Message="OneDeploy" AuthorName="N/A" AuthorEmail="N/A" /><!-- duration: 17ms -->
      </step><!-- duration: 80ms -->
      <step title="Deployment timer started" date="2025-08-30T20:58:24.349" >
        <step title="DeploymentManager.Deploy(id:47fec43c-0481-4f2a-b505-abca16186303)" date="2025-08-30T20:58:24.379" >
          <step title="Collecting changeset information" date="2025-08-30T20:58:24.476" /><!-- duration: 185ms -->
          <step title="Updating submodules" date="2025-08-30T20:58:24.701" /><!-- duration: 1303ms -->
          <step title="Determining deployment builder" date="2025-08-30T20:58:26.509" >
            <step title="Builder is OneDeployBuilder" date="2025-08-30T20:58:26.576" /><!-- duration: 9ms -->
          </step><!-- duration: 86ms -->
          <step title="PreDeployment: context.CleanOutputPath False" date="2025-08-30T20:58:26.795" >
            <step title="PreDeployment: context.OutputPath /home/site/wwwroot" date="2025-08-30T20:58:27.036" >
              <step title="Building" date="2025-08-30T20:58:27.185" >
                <step title="Executing external process" date="2025-08-30T20:58:27.775" type="process" path="starter.sh" arguments="/opt/Kudu/Scripts/parallel_rsync.sh /tmp/zipdeploy/extracted /home/site/wwwroot 8 /tmp/ False False  " /><!-- duration: 5137ms -->
                <step title="Modified file to trigger a restart of the app container." date="2025-08-30T20:58:33.372" /><!-- duration: 5ms -->
                <step title="Skip function trigger and logicapp sync because function is not enabled." date="2025-08-30T20:58:33.386" /><!-- duration: 6ms -->
                <step title="Purge deployment items" date="2025-08-30T20:58:36.075" >
                  <step title="Remove 8d6d0c56-, Success, received at 08/30/2025 18:15:39" date="2025-08-30T20:58:36.258" /><!-- duration: 22ms -->
                </step><!-- duration: 231ms -->
              </step><!-- duration: 9239ms -->
            </step><!-- duration: 9429ms -->
            <step title="Cleaning up temp files" date="2025-08-30T20:58:36.495" /><!-- duration: 26ms -->
            <step title="Cleaning up temp files" date="2025-08-30T20:58:36.542" /><!-- duration: 521ms -->
            <step title="Reloading status file with latest updates" date="2025-08-30T20:58:37.358" >
              <step title="WebHooksManager.PublishEventAsync: PostDeployment" date="2025-08-30T20:58:37.404" /><!-- duration: 118ms -->
            </step><!-- duration: 191ms -->
            <step title="Cleaning up temporary deployment - fetch deployment was successful" date="2025-08-30T20:58:37.597" /><!-- duration: 22ms -->
          </step><!-- duration: 10970ms -->
        </step><!-- duration: 13404ms -->
        <step title="Outgoing response" date="2025-08-30T20:58:37.840" type="response" statusCode="200" statusText="OK" /><!-- duration: 10ms -->
      </step><!-- duration: 13530ms -->
