<step title="Incoming Request" date="2025-08-30T20:55:15.565" instance="840df5" url="/api/publish?type=zip" method="POST" type="request" pid="820,1,56" Accept="*/*" Host="241runners-api.scm.azurewebsites.net" User-Agent="AZURECLI/2.76.0 (HOMEBREW)" Accept-Encoding="gzip, deflate" Authorization="Bea..." Cache-Control="no-cache" Content-Type="application/octet-stream" Cookie="ARRAffinity=840df5b8900aab23ebfa62117dca9593cf0c36cdffca87bdecae018bcb3dc3cc; ARRAffinitySameSite=840df5b8900aab23ebfa62117dca9593cf0c36cdffca87bdecae018bcb3dc3cc" Content-Length="29260764" x-ms-client-request-id="96e3e58a-85e3-11f0-8582-5aba6e9e812a" x-ms-artifact-checksum="c961ff763590c2b34521d966082a0374843a0821bcba7ed2809908ea0d4ef279" X-ARR-LOG-ID="96e3e58a-85e3-11f0-8582-5aba6e9e812a" CLIENT-IP="97.75.150.66:38420" X-SITE-DEPLOYMENT-ID="241runners-api" WAS-DEFAULT-HOSTNAME="241runners-api.scm.azurewebsites.net" X-Forwarded-Proto="https" X-AppService-Proto="https" X-Forwarded-TlsVersion="1.3" X-WAWS-Unencoded-URL="/api/publish?type=zip" X-Client-IP="97.75.150.66" X-Client-Port="38420" >
  <step title="Cleanup Xml Logs" date="2025-08-30T20:55:15.583" /><!-- duration: 12ms -->
  <step title="OneDeploy" date="2025-08-30T20:55:15.903" >
    <step title="Starting PushDeployAsync" date="2025-08-30T20:55:15.950" /><!-- duration: 10ms -->
    <step title="Writing artifact to /tmp/zipdeploy/09223297-87b0-465f-9f41-6cc57c09b470.zip" date="2025-08-30T20:55:15.989" >
      <step title="Writing multipart request body to /tmp/zipdeploy/09223297-87b0-465f-9f41-6cc57c09b470.zip" date="2025-08-30T20:55:16.010" /><!-- duration: 17ms -->
    </step><!-- duration: 1524ms -->
    <step title="Attempting to fetch target branch HEAD" date="2025-08-30T20:55:17.533" /><!-- duration: 7ms -->
    <step title="Acquiring Deployment Lock" date="2025-08-30T20:55:17.563" /><!-- duration: 4ms -->
    <step title="Acquired Deployment Lock" date="2025-08-30T20:55:17.630" /><!-- duration: 5ms -->
    <step title="Performing fetch based deployment" date="2025-08-30T20:55:17.650" >
      <step title="Creating temporary deployment" date="2025-08-30T20:55:17.678" /><!-- duration: 169ms -->
      <step title="Releasing Deployment Lock" date="2025-08-30T20:55:19.206" /><!-- duration: 13ms -->
      <step title="Cleaning up temp folders from previous zip deployments and extracting pushed zip file /tmp/zipdeploy/09223297-87b0-465f-9f41-6cc57c09b470.zip (27.91 MB) to /tmp/zipdeploy/extracted" date="2025-08-30T20:55:19.323" >
        <step title="ChmodRecursive Process exited with total time taken in ms: 478" date="2025-08-30T20:55:22.370" /><!-- duration: 26ms -->
      </step><!-- duration: 3161ms -->
      <step title="None repository commit" date="2025-08-30T20:55:22.570" >
        <step title="Commit id: 0e37be48-cf6b-4c35-8adc-e5c355d50f8f" date="2025-08-30T20:55:22.599" Message="OneDeploy" AuthorName="N/A" AuthorEmail="N/A" /><!-- duration: 8ms -->
      </step><!-- duration: 48ms -->
      <step title="Deployment timer started" date="2025-08-30T20:55:24.669" >
        <step title="DeploymentManager.Deploy(id:0e37be48-cf6b-4c35-8adc-e5c355d50f8f)" date="2025-08-30T20:55:24.680" >
          <step title="Collecting changeset information" date="2025-08-30T20:55:24.746" /><!-- duration: 182ms -->
          <step title="Updating submodules" date="2025-08-30T20:55:24.995" /><!-- duration: 1242ms -->
          <step title="Determining deployment builder" date="2025-08-30T20:55:26.503" >
            <step title="Builder is OneDeployBuilder" date="2025-08-30T20:55:26.577" /><!-- duration: 5ms -->
          </step><!-- duration: 85ms -->
          <step title="PreDeployment: context.CleanOutputPath False" date="2025-08-30T20:55:26.654" >
            <step title="PreDeployment: context.OutputPath /home/site/wwwroot" date="2025-08-30T20:55:26.801" >
              <step title="Building" date="2025-08-30T20:55:26.946" >
                <step title="Executing external process" date="2025-08-30T20:55:27.649" type="process" path="starter.sh" arguments="/opt/Kudu/Scripts/parallel_rsync.sh /tmp/zipdeploy/extracted /home/site/wwwroot 8 /tmp/ False False  " /><!-- duration: 5696ms -->
                <step title="Modified file to trigger a restart of the app container." date="2025-08-30T20:55:33.956" /><!-- duration: 5ms -->
                <step title="Skip function trigger and logicapp sync because function is not enabled." date="2025-08-30T20:55:33.974" /><!-- duration: 10ms -->
                <step title="Purge deployment items" date="2025-08-30T20:55:38.788" >
                  <step title="Remove 97c0c905-, Success, received at 08/30/2025 18:15:00" date="2025-08-30T20:55:39.107" /><!-- duration: 22ms -->
                </step><!-- duration: 381ms -->
              </step><!-- duration: 12517ms -->
            </step><!-- duration: 12875ms -->
            <step title="Cleaning up temp files" date="2025-08-30T20:55:39.705" /><!-- duration: 51ms -->
            <step title="Cleaning up temp files" date="2025-08-30T20:55:39.772" /><!-- duration: 536ms -->
            <step title="Reloading status file with latest updates" date="2025-08-30T20:55:40.766" >
              <step title="WebHooksManager.PublishEventAsync: PostDeployment" date="2025-08-30T20:55:40.822" /><!-- duration: 190ms -->
            </step><!-- duration: 266ms -->
            <step title="Cleaning up temporary deployment - fetch deployment was successful" date="2025-08-30T20:55:41.062" /><!-- duration: 15ms -->
          </step><!-- duration: 14597ms -->
        </step><!-- duration: 16594ms -->
        <step title="Outgoing response" date="2025-08-30T20:55:41.370" type="response" statusCode="200" statusText="OK" /><!-- duration: 35ms -->
      </step><!-- duration: 16745ms -->
