<step title="Incoming Request" date="2025-08-30T21:37:16.164" instance="840df5" url="/api/publish?type=zip" method="POST" type="request" pid="823,1,7" Accept="*/*" Host="241runners-api.scm.azurewebsites.net" User-Agent="AZURECLI/2.76.0 (HOMEBREW)" Accept-Encoding="gzip, deflate" Authorization="Bea..." Cache-Control="no-cache" Content-Type="application/octet-stream" Cookie="ARRAffinity=840df5b8900aab23ebfa62117dca9593cf0c36cdffca87bdecae018bcb3dc3cc; ARRAffinitySameSite=840df5b8900aab23ebfa62117dca9593cf0c36cdffca87bdecae018bcb3dc3cc" Content-Length="29263898" x-ms-client-request-id="79f47042-85e9-11f0-a903-5aba6e9e812a" x-ms-artifact-checksum="79abed9a6f2772553d31466f7103a97d53a64f26384efdd342580f1585c41aa2" X-ARR-LOG-ID="79f47042-85e9-11f0-a903-5aba6e9e812a" CLIENT-IP="97.75.150.66:38604" X-SITE-DEPLOYMENT-ID="241runners-api" WAS-DEFAULT-HOSTNAME="241runners-api.scm.azurewebsites.net" X-Forwarded-Proto="https" X-AppService-Proto="https" X-Forwarded-TlsVersion="1.3" X-WAWS-Unencoded-URL="/api/publish?type=zip" X-Client-IP="97.75.150.66" X-Client-Port="38604" >
  <step title="Cleanup Xml Logs" date="2025-08-30T21:37:16.367" /><!-- duration: 30ms -->
  <step title="OneDeploy" date="2025-08-30T21:37:16.832" >
    <step title="Starting PushDeployAsync" date="2025-08-30T21:37:16.862" /><!-- duration: 12ms -->
    <step title="Writing artifact to /tmp/zipdeploy/deb51c79-5512-42c6-93a9-57e178d458aa.zip" date="2025-08-30T21:37:16.914" >
      <step title="Writing multipart request body to /tmp/zipdeploy/deb51c79-5512-42c6-93a9-57e178d458aa.zip" date="2025-08-30T21:37:16.980" /><!-- duration: 20ms -->
    </step><!-- duration: 8508ms -->
    <step title="Attempting to fetch target branch HEAD" date="2025-08-30T21:37:25.521" /><!-- duration: 39ms -->
    <step title="Acquiring Deployment Lock" date="2025-08-30T21:37:25.667" /><!-- duration: 20ms -->
    <step title="Acquired Deployment Lock" date="2025-08-30T21:37:25.933" /><!-- duration: 38ms -->
    <step title="Performing fetch based deployment" date="2025-08-30T21:37:26.048" >
      <step title="Creating temporary deployment" date="2025-08-30T21:37:26.175" /><!-- duration: 458ms -->
      <step title="Releasing Deployment Lock" date="2025-08-30T21:37:28.256" /><!-- duration: 17ms -->
      <step title="Cleaning up temp folders from previous zip deployments and extracting pushed zip file /tmp/zipdeploy/deb51c79-5512-42c6-93a9-57e178d458aa.zip (27.91 MB) to /tmp/zipdeploy/extracted" date="2025-08-30T21:37:28.419" >
        <step title="ChmodRecursive Process exited with total time taken in ms: 376" date="2025-08-30T21:37:31.903" /><!-- duration: 79ms -->
      </step><!-- duration: 3610ms -->
      <step title="None repository commit" date="2025-08-30T21:37:32.157" >
        <step title="Commit id: 736c3f25-55de-42aa-83f4-60a4541763ec" date="2025-08-30T21:37:32.196" Message="OneDeploy" AuthorName="N/A" AuthorEmail="N/A" /><!-- duration: 29ms -->
      </step><!-- duration: 98ms -->
      <step title="Deployment timer started" date="2025-08-30T21:37:34.615" >
        <step title="DeploymentManager.Deploy(id:736c3f25-55de-42aa-83f4-60a4541763ec)" date="2025-08-30T21:37:34.720" >
          <step title="Collecting changeset information" date="2025-08-30T21:37:34.923" /><!-- duration: 178ms -->
          <step title="Updating submodules" date="2025-08-30T21:37:35.111" /><!-- duration: 1300ms -->
          <step title="Determining deployment builder" date="2025-08-30T21:37:36.678" >
            <step title="Builder is OneDeployBuilder" date="2025-08-30T21:37:36.705" /><!-- duration: 5ms -->
          </step><!-- duration: 95ms -->
          <step title="PreDeployment: context.CleanOutputPath False" date="2025-08-30T21:37:36.842" >
            <step title="PreDeployment: context.OutputPath /home/site/wwwroot" date="2025-08-30T21:37:36.990" >
              <step title="Building" date="2025-08-30T21:37:37.161" >
                <step title="Executing external process" date="2025-08-30T21:37:37.861" type="process" path="starter.sh" arguments="/opt/Kudu/Scripts/parallel_rsync.sh /tmp/zipdeploy/extracted /home/site/wwwroot 8 /tmp/ False False  " /><!-- duration: 6838ms -->
                <step title="Modified file to trigger a restart of the app container." date="2025-08-30T21:37:45.467" /><!-- duration: 20ms -->
                <step title="Skip function trigger and logicapp sync because function is not enabled." date="2025-08-30T21:37:45.546" /><!-- duration: 16ms -->
                <step title="Purge deployment items" date="2025-08-30T21:37:47.490" >
                  <step title="Remove bcd2c48f-, Success, received at 08/30/2025 19:30:41" date="2025-08-30T21:37:47.638" /><!-- duration: 18ms -->
                </step><!-- duration: 174ms -->
              </step><!-- duration: 10617ms -->
            </step><!-- duration: 10809ms -->
            <step title="Cleaning up temp files" date="2025-08-30T21:37:47.819" /><!-- duration: 28ms -->
            <step title="Cleaning up temp files" date="2025-08-30T21:37:47.858" /><!-- duration: 540ms -->
            <step title="Reloading status file with latest updates" date="2025-08-30T21:37:48.450" >
              <step title="WebHooksManager.PublishEventAsync: PostDeployment" date="2025-08-30T21:37:48.478" /><!-- duration: 87ms -->
            </step><!-- duration: 133ms -->
            <step title="Cleaning up temporary deployment - fetch deployment was successful" date="2025-08-30T21:37:48.606" /><!-- duration: 16ms -->
          </step><!-- duration: 11937ms -->
        </step><!-- duration: 14080ms -->
        <step title="Outgoing response" date="2025-08-30T21:37:48.887" type="response" statusCode="200" statusText="OK" /><!-- duration: 20ms -->
      </step><!-- duration: 14302ms -->
