<step title="Incoming Request" date="2025-08-27T00:24:34.253" instance="7788a4" url="/api/zipdeploy?isAsync=true" method="POST" type="request" pid="3052,2,8" Cache-Control="no-cache" Connection="Keep-Alive" Content-Length="25603701" Content-Type="application/octet-stream" Accept="*/*" Accept-Encoding="gzip, deflate" Authorization="Bea..." Host="241runnersawareness-api.scm.azurewebsites.net" User-Agent="AZURECLI/2.76.0 (MSI)" x-ms-client-request-id="2f20f0ea-82dc-11f0-b96f-f057a69bc617" X-ARR-LOG-ID="2f20f0ea-82dc-11f0-b96f-f057a69bc617" CLIENT-IP="97.75.150.66:38638" X-SITE-DEPLOYMENT-ID="241runnersawareness-api" WAS-DEFAULT-HOSTNAME="241runnersawareness-api.scm.azurewebsites.net" X-Forwarded-Proto="https" X-AppService-Proto="https" X-Forwarded-TlsVersion="1.3" X-WAWS-Unencoded-URL="/api/zipdeploy?isAsync=true" X-MS-COLDSTART="1" >
  <step title="ZipPushDeploy" date="2025-08-27T00:24:35.087" >
    <step title="ZipDeploy. Run from package." date="2025-08-27T00:24:35.177" /><!-- duration: 45ms -->
    <step title="Starting PushDeployAsync" date="2025-08-27T00:24:35.238" /><!-- duration: 0ms -->
    <step title="Updating shutdown sentinel last write time" date="2025-08-27T00:24:35.409" SemaphoreCount="7" /><!-- duration: 0ms -->
    <step title="LockFile &apos;C:\home\site\locks\deployments.lock&apos; acquired" date="2025-08-27T00:24:35.409" /><!-- duration: 0ms -->
    <step title="Deleting outdated zip file C:\home\data\SitePackages\20250827001517.zip" date="2025-08-27T00:24:35.441" /><!-- duration: 18ms -->
    <step title="Saving request content to C:\home\data\SitePackages\20250827002435.zip" date="2025-08-27T00:24:35.458" >
      <step title="Total 25,603,701 bytes written to C:\home\data\SitePackages\20250827002435.zip" date="2025-08-27T00:24:42.528" /><!-- duration: 0ms -->
    </step><!-- duration: 7242ms -->
    <step title="LockFile &apos;C:\home\site\locks\deployments.lock&apos; released" date="2025-08-27T00:24:42.717" /><!-- duration: 14ms -->
    <step title="Deleting shutdown sentinel file" date="2025-08-27T00:24:42.731" SemaphoreCount="8" /><!-- duration: 16ms -->
    <step title="Starting FetchDeploy" date="2025-08-27T00:24:42.748" /><!-- duration: 0ms -->
    <step title="Start deployment in the background" date="2025-08-27T00:24:42.763" /><!-- duration: 110ms -->
  </step><!-- duration: 7786ms -->
  <step title="Outgoing response" date="2025-08-27T00:24:42.983" type="response" statusCode="202" statusText="Accepted" Server="Microsoft-IIS/10.0" x-ms-request-id="2f20f0ea-82dc-11f0-b96f-f057a69bc617" Retry-After="30" Cache-Control="private" X-AspNet-Version="4.0.30319" Location="https://241runnersawareness-api.scm.azurewebsites.net/api/deployments/latest?deployer=ZipDeploy&amp;time=2025-08-27_00-24-42Z" /><!-- duration: 30ms -->
</step><!-- duration: 8780ms -->
