<step title="Incoming Request" date="2025-08-29T15:35:11.416" instance="7788a4" url="/api/publish?type=zip" method="POST" type="request" pid="5272,2,9" Cache-Control="no-cache" Content-Length="7213375" Content-Type="application/octet-stream" Accept="*/*" Accept-Encoding="gzip, deflate" Authorization="Bea..." Host="241runnersawareness-api.scm.azurewebsites.net" User-Agent="AZURECLI/2.76.0 (HOMEBREW)" x-ms-client-request-id="bd3bfe76-84ed-11f0-83bf-5aba6e9e812a" X-ARR-LOG-ID="bd3bfe76-84ed-11f0-83bf-5aba6e9e812a" CLIENT-IP="97.75.150.66:38457" X-SITE-DEPLOYMENT-ID="241runnersawareness-api" WAS-DEFAULT-HOSTNAME="241runnersawareness-api.scm.azurewebsites.net" X-Forwarded-Proto="https" X-AppService-Proto="https" X-Forwarded-TlsVersion="1.3" X-WAWS-Unencoded-URL="/api/publish?type=zip" >
  <step title="Cleanup Xml Logs" date="2025-08-29T15:35:11.416" /><!-- duration: 31ms -->
  <step title="OneDeploy" date="2025-08-29T15:35:11.510" >
    <step title="Starting PushDeployAsync" date="2025-08-29T15:35:11.588" /><!-- duration: 19ms -->
    <step title="Updating shutdown sentinel last write time" date="2025-08-29T15:35:11.731" SemaphoreCount="7" /><!-- duration: 13ms -->
    <step title="LockFile &apos;C:\home\site\locks\deployments.lock&apos; acquired" date="2025-08-29T15:35:11.761" /><!-- duration: 14ms -->
    <step title="Deleting outdated zip file C:\home\data\SitePackages\20250829150025.zip" date="2025-08-29T15:35:11.792" /><!-- duration: 15ms -->
    <step title="Saving request content to C:\home\data\SitePackages\20250829153511.zip" date="2025-08-29T15:35:11.807" >
      <step title="Total 7,213,375 bytes written to C:\home\data\SitePackages\20250829153511.zip" date="2025-08-29T15:35:12.013" /><!-- duration: 13ms -->
    </step><!-- duration: 313ms -->
    <step title="LockFile &apos;C:\home\site\locks\deployments.lock&apos; released" date="2025-08-29T15:35:12.135" /><!-- duration: 0ms -->
    <step title="Deleting shutdown sentinel file" date="2025-08-29T15:35:12.152" SemaphoreCount="8" /><!-- duration: 0ms -->
    <step title="Starting FetchDeploy" date="2025-08-29T15:35:12.170" /><!-- duration: 0ms -->
    <step title="Attempting to fetch target branch HEAD" date="2025-08-29T15:35:12.182" /><!-- duration: 0ms -->
    <step title="Updating shutdown sentinel last write time" date="2025-08-29T15:35:12.197" SemaphoreCount="7" /><!-- duration: 0ms -->
    <step title="LockFile &apos;C:\home\site\locks\deployments.lock&apos; acquired" date="2025-08-29T15:35:12.213" /><!-- duration: 0ms -->
    <step title="Performing fetch based deployment" date="2025-08-29T15:35:12.234" >
      <step title="Creating temporary deployment" date="2025-08-29T15:35:12.244" /><!-- duration: 31ms -->
      <step title="Fetching changes." date="2025-08-29T15:35:12.385" /><!-- duration: 16ms -->
      <step title="Starting LocalZipHandler" date="2025-08-29T15:35:12.401" /><!-- duration: 21ms -->
      <step title="Starting ExtractTriggers" date="2025-08-29T15:35:12.432" /><!-- duration: 0ms -->
      <step title="None repository commit" date="2025-08-29T15:35:12.541" >
        <step title="Commit id: f89933884df8426c925e5950a4a3c8d7" date="2025-08-29T15:35:12.561" Message="OneDeploy" AuthorName="N/A" AuthorEmail="N/A" /><!-- duration: 0ms -->
      </step><!-- duration: 20ms -->
      <step title="Before sending BuildRequestReceived status to /api/updatedeploystatus" date="2025-08-29T15:35:12.561" /><!-- duration: 11ms -->
      <step title="DeploymentManager.Deploy(id:f89933884df8426c925e5950a4a3c8d7)" date="2025-08-29T15:35:12.591" >
        <step title="Collecting changeset information" date="2025-08-29T15:35:12.604" /><!-- duration: 31ms -->
        <step title="Updating submodules" date="2025-08-29T15:35:12.651" >
          <step title="Updating submodules." date="2025-08-29T15:35:12.682" /><!-- duration: 0ms -->
        </step><!-- duration: 31ms -->
        <step title="Preparing deployment for commit id &apos;f89933884d&apos;." date="2025-08-29T15:35:12.729" /><!-- duration: 18ms -->
        <step title="Determining deployment builder" date="2025-08-29T15:35:12.776" >
          <step title="Builder is RunFromZipSiteBuilder" date="2025-08-29T15:35:12.791" /><!-- duration: 0ms -->
        </step><!-- duration: 15ms -->
        <step title="Copying SSH keys" date="2025-08-29T15:35:12.807" /><!-- duration: 16ms -->
        <step title="Building" date="2025-08-29T15:35:12.822" >
          <step title="Skipping build. Project type: Run-From-Zip" date="2025-08-29T15:35:12.874" /><!-- duration: 0ms -->
          <step title="Skipping post build. Project type: Run-From-Zip" date="2025-08-29T15:35:12.908" /><!-- duration: 0ms -->
          <step title="Requesting site restart" date="2025-08-29T15:35:12.968" /><!-- duration: 16ms -->
          <step title="Requesting site restart" date="2025-08-29T15:35:12.984" /><!-- duration: 0ms -->
          <step title="Requesting site restart. Attempt #1" date="2025-08-29T15:35:13.030" /><!-- duration: 0ms -->
          <step title="Requesting site restart. Attempt #1" date="2025-08-29T15:35:13.046" /><!-- duration: 0ms -->
          <step title="Successfully requested a restart. Attempt #1" date="2025-08-29T15:35:13.421" /><!-- duration: 16ms -->
          <step title="Successfully requested a restart. Attempt #1" date="2025-08-29T15:35:13.437" /><!-- duration: 0ms -->
          <step title="Deployment successful. DEPLOYMENTINFO: deploymentPath = OneDeploy, deployer = OneDeploy, os = windows, sku = Basic, siteName = 241runnersawareness-api, siteHostName = 241runnersawareness-api.azurewebsites.net, deploymentStatus = Success" date="2025-08-29T15:35:13.468" /><!-- duration: 16ms -->
          <step title="Purge deployment items" date="2025-08-29T15:35:13.624" >
            <step title="Remove c34892c6b, Success, received at 8/28/2025 8:56:23 PM" date="2025-08-29T15:35:13.656" /><!-- duration: 0ms -->
          </step><!-- duration: 47ms -->
        </step><!-- duration: 866ms -->
      </step><!-- duration: 1098ms -->
      <step title="Cleaning up temp files" date="2025-08-29T15:35:13.702" /><!-- duration: 0ms -->
      <step title="Updating C:\home\data\SitePackages\packagename.txt with deployment 20250829153511.zip" date="2025-08-29T15:35:13.718" /><!-- duration: 78ms -->
      <step title="Skip function trigger and logicapp sync because function is not enabled." date="2025-08-29T15:35:13.796" /><!-- duration: 0ms -->
    </step><!-- duration: 1609ms -->
    <step title="LockFile &apos;C:\home\site\locks\deployments.lock&apos; released" date="2025-08-29T15:35:13.859" /><!-- duration: 0ms -->
    <step title="Deleting shutdown sentinel file" date="2025-08-29T15:35:13.859" SemaphoreCount="8" /><!-- duration: 16ms -->
  </step><!-- duration: 2364ms -->
  <step title="Outgoing response" date="2025-08-29T15:35:13.874" type="response" statusCode="200" statusText="OK" Server="Microsoft-IIS/10.0" x-ms-request-id="bd3bfe76-84ed-11f0-83bf-5aba6e9e812a" Cache-Control="private" X-AspNet-Version="4.0.30319" /><!-- duration: 0ms -->
</step><!-- duration: 2474ms -->
