<step title="Incoming Request" date="2025-08-28T20:43:00.745" instance="7788a4" url="/api/publish?type=zip" method="POST" type="request" pid="108,2,13" Cache-Control="no-cache" Content-Length="58980532" Content-Type="application/octet-stream" Accept="*/*" Accept-Encoding="gzip, deflate" Authorization="Bea..." Host="241runnersawareness-api.scm.azurewebsites.net" User-Agent="AZURECLI/2.76.0 (HOMEBREW)" x-ms-client-request-id="93777e88-844f-11f0-902f-5aba6e9e812a" X-ARR-LOG-ID="93777e88-844f-11f0-902f-5aba6e9e812a" CLIENT-IP="97.75.150.66:38448" X-SITE-DEPLOYMENT-ID="241runnersawareness-api" WAS-DEFAULT-HOSTNAME="241runnersawareness-api.scm.azurewebsites.net" X-Forwarded-Proto="https" X-AppService-Proto="https" X-Forwarded-TlsVersion="1.3" X-WAWS-Unencoded-URL="/api/publish?type=zip" >
  <step title="Cleanup Xml Logs" date="2025-08-28T20:43:00.745" /><!-- duration: 16ms -->
  <step title="OneDeploy" date="2025-08-28T20:43:00.966" >
    <step title="Starting PushDeployAsync" date="2025-08-28T20:43:01.046" /><!-- duration: 12ms -->
    <step title="Updating shutdown sentinel last write time" date="2025-08-28T20:43:01.292" SemaphoreCount="7" /><!-- duration: 31ms -->
    <step title="LockFile &apos;C:\home\site\locks\deployments.lock&apos; acquired" date="2025-08-28T20:43:01.323" /><!-- duration: 17ms -->
    <step title="Deleting outdated zip file C:\home\data\SitePackages\20250828005218.zip" date="2025-08-28T20:43:01.371" /><!-- duration: 19ms -->
    <step title="Saving request content to C:\home\data\SitePackages\20250828204301.zip" date="2025-08-28T20:43:01.390" >
      <step title="Total 58,980,532 bytes written to C:\home\data\SitePackages\20250828204301.zip" date="2025-08-28T20:43:03.356" /><!-- duration: 14ms -->
    </step><!-- duration: 2864ms -->
    <step title="LockFile &apos;C:\home\site\locks\deployments.lock&apos; released" date="2025-08-28T20:43:04.269" /><!-- duration: 0ms -->
    <step title="Deleting shutdown sentinel file" date="2025-08-28T20:43:04.284" SemaphoreCount="8" /><!-- duration: 0ms -->
    <step title="Starting FetchDeploy" date="2025-08-28T20:43:04.284" /><!-- duration: 20ms -->
    <step title="Attempting to fetch target branch HEAD" date="2025-08-28T20:43:04.304" /><!-- duration: 0ms -->
    <step title="Updating shutdown sentinel last write time" date="2025-08-28T20:43:04.316" SemaphoreCount="7" /><!-- duration: 19ms -->
    <step title="LockFile &apos;C:\home\site\locks\deployments.lock&apos; acquired" date="2025-08-28T20:43:04.334" /><!-- duration: 0ms -->
    <step title="Performing fetch based deployment" date="2025-08-28T20:43:04.347" >
      <step title="Creating temporary deployment" date="2025-08-28T20:43:04.365" /><!-- duration: 60ms -->
      <step title="Fetching changes." date="2025-08-28T20:43:04.550" /><!-- duration: 0ms -->
      <step title="Starting LocalZipHandler" date="2025-08-28T20:43:04.566" /><!-- duration: 16ms -->
      <step title="Starting ExtractTriggers" date="2025-08-28T20:43:04.581" /><!-- duration: 16ms -->
      <step title="None repository commit" date="2025-08-28T20:43:04.628" >
        <step title="Commit id: f985fada196c4a2aa33da2f052ea80d9" date="2025-08-28T20:43:04.628" Message="OneDeploy" AuthorName="N/A" AuthorEmail="N/A" /><!-- duration: 0ms -->
      </step><!-- duration: 0ms -->
      <step title="Before sending BuildRequestReceived status to /api/updatedeploystatus" date="2025-08-28T20:43:04.644" /><!-- duration: 0ms -->
      <step title="DeploymentManager.Deploy(id:f985fada196c4a2aa33da2f052ea80d9)" date="2025-08-28T20:43:04.644" >
        <step title="Collecting changeset information" date="2025-08-28T20:43:04.659" /><!-- duration: 31ms -->
        <step title="Updating submodules" date="2025-08-28T20:43:04.706" >
          <step title="Updating submodules." date="2025-08-28T20:43:04.737" /><!-- duration: 0ms -->
        </step><!-- duration: 47ms -->
        <step title="Preparing deployment for commit id &apos;f985fada19&apos;." date="2025-08-28T20:43:04.800" /><!-- duration: 0ms -->
        <step title="Determining deployment builder" date="2025-08-28T20:43:04.831" >
          <step title="Builder is RunFromZipSiteBuilder" date="2025-08-28T20:43:04.847" /><!-- duration: 0ms -->
        </step><!-- duration: 16ms -->
        <step title="Copying SSH keys" date="2025-08-28T20:43:04.878" /><!-- duration: 19ms -->
        <step title="Building" date="2025-08-28T20:43:04.897" >
          <step title="Skipping build. Project type: Run-From-Zip" date="2025-08-28T20:43:04.977" /><!-- duration: 10ms -->
          <step title="Skipping post build. Project type: Run-From-Zip" date="2025-08-28T20:43:05.054" /><!-- duration: 12ms -->
          <step title="Requesting site restart" date="2025-08-28T20:43:05.128" /><!-- duration: 0ms -->
          <step title="Requesting site restart" date="2025-08-28T20:43:05.144" /><!-- duration: 0ms -->
          <step title="Requesting site restart. Attempt #1" date="2025-08-28T20:43:05.192" /><!-- duration: 0ms -->
          <step title="Requesting site restart. Attempt #1" date="2025-08-28T20:43:05.206" /><!-- duration: 0ms -->
          <step title="Successfully requested a restart. Attempt #1" date="2025-08-28T20:43:05.612" /><!-- duration: 16ms -->
          <step title="Successfully requested a restart. Attempt #1" date="2025-08-28T20:43:05.628" /><!-- duration: 0ms -->
          <step title="Deployment successful. DEPLOYMENTINFO: deploymentPath = OneDeploy, deployer = OneDeploy, os = windows, sku = Basic, siteName = 241runnersawareness-api, siteHostName = 241runnersawareness-api.azurewebsites.net, deploymentStatus = Success" date="2025-08-28T20:43:05.659" /><!-- duration: 0ms -->
          <step title="Purge deployment items" date="2025-08-28T20:43:05.883" >
            <step title="Remove e448d6cba, Success, received at 8/27/2025 12:15:20 AM" date="2025-08-28T20:43:05.925" /><!-- duration: 0ms -->
          </step><!-- duration: 42ms -->
        </step><!-- duration: 1059ms -->
      </step><!-- duration: 1313ms -->
      <step title="Cleaning up temp files" date="2025-08-28T20:43:05.956" /><!-- duration: 16ms -->
      <step title="Updating C:\home\data\SitePackages\packagename.txt with deployment 20250828204301.zip" date="2025-08-28T20:43:05.972" /><!-- duration: 96ms -->
      <step title="Skip function trigger and logicapp sync because function is not enabled." date="2025-08-28T20:43:06.081" /><!-- duration: 37ms -->
    </step><!-- duration: 1797ms -->
    <step title="LockFile &apos;C:\home\site\locks\deployments.lock&apos; released" date="2025-08-28T20:43:06.159" /><!-- duration: 0ms -->
    <step title="Deleting shutdown sentinel file" date="2025-08-28T20:43:06.159" SemaphoreCount="8" /><!-- duration: 0ms -->
  </step><!-- duration: 5209ms -->
  <step title="Outgoing response" date="2025-08-28T20:43:06.175" type="response" statusCode="200" statusText="OK" Server="Microsoft-IIS/10.0" x-ms-request-id="93777e88-844f-11f0-902f-5aba6e9e812a" Cache-Control="private" X-AspNet-Version="4.0.30319" /><!-- duration: 0ms -->
</step><!-- duration: 5430ms -->
