<step title="Incoming Request" date="2025-08-30T18:15:26.336" instance="840df5" url="/api/publish?type=zip" method="POST" type="request" pid="820,1,25" Accept="*/*" Host="241runners-api.scm.azurewebsites.net" User-Agent="AZURECLI/2.76.0 (HOMEBREW)" Accept-Encoding="gzip, deflate" Authorization="Bea..." Cache-Control="no-cache" Content-Type="application/octet-stream" Cookie="ARRAffinity=840df5b8900aab23ebfa62117dca9593cf0c36cdffca87bdecae018bcb3dc3cc; ARRAffinitySameSite=840df5b8900aab23ebfa62117dca9593cf0c36cdffca87bdecae018bcb3dc3cc" Content-Length="14615826" x-ms-client-request-id="4066253a-85cd-11f0-86c6-5aba6e9e812a" x-ms-artifact-checksum="f274a8b6c9efdb9edf9ed1b809e2b0d511cc928e510d455adcc279b0279c6065" X-ARR-LOG-ID="4066253a-85cd-11f0-86c6-5aba6e9e812a" CLIENT-IP="97.75.150.66:38511" X-SITE-DEPLOYMENT-ID="241runners-api" WAS-DEFAULT-HOSTNAME="241runners-api.scm.azurewebsites.net" X-Forwarded-Proto="https" X-AppService-Proto="https" X-Forwarded-TlsVersion="1.3" X-WAWS-Unencoded-URL="/api/publish?type=zip" X-Client-IP="97.75.150.66" X-Client-Port="38511" >
  <step title="Cleanup Xml Logs" date="2025-08-30T18:15:26.559" /><!-- duration: 70ms -->
  <step title="OneDeploy" date="2025-08-30T18:15:26.745" >
    <step title="Starting PushDeployAsync" date="2025-08-30T18:15:26.805" /><!-- duration: 17ms -->
    <step title="Writing artifact to /tmp/zipdeploy/67ba26e3-98ee-43d5-8395-da0a1a66ad1e.zip" date="2025-08-30T18:15:26.860" >
      <step title="Writing multipart request body to /tmp/zipdeploy/67ba26e3-98ee-43d5-8395-da0a1a66ad1e.zip" date="2025-08-30T18:15:26.900" /><!-- duration: 38ms -->
    </step><!-- duration: 3304ms -->
    <step title="Attempting to fetch target branch HEAD" date="2025-08-30T18:15:30.558" /><!-- duration: 13ms -->
    <step title="Acquiring Deployment Lock" date="2025-08-30T18:15:30.628" /><!-- duration: 27ms -->
    <step title="Acquired Deployment Lock" date="2025-08-30T18:15:30.793" /><!-- duration: 66ms -->
    <step title="Performing fetch based deployment" date="2025-08-30T18:15:31.023" >
      <step title="Creating temporary deployment" date="2025-08-30T18:15:31.121" /><!-- duration: 1194ms -->
      <step title="Releasing Deployment Lock" date="2025-08-30T18:15:34.612" /><!-- duration: 28ms -->
      <step title="Cleaning up temp folders from previous zip deployments and extracting pushed zip file /tmp/zipdeploy/67ba26e3-98ee-43d5-8395-da0a1a66ad1e.zip (13.94 MB) to /tmp/zipdeploy/extracted" date="2025-08-30T18:15:34.814" >
        <step title="ChmodRecursive Process exited with total time taken in ms: 96" date="2025-08-30T18:15:37.257" /><!-- duration: 20ms -->
      </step><!-- duration: 2493ms -->
      <step title="None repository commit" date="2025-08-30T18:15:37.334" >
        <step title="Commit id: 8d6d0c56-87ec-47ec-a244-691d3f7d8cf4" date="2025-08-30T18:15:37.347" Message="OneDeploy" AuthorName="N/A" AuthorEmail="N/A" /><!-- duration: 18ms -->
      </step><!-- duration: 48ms -->
      <step title="Deployment timer started" date="2025-08-30T18:15:39.422" >
        <step title="DeploymentManager.Deploy(id:8d6d0c56-87ec-47ec-a244-691d3f7d8cf4)" date="2025-08-30T18:15:39.617" >
          <step title="Collecting changeset information" date="2025-08-30T18:15:39.812" /><!-- duration: 213ms -->
          <step title="Updating submodules" date="2025-08-30T18:15:40.124" /><!-- duration: 2965ms -->
          <step title="Determining deployment builder" date="2025-08-30T18:15:43.640" >
            <step title="Builder is OneDeployBuilder" date="2025-08-30T18:15:43.678" /><!-- duration: 26ms -->
          </step><!-- duration: 84ms -->
          <step title="PreDeployment: context.CleanOutputPath False" date="2025-08-30T18:15:43.822" >
            <step title="PreDeployment: context.OutputPath /home/site/wwwroot" date="2025-08-30T18:15:44.067" >
              <step title="Building" date="2025-08-30T18:15:44.401" >
                <step title="Executing external process" date="2025-08-30T18:15:44.941" type="process" path="starter.sh" arguments="/opt/Kudu/Scripts/parallel_rsync.sh /tmp/zipdeploy/extracted /home/site/wwwroot 8 /tmp/ False False  " /><!-- duration: 12028ms -->
                <step title="Modified file to trigger a restart of the app container." date="2025-08-30T18:15:57.791" /><!-- duration: 9ms -->
                <step title="Skip function trigger and logicapp sync because function is not enabled." date="2025-08-30T18:15:57.814" /><!-- duration: 19ms -->
              </step><!-- duration: 14601ms -->
            </step><!-- duration: 14992ms -->
            <step title="Cleaning up temp files" date="2025-08-30T18:15:59.079" /><!-- duration: 56ms -->
            <step title="Cleaning up temp files" date="2025-08-30T18:15:59.235" /><!-- duration: 536ms -->
            <step title="Reloading status file with latest updates" date="2025-08-30T18:15:59.858" >
              <step title="WebHooksManager.PublishEventAsync: PostDeployment" date="2025-08-30T18:15:59.869" /><!-- duration: 84ms -->
            </step><!-- duration: 115ms -->
            <step title="Cleaning up temporary deployment - fetch deployment was successful" date="2025-08-30T18:16:00.013" /><!-- duration: 57ms -->
          </step><!-- duration: 16446ms -->
        </step><!-- duration: 20687ms -->
        <step title="Outgoing response" date="2025-08-30T18:16:00.345" type="response" statusCode="200" statusText="OK" /><!-- duration: 40ms -->
      </step><!-- duration: 20982ms -->
