<step title="Incoming Request" date="2025-08-30T20:34:15.507" instance="840df5" url="/api/zipdeploy?isAsync=true" method="POST" type="request" pid="820,1,68" Accept="*/*" Host="241runners-api.scm.azurewebsites.net" User-Agent="AZURECLI/2.76.0 (HOMEBREW)" Accept-Encoding="gzip, deflate" Authorization="Bea..." Cache-Control="no-cache" Content-Type="application/octet-stream" Cookie="ARRAffinity=840df5b8900aab23ebfa62117dca9593cf0c36cdffca87bdecae018bcb3dc3cc; ARRAffinitySameSite=840df5b8900aab23ebfa62117dca9593cf0c36cdffca87bdecae018bcb3dc3cc" Content-Length="29260763" x-ms-client-request-id="a57a7b16-85e0-11f0-ae2c-5aba6e9e812a" x-ms-artifact-checksum="735fe74332757027e1e56320b76342a0f0741f64f2ab999a204d2e1c5193df72" X-ARR-LOG-ID="a57a7b16-85e0-11f0-ae2c-5aba6e9e812a" CLIENT-IP="97.75.150.66:38577" X-SITE-DEPLOYMENT-ID="241runners-api" WAS-DEFAULT-HOSTNAME="241runners-api.scm.azurewebsites.net" X-Forwarded-Proto="https" X-AppService-Proto="https" X-Forwarded-TlsVersion="1.3" X-WAWS-Unencoded-URL="/api/zipdeploy?isAsync=true" X-Client-IP="97.75.150.66" X-Client-Port="38577" >
  <step title="Cleanup Xml Logs" date="2025-08-30T20:34:15.535" /><!-- duration: 48ms -->
  <step title="ZipPushDeploy" date="2025-08-30T20:34:17.620" >
    <step title="ZipDeploy. Extract zip." date="2025-08-30T20:34:17.801" /><!-- duration: 18ms -->
    <step title="Starting PushDeployAsync" date="2025-08-30T20:34:17.891" /><!-- duration: 18ms -->
    <step title="Writing artifact to /tmp/zipdeploy/3a4a9094-f565-4b6d-82aa-f483de343baf.zip" date="2025-08-30T20:34:17.994" >
      <step title="Writing multipart request body to /tmp/zipdeploy/3a4a9094-f565-4b6d-82aa-f483de343baf.zip" date="2025-08-30T20:34:18.056" /><!-- duration: 26ms -->
    </step><!-- duration: 5450ms -->
    <step title="Start deployment in the background" date="2025-08-30T20:34:23.530" >
      <step title="Acquiring Deployment Lock" date="2025-08-30T20:34:23.903" /><!-- duration: 29ms -->
      <step title="Acquired Deployment Lock" date="2025-08-30T20:34:24.177" /><!-- duration: 49ms -->
    </step><!-- duration: 1133ms -->
  </step><!-- duration: 7333ms -->
  <step title="Outgoing response" date="2025-08-30T20:34:24.982" type="response" statusCode="202" statusText="Accepted" /><!-- duration: 10ms -->
</step><!-- duration: 9516ms -->
