<step title="BackgroundTrace" date="2025-08-27T00:15:19.692" instance="7788a4" url="/api/zipdeploy" method="POST" >
  <step title="Updating shutdown sentinel last write time" date="2025-08-27T00:15:19.726" SemaphoreCount="7" /><!-- duration: 0ms -->
  <step title="LockFile &apos;C:\home\site\locks\deployments.lock&apos; acquired" date="2025-08-27T00:15:19.726" /><!-- duration: 16ms -->
  <step title="Creating temporary deployment" date="2025-08-27T00:15:19.741" /><!-- duration: 31ms -->
  <step title="Performing fetch based deployment" date="2025-08-27T00:15:19.788" >
    <step title="Fetching changes." date="2025-08-27T00:15:19.907" /><!-- duration: 31ms -->
    <step title="Starting LocalZipHandler" date="2025-08-27T00:15:19.955" /><!-- duration: 20ms -->
    <step title="Starting ExtractTriggers" date="2025-08-27T00:15:19.985" /><!-- duration: 0ms -->
    <step title="Before sending BuildRequestReceived status to /api/updatedeploystatus" date="2025-08-27T00:15:20.016" /><!-- duration: 0ms -->
    <step title="DeploymentManager.Deploy(id:e448d6cba2d5468e9949a57849ff96de)" date="2025-08-27T00:15:20.032" >
      <step title="Collecting changeset information" date="2025-08-27T00:15:20.032" /><!-- duration: 47ms -->
      <step title="Updating submodules" date="2025-08-27T00:15:20.096" >
        <step title="Updating submodules." date="2025-08-27T00:15:20.141" /><!-- duration: 0ms -->
      </step><!-- duration: 63ms -->
      <step title="Preparing deployment for commit id &apos;e448d6cba2&apos;." date="2025-08-27T00:15:20.189" /><!-- duration: 0ms -->
      <step title="Determining deployment builder" date="2025-08-27T00:15:20.219" >
        <step title="Builder is RunFromZipSiteBuilder" date="2025-08-27T00:15:20.219" /><!-- duration: 16ms -->
      </step><!-- duration: 16ms -->
      <step title="Copying SSH keys" date="2025-08-27T00:15:20.297" /><!-- duration: 16ms -->
      <step title="Building" date="2025-08-27T00:15:20.313" >
        <step title="Skipping build. Project type: Run-From-Zip" date="2025-08-27T00:15:20.375" /><!-- duration: 0ms -->
        <step title="Skipping post build. Project type: Run-From-Zip" date="2025-08-27T00:15:20.407" /><!-- duration: 0ms -->
        <step title="Triggering recycle (preview mode disabled)." date="2025-08-27T00:15:20.438" /><!-- duration: 0ms -->
        <step title="Ignoring FS watcher based recycle request as this is a classic Windows app." date="2025-08-27T00:15:20.438" /><!-- duration: 16ms -->
        <step title="Deployment successful. DEPLOYMENTINFO: deploymentPath = ZipDeploy. Run from package., deployer = ZipDeploy, os = windows, sku = Basic, siteName = 241runnersawareness-api, siteHostName = 241runnersawareness-api.azurewebsites.net, deploymentStatus = Success" date="2025-08-27T00:15:20.485" /><!-- duration: 0ms -->
        <step title="Purge deployment items" date="2025-08-27T00:15:20.844" >
          <step title="Remove 1b109c966, Success, received at 8/25/2025 6:59:11 PM" date="2025-08-27T00:15:20.891" /><!-- duration: 0ms -->
        </step><!-- duration: 47ms -->
      </step><!-- duration: 594ms -->
    </step><!-- duration: 875ms -->
    <step title="Cleaning up temp files" date="2025-08-27T00:15:20.923" /><!-- duration: 0ms -->
    <step title="Updating C:\home\data\SitePackages\packagename.txt with deployment 20250827001517.zip" date="2025-08-27T00:15:20.943" /><!-- duration: 105ms -->
    <step title="Skip function trigger and logicapp sync because function is not enabled." date="2025-08-27T00:15:21.047" /><!-- duration: 0ms -->
  </step><!-- duration: 1415ms -->
  <step title="LockFile &apos;C:\home\site\locks\deployments.lock&apos; released" date="2025-08-27T00:15:21.204" /><!-- duration: 16ms -->
  <step title="Deleting shutdown sentinel file" date="2025-08-27T00:15:21.219" SemaphoreCount="8" /><!-- duration: 16ms -->
</step><!-- duration: 1543ms -->
