<step title="BackgroundTrace" date="2025-08-29T14:50:08.654" instance="7788a4" url="/api/publish" method="POST" >
  <step title="Updating shutdown sentinel last write time" date="2025-08-29T14:50:08.684" SemaphoreCount="7" /><!-- duration: 0ms -->
  <step title="LockFile &apos;C:\home\site\locks\deployments.lock&apos; acquired" date="2025-08-29T14:50:08.684" /><!-- duration: 20ms -->
  <step title="Creating temporary deployment" date="2025-08-29T14:50:08.715" /><!-- duration: 47ms -->
  <step title="Performing fetch based deployment" date="2025-08-29T14:50:08.777" >
    <step title="Fetching changes." date="2025-08-29T14:50:08.887" /><!-- duration: 16ms -->
    <step title="Starting LocalZipHandler" date="2025-08-29T14:50:08.919" /><!-- duration: 0ms -->
    <step title="Starting ExtractTriggers" date="2025-08-29T14:50:08.919" /><!-- duration: 20ms -->
    <step title="Before sending BuildRequestReceived status to /api/updatedeploystatus" date="2025-08-29T14:50:08.969" /><!-- duration: 13ms -->
    <step title="DeploymentManager.Deploy(id:4925a02c661e4e0fa013fc255c74eb4a)" date="2025-08-29T14:50:08.998" >
      <step title="Collecting changeset information" date="2025-08-29T14:50:09.028" /><!-- duration: 62ms -->
      <step title="Updating submodules" date="2025-08-29T14:50:09.108" >
        <step title="Updating submodules." date="2025-08-29T14:50:09.169" /><!-- duration: 30ms -->
      </step><!-- duration: 111ms -->
      <step title="Preparing deployment for commit id &apos;4925a02c66&apos;." date="2025-08-29T14:50:09.277" /><!-- duration: 0ms -->
      <step title="Determining deployment builder" date="2025-08-29T14:50:09.308" >
        <step title="Builder is RunFromZipSiteBuilder" date="2025-08-29T14:50:09.308" /><!-- duration: 18ms -->
      </step><!-- duration: 18ms -->
      <step title="Copying SSH keys" date="2025-08-29T14:50:09.340" /><!-- duration: 17ms -->
      <step title="Building" date="2025-08-29T14:50:09.357" >
        <step title="Skipping build. Project type: Run-From-Zip" date="2025-08-29T14:50:09.371" /><!-- duration: 0ms -->
        <step title="Skipping post build. Project type: Run-From-Zip" date="2025-08-29T14:50:09.418" /><!-- duration: 0ms -->
        <step title="Requesting site restart" date="2025-08-29T14:50:09.465" /><!-- duration: 0ms -->
        <step title="Requesting site restart" date="2025-08-29T14:50:09.465" /><!-- duration: 0ms -->
        <step title="Requesting site restart. Attempt #1" date="2025-08-29T14:50:09.527" /><!-- duration: 0ms -->
        <step title="Requesting site restart. Attempt #1" date="2025-08-29T14:50:09.527" /><!-- duration: 16ms -->
        <step title="Successfully requested a restart. Attempt #1" date="2025-08-29T14:50:10.251" /><!-- duration: 0ms -->
        <step title="Successfully requested a restart. Attempt #1" date="2025-08-29T14:50:10.300" /><!-- duration: 0ms -->
        <step title="Deployment successful. DEPLOYMENTINFO: deploymentPath = OneDeploy, deployer = OneDeploy, os = windows, sku = Basic, siteName = 241runnersawareness-api, siteHostName = 241runnersawareness-api.azurewebsites.net, deploymentStatus = Success" date="2025-08-29T14:50:10.330" /><!-- duration: 15ms -->
        <step title="Purge deployment items" date="2025-08-29T14:50:10.627" >
          <step title="Remove a5480a20e, Success, received at 8/28/2025 7:41:19 PM" date="2025-08-29T14:50:10.689" /><!-- duration: 0ms -->
        </step><!-- duration: 62ms -->
      </step><!-- duration: 1347ms -->
    </step><!-- duration: 1706ms -->
    <step title="Cleaning up temp files" date="2025-08-29T14:50:10.704" /><!-- duration: 0ms -->
    <step title="Updating C:\home\data\SitePackages\packagename.txt with deployment 20250829145005.zip" date="2025-08-29T14:50:10.720" /><!-- duration: 206ms -->
    <step title="Skip function trigger and logicapp sync because function is not enabled." date="2025-08-29T14:50:10.956" /><!-- duration: 0ms -->
  </step><!-- duration: 2474ms -->
  <step title="LockFile &apos;C:\home\site\locks\deployments.lock&apos; released" date="2025-08-29T14:50:11.267" /><!-- duration: 0ms -->
  <step title="Deleting shutdown sentinel file" date="2025-08-29T14:50:11.283" SemaphoreCount="8" /><!-- duration: 0ms -->
</step><!-- duration: 2628ms -->
