<step title="Incoming Request" date="2025-08-29T15:00:24.919" instance="7788a4" url="/api/publish?async=true&amp;deployer=GITHUB_ONE_DEPLOY&amp;type=zip&amp;message=%7B%22type%22%3A%22deployment%22%2C%22sha%22%3A%22c4eca3d5033f32e80ac33a561d6b6f383a71ca70%22%2C%22repoName%22%3A%22DekuWorks%2F241RunnersAwareness%22%2C%22actor%22%3A%22DekuWorks%22%2C%22slotName%22%3A%22Production%22%2C%22commitMessage%22%3A%22Create%20simplified%20user%20dashboard%20for%20static%20site%5C%5Cn%5C%5Cn-%20Remove%20dependencies%20on%20partials%20and%20external%20stylesheets%5C%5Cn-%20Add%20self-contained%20dashboard%20with%20proper%20authentication%5C%5Cn-%20Include%20welcome%20message%20and%20quick%20action%20cards%5C%5Cn-%20Add%20stats%20overview%20with%20fallback%20to%20default%20values%5C%5Cn-%20Improve%20mobile%20responsiveness%20and%20user%20experience%5C%5Cn-%20Add%20proper%20error%20handling%20and%20loading%20states%22%7D" method="POST" type="request" pid="4888,2,16" Transfer-Encoding="chunked" Content-Type="application/octet-stream" Authorization="Bea..." Cookie="ARRAffinity=7788a455ec154c4663c1b659ef530e471943b5c292ff1be1116a591d0c915669;Path=/;HttpOnly;Secure;Domain=241runnersawareness-api.scm.azurewebsites.net; ARRAffinitySameSite=7788a455ec154c4663c1b659ef530e471943b5c292ff1be1116a591d0c915669;Path=/;HttpOnly;SameSite=None;Secure;Domain=241runnersawareness-api.scm.azurewebsites.net" Host="241runnersawareness-api.scm.azurewebsites.net" User-Agent="GITHUBACTIONS_DeployWebAppToAzure_595ee1b31a2c90a1f7110b9442ef89a098f6ae428a4a7a7da91a41dc86c46f22" X-ARR-LOG-ID="54d68d96-b0a4-4e7f-83eb-75440c5ed297" CLIENT-IP="64.236.141.215:16440" X-SITE-DEPLOYMENT-ID="241runnersawareness-api" WAS-DEFAULT-HOSTNAME="241runnersawareness-api.scm.azurewebsites.net" X-Forwarded-Proto="https" X-AppService-Proto="https" X-Forwarded-TlsVersion="1.3" X-WAWS-Unencoded-URL="/api/publish?async=true&amp;deployer=GITHUB_ONE_DEPLOY&amp;type=zip&amp;message=%7B%22type%22%3A%22deployment%22%2C%22sha%22%3A%22c4eca3d5033f32e80ac33a561d6b6f383a71ca70%22%2C%22repoName%22%3A%22DekuWorks%2F241RunnersAwareness%22%2C%22actor%22%3A%22DekuWorks%22%2C%22slotName%22%3A%22Production%22%2C%22commitMessage%22%3A%22Create%20simplified%20user%20dashboard%20for%20static%20site%5C%5Cn%5C%5Cn-%20Remove%20dependencies%20on%20partials%20and%20external%20stylesheets%5C%5Cn-%20Add%20self-contained%20dashboard%20with%20proper%20authentication%5C%5Cn-%20Include%20welcome%20message%20and%20quick%20action%20cards%5C%5Cn-%20Add%20stats%20overview%20with%20fallback%20to%20default%20values%5C%5Cn-%20Improve%20mobile%20responsiveness%20and%20user%20experience%5C%5Cn-%20Add%20proper%20error%20handling%20and%20loading%20states%22%7D" >
  <step title="OneDeploy" date="2025-08-29T15:00:24.983" >
    <step title="Starting PushDeployAsync" date="2025-08-29T15:00:25.092" /><!-- duration: 19ms -->
    <step title="Updating shutdown sentinel last write time" date="2025-08-29T15:00:25.235" SemaphoreCount="7" /><!-- duration: 12ms -->
    <step title="LockFile &apos;C:\home\site\locks\deployments.lock&apos; acquired" date="2025-08-29T15:00:25.265" /><!-- duration: 0ms -->
    <step title="Deleting outdated zip file C:\home\data\SitePackages\20250829142429.zip" date="2025-08-29T15:00:25.295" /><!-- duration: 0ms -->
    <step title="Saving request content to C:\home\data\SitePackages\20250829150025.zip" date="2025-08-29T15:00:25.295" >
      <step title="Total 28,394,028 bytes written to C:\home\data\SitePackages\20250829150025.zip" date="2025-08-29T15:00:26.982" /><!-- duration: 20ms -->
    </step><!-- duration: 2077ms -->
    <step title="LockFile &apos;C:\home\site\locks\deployments.lock&apos; released" date="2025-08-29T15:00:27.391" /><!-- duration: 0ms -->
    <step title="Deleting shutdown sentinel file" date="2025-08-29T15:00:27.403" SemaphoreCount="8" /><!-- duration: 0ms -->
    <step title="Starting FetchDeploy" date="2025-08-29T15:00:27.420" /><!-- duration: 0ms -->
    <step title="Start deployment in the background" date="2025-08-29T15:00:27.434" /><!-- duration: 94ms -->
  </step><!-- duration: 2578ms -->
  <step title="Outgoing response" date="2025-08-29T15:00:27.591" type="response" statusCode="202" statusText="Accepted" Server="Microsoft-IIS/10.0" x-ms-request-id="54d68d96-b0a4-4e7f-83eb-75440c5ed297" Retry-After="30" Cache-Control="private" X-AspNet-Version="4.0.30319" Location="https://241runnersawareness-api.scm.azurewebsites.net/api/deployments/latest?deployer=OneDeploy&amp;time=2025-08-29_15-00-27Z" /><!-- duration: 0ms -->
</step><!-- duration: 2672ms -->
