<step title="Incoming Request" date="2025-08-30T21:40:15.413" instance="840df5" url="/api/publish?type=zip" method="POST" type="request" pid="823,1,22" Accept="*/*" Host="241runners-api.scm.azurewebsites.net" User-Agent="AZURECLI/2.76.0 (HOMEBREW)" Accept-Encoding="gzip, deflate" Authorization="Bea..." Cache-Control="no-cache" Content-Type="application/octet-stream" Cookie="ARRAffinity=840df5b8900aab23ebfa62117dca9593cf0c36cdffca87bdecae018bcb3dc3cc; ARRAffinitySameSite=840df5b8900aab23ebfa62117dca9593cf0c36cdffca87bdecae018bcb3dc3cc" Content-Length="29263963" x-ms-client-request-id="e16be62e-85e9-11f0-83eb-5aba6e9e812a" x-ms-artifact-checksum="40ef0de8f756e658f210b654e9fd82c66d8225cd036edd16a61abf36feca8936" X-ARR-LOG-ID="e16be62e-85e9-11f0-83eb-5aba6e9e812a" CLIENT-IP="97.75.150.66:38632" X-SITE-DEPLOYMENT-ID="241runners-api" WAS-DEFAULT-HOSTNAME="241runners-api.scm.azurewebsites.net" X-Forwarded-Proto="https" X-AppService-Proto="https" X-Forwarded-TlsVersion="1.3" X-WAWS-Unencoded-URL="/api/publish?type=zip" X-Client-IP="97.75.150.66" X-Client-Port="38632" >
  <step title="Cleanup Xml Logs" date="2025-08-30T21:40:15.434" /><!-- duration: 103ms -->
  <step title="OneDeploy" date="2025-08-30T21:40:16.221" >
    <step title="Starting PushDeployAsync" date="2025-08-30T21:40:16.564" /><!-- duration: 28ms -->
    <step title="Writing artifact to /tmp/zipdeploy/ac888040-8be7-4bf2-879f-6ccb53bd12db.zip" date="2025-08-30T21:40:16.655" >
      <step title="Writing multipart request body to /tmp/zipdeploy/ac888040-8be7-4bf2-879f-6ccb53bd12db.zip" date="2025-08-30T21:40:16.743" /><!-- duration: 11ms -->
    </step><!-- duration: 3871ms -->
    <step title="Attempting to fetch target branch HEAD" date="2025-08-30T21:40:20.778" /><!-- duration: 21ms -->
    <step title="Acquiring Deployment Lock" date="2025-08-30T21:40:20.846" /><!-- duration: 28ms -->
    <step title="Acquired Deployment Lock" date="2025-08-30T21:40:21.001" /><!-- duration: 41ms -->
    <step title="Performing fetch based deployment" date="2025-08-30T21:40:21.144" >
      <step title="Creating temporary deployment" date="2025-08-30T21:40:21.173" /><!-- duration: 1042ms -->
      <step title="Releasing Deployment Lock" date="2025-08-30T21:40:24.503" /><!-- duration: 233ms -->
      <step title="Cleaning up temp folders from previous zip deployments and extracting pushed zip file /tmp/zipdeploy/ac888040-8be7-4bf2-879f-6ccb53bd12db.zip (27.91 MB) to /tmp/zipdeploy/extracted" date="2025-08-30T21:40:24.862" >
        <step title="ChmodRecursive Process exited with total time taken in ms: 390" date="2025-08-30T21:40:28.802" /><!-- duration: 85ms -->
      </step><!-- duration: 4226ms -->
      <step title="None repository commit" date="2025-08-30T21:40:29.213" >
        <step title="Commit id: 83f0cda6-fcf1-4d8b-9177-27e88e9284b4" date="2025-08-30T21:40:29.282" Message="OneDeploy" AuthorName="N/A" AuthorEmail="N/A" /><!-- duration: 29ms -->
      </step><!-- duration: 108ms -->
      <step title="Deployment timer started" date="2025-08-30T21:40:31.477" >
        <step title="DeploymentManager.Deploy(id:83f0cda6-fcf1-4d8b-9177-27e88e9284b4)" date="2025-08-30T21:40:31.513" >
          <step title="Collecting changeset information" date="2025-08-30T21:40:31.650" /><!-- duration: 223ms -->
          <step title="Updating submodules" date="2025-08-30T21:40:31.895" /><!-- duration: 1454ms -->
          <step title="Determining deployment builder" date="2025-08-30T21:40:33.988" >
            <step title="Builder is OneDeployBuilder" date="2025-08-30T21:40:34.073" /><!-- duration: 12ms -->
          </step><!-- duration: 124ms -->
          <step title="PreDeployment: context.CleanOutputPath False" date="2025-08-30T21:40:34.315" >
            <step title="PreDeployment: context.OutputPath /home/site/wwwroot" date="2025-08-30T21:40:34.711" >
              <step title="Building" date="2025-08-30T21:40:35.069" >
                <step title="Executing external process" date="2025-08-30T21:40:36.592" type="process" path="starter.sh" arguments="/opt/Kudu/Scripts/parallel_rsync.sh /tmp/zipdeploy/extracted /home/site/wwwroot 8 /tmp/ False False  " /><!-- duration: 17605ms -->
                <step title="Modified file to trigger a restart of the app container." date="2025-08-30T21:40:55.386" /><!-- duration: 10ms -->
                <step title="Skip function trigger and logicapp sync because function is not enabled." date="2025-08-30T21:40:55.412" /><!-- duration: 10ms -->
                <step title="Purge deployment items" date="2025-08-30T21:40:56.809" >
                  <step title="Remove 01f6455a-, Success, received at 08/30/2025 19:37:41" date="2025-08-30T21:40:56.993" /><!-- duration: 28ms -->
                </step><!-- duration: 222ms -->
              </step><!-- duration: 22108ms -->
            </step><!-- duration: 22590ms -->
            <step title="Cleaning up temp files" date="2025-08-30T21:40:57.332" /><!-- duration: 56ms -->
            <step title="Cleaning up temp files" date="2025-08-30T21:40:57.409" /><!-- duration: 532ms -->
            <step title="Reloading status file with latest updates" date="2025-08-30T21:40:57.981" >
              <step title="WebHooksManager.PublishEventAsync: PostDeployment" date="2025-08-30T21:40:57.996" /><!-- duration: 44ms -->
            </step><!-- duration: 64ms -->
            <step title="Cleaning up temporary deployment - fetch deployment was successful" date="2025-08-30T21:40:58.055" /><!-- duration: 10ms -->
          </step><!-- duration: 23824ms -->
        </step><!-- duration: 26645ms -->
        <step title="Outgoing response" date="2025-08-30T21:40:58.170" type="response" statusCode="200" statusText="OK" /><!-- duration: 5ms -->
      </step><!-- duration: 26702ms -->
