<step title="Incoming Request" date="2025-08-29T15:32:38.265" instance="7788a4" url="/api/publish?type=zip" method="POST" type="request" pid="1348,2,8" Cache-Control="no-cache" Content-Length="7200742" Content-Type="application/octet-stream" Accept="*/*" Accept-Encoding="gzip, deflate" Authorization="Bea..." Host="241runnersawareness-api.scm.azurewebsites.net" User-Agent="AZURECLI/2.76.0 (HOMEBREW)" x-ms-client-request-id="5f39bafc-84ed-11f0-803e-5aba6e9e812a" X-ARR-LOG-ID="5f39bafc-84ed-11f0-803e-5aba6e9e812a" CLIENT-IP="97.75.150.66:38538" X-SITE-DEPLOYMENT-ID="241runnersawareness-api" WAS-DEFAULT-HOSTNAME="241runnersawareness-api.scm.azurewebsites.net" X-Forwarded-Proto="https" X-AppService-Proto="https" X-Forwarded-TlsVersion="1.3" X-WAWS-Unencoded-URL="/api/publish?type=zip" >
  <step title="OneDeploy" date="2025-08-29T15:32:38.937" >
    <step title="Starting PushDeployAsync" date="2025-08-29T15:32:39.035" /><!-- duration: 0ms -->
    <step title="Updating shutdown sentinel last write time" date="2025-08-29T15:32:39.221" SemaphoreCount="7" /><!-- duration: 13ms -->
    <step title="LockFile &apos;C:\home\site\locks\deployments.lock&apos; acquired" date="2025-08-29T15:32:39.250" /><!-- duration: 0ms -->
    <step title="Deleting outdated zip file C:\home\data\SitePackages\20250829145005.zip" date="2025-08-29T15:32:39.281" /><!-- duration: 0ms -->
    <step title="Saving request content to C:\home\data\SitePackages\20250829153239.zip" date="2025-08-29T15:32:39.281" >
      <step title="Total 7,200,742 bytes written to C:\home\data\SitePackages\20250829153239.zip" date="2025-08-29T15:32:39.500" /><!-- duration: 0ms -->
    </step><!-- duration: 531ms -->
    <step title="LockFile &apos;C:\home\site\locks\deployments.lock&apos; released" date="2025-08-29T15:32:39.812" /><!-- duration: 0ms -->
    <step title="Deleting shutdown sentinel file" date="2025-08-29T15:32:39.828" SemaphoreCount="8" /><!-- duration: 0ms -->
    <step title="Starting FetchDeploy" date="2025-08-29T15:32:39.844" /><!-- duration: 0ms -->
    <step title="Attempting to fetch target branch HEAD" date="2025-08-29T15:32:39.859" /><!-- duration: 0ms -->
    <step title="Updating shutdown sentinel last write time" date="2025-08-29T15:32:39.890" SemaphoreCount="7" /><!-- duration: 0ms -->
    <step title="LockFile &apos;C:\home\site\locks\deployments.lock&apos; acquired" date="2025-08-29T15:32:39.890" /><!-- duration: 0ms -->
    <step title="Performing fetch based deployment" date="2025-08-29T15:32:39.906" >
      <step title="Creating temporary deployment" date="2025-08-29T15:32:39.923" /><!-- duration: 111ms -->
      <step title="Fetching changes." date="2025-08-29T15:32:40.204" /><!-- duration: 0ms -->
      <step title="Starting LocalZipHandler" date="2025-08-29T15:32:40.234" /><!-- duration: 0ms -->
      <step title="Starting ExtractTriggers" date="2025-08-29T15:32:40.250" /><!-- duration: 16ms -->
      <step title="None repository commit" date="2025-08-29T15:32:40.265" >
        <step title="Commit id: 723b167155bb44cab5f86f4b08e6cf26" date="2025-08-29T15:32:40.281" Message="OneDeploy" AuthorName="N/A" AuthorEmail="N/A" /><!-- duration: 0ms -->
      </step><!-- duration: 31ms -->
      <step title="Before sending BuildRequestReceived status to /api/updatedeploystatus" date="2025-08-29T15:32:40.316" /><!-- duration: 12ms -->
      <step title="DeploymentManager.Deploy(id:723b167155bb44cab5f86f4b08e6cf26)" date="2025-08-29T15:32:40.345" >
        <step title="Collecting changeset information" date="2025-08-29T15:32:40.375" /><!-- duration: 16ms -->
        <step title="Updating submodules" date="2025-08-29T15:32:40.406" >
          <step title="Updating submodules." date="2025-08-29T15:32:40.484" /><!-- duration: 0ms -->
        </step><!-- duration: 78ms -->
        <step title="Preparing deployment for commit id &apos;723b167155&apos;." date="2025-08-29T15:32:40.594" /><!-- duration: 0ms -->
        <step title="Determining deployment builder" date="2025-08-29T15:32:40.625" >
          <step title="Builder is RunFromZipSiteBuilder" date="2025-08-29T15:32:40.640" /><!-- duration: 0ms -->
        </step><!-- duration: 31ms -->
        <step title="Copying SSH keys" date="2025-08-29T15:32:40.672" /><!-- duration: 0ms -->
        <step title="Building" date="2025-08-29T15:32:40.690" >
          <step title="Skipping build. Project type: Run-From-Zip" date="2025-08-29T15:32:40.734" /><!-- duration: 0ms -->
          <step title="Skipping post build. Project type: Run-From-Zip" date="2025-08-29T15:32:40.797" /><!-- duration: 15ms -->
          <step title="Requesting site restart" date="2025-08-29T15:32:40.875" /><!-- duration: 0ms -->
          <step title="Requesting site restart" date="2025-08-29T15:32:40.875" /><!-- duration: 0ms -->
          <step title="Requesting site restart. Attempt #1" date="2025-08-29T15:32:40.969" /><!-- duration: 0ms -->
          <step title="Requesting site restart. Attempt #1" date="2025-08-29T15:32:40.969" /><!-- duration: 16ms -->
          <step title="Successfully requested a restart. Attempt #1" date="2025-08-29T15:32:41.359" /><!-- duration: 16ms -->
          <step title="Successfully requested a restart. Attempt #1" date="2025-08-29T15:32:41.375" /><!-- duration: 0ms -->
          <step title="Deployment successful. DEPLOYMENTINFO: deploymentPath = OneDeploy, deployer = OneDeploy, os = windows, sku = Basic, siteName = 241runnersawareness-api, siteHostName = 241runnersawareness-api.azurewebsites.net, deploymentStatus = Success" date="2025-08-29T15:32:41.422" /><!-- duration: 0ms -->
          <step title="Purge deployment items" date="2025-08-29T15:32:41.594" >
            <step title="Remove c1de15f02, Success, received at 8/28/2025 8:55:58 PM" date="2025-08-29T15:32:41.656" /><!-- duration: 0ms -->
          </step><!-- duration: 78ms -->
        </step><!-- duration: 998ms -->
      </step><!-- duration: 1342ms -->
      <step title="Cleaning up temp files" date="2025-08-29T15:32:41.703" /><!-- duration: 0ms -->
      <step title="Updating C:\home\data\SitePackages\packagename.txt with deployment 20250829153239.zip" date="2025-08-29T15:32:41.719" /><!-- duration: 63ms -->
      <step title="Skip function trigger and logicapp sync because function is not enabled." date="2025-08-29T15:32:41.781" /><!-- duration: 0ms -->
    </step><!-- duration: 1922ms -->
    <step title="LockFile &apos;C:\home\site\locks\deployments.lock&apos; released" date="2025-08-29T15:32:41.844" /><!-- duration: 0ms -->
    <step title="Deleting shutdown sentinel file" date="2025-08-29T15:32:41.844" SemaphoreCount="8" /><!-- duration: 0ms -->
  </step><!-- duration: 2922ms -->
  <step title="Outgoing response" date="2025-08-29T15:32:41.922" type="response" statusCode="200" statusText="OK" Server="Microsoft-IIS/10.0" x-ms-request-id="5f39bafc-84ed-11f0-803e-5aba6e9e812a" Cache-Control="private" X-AspNet-Version="4.0.30319" /><!-- duration: 0ms -->
</step><!-- duration: 3656ms -->
