<step title="Incoming Request" date="2025-08-30T19:30:30.650" instance="840df5" url="/api/publish?type=zip" method="POST" type="request" pid="820,1,80" Accept="*/*" Host="241runners-api.scm.azurewebsites.net" User-Agent="AZURECLI/2.76.0 (HOMEBREW)" Accept-Encoding="gzip, deflate" Authorization="Bea..." Cache-Control="no-cache" Content-Type="application/octet-stream" Cookie="ARRAffinity=840df5b8900aab23ebfa62117dca9593cf0c36cdffca87bdecae018bcb3dc3cc; ARRAffinitySameSite=840df5b8900aab23ebfa62117dca9593cf0c36cdffca87bdecae018bcb3dc3cc" Content-Length="14589267" x-ms-client-request-id="be41f3e4-85d7-11f0-a9fb-5aba6e9e812a" x-ms-artifact-checksum="8325b121d0533a5128cacfc5d904d31744eb7e9d94857f03a93eea0539996861" X-ARR-LOG-ID="be41f3e4-85d7-11f0-a9fb-5aba6e9e812a" CLIENT-IP="97.75.150.66:38438" X-SITE-DEPLOYMENT-ID="241runners-api" WAS-DEFAULT-HOSTNAME="241runners-api.scm.azurewebsites.net" X-Forwarded-Proto="https" X-AppService-Proto="https" X-Forwarded-TlsVersion="1.3" X-WAWS-Unencoded-URL="/api/publish?type=zip" X-Client-IP="97.75.150.66" X-Client-Port="38438" >
  <step title="Cleanup Xml Logs" date="2025-08-30T19:30:30.656" /><!-- duration: 9ms -->
  <step title="OneDeploy" date="2025-08-30T19:30:30.757" >
    <step title="Starting PushDeployAsync" date="2025-08-30T19:30:30.779" /><!-- duration: 6ms -->
    <step title="Writing artifact to /tmp/zipdeploy/5225819d-8260-4744-a54e-9b78f08b1adf.zip" date="2025-08-30T19:30:30.814" >
      <step title="Writing multipart request body to /tmp/zipdeploy/5225819d-8260-4744-a54e-9b78f08b1adf.zip" date="2025-08-30T19:30:30.834" /><!-- duration: 13ms -->
    </step><!-- duration: 5683ms -->
    <step title="Attempting to fetch target branch HEAD" date="2025-08-30T19:30:36.526" /><!-- duration: 5ms -->
    <step title="Acquiring Deployment Lock" date="2025-08-30T19:30:36.552" /><!-- duration: 4ms -->
    <step title="Acquired Deployment Lock" date="2025-08-30T19:30:36.610" /><!-- duration: 15ms -->
    <step title="Performing fetch based deployment" date="2025-08-30T19:30:36.641" >
      <step title="Creating temporary deployment" date="2025-08-30T19:30:36.658" /><!-- duration: 98ms -->
      <step title="Releasing Deployment Lock" date="2025-08-30T19:30:37.985" /><!-- duration: 8ms -->
      <step title="Cleaning up temp folders from previous zip deployments and extracting pushed zip file /tmp/zipdeploy/5225819d-8260-4744-a54e-9b78f08b1adf.zip (13.91 MB) to /tmp/zipdeploy/extracted" date="2025-08-30T19:30:38.063" >
        <step title="ChmodRecursive Process exited with total time taken in ms: 238" date="2025-08-30T19:30:39.805" /><!-- duration: 5ms -->
      </step><!-- duration: 1769ms -->
      <step title="None repository commit" date="2025-08-30T19:30:39.849" >
        <step title="Commit id: bcd2c48f-fb03-4e2c-bad1-fe81a2368794" date="2025-08-30T19:30:39.855" Message="OneDeploy" AuthorName="N/A" AuthorEmail="N/A" /><!-- duration: 16ms -->
      </step><!-- duration: 25ms -->
      <step title="Deployment timer started" date="2025-08-30T19:30:41.890" >
        <step title="DeploymentManager.Deploy(id:bcd2c48f-fb03-4e2c-bad1-fe81a2368794)" date="2025-08-30T19:30:41.899" >
          <step title="Collecting changeset information" date="2025-08-30T19:30:41.932" /><!-- duration: 110ms -->
          <step title="Updating submodules" date="2025-08-30T19:30:42.050" /><!-- duration: 1143ms -->
          <step title="Determining deployment builder" date="2025-08-30T19:30:43.492" >
            <step title="Builder is OneDeployBuilder" date="2025-08-30T19:30:43.519" /><!-- duration: 6ms -->
          </step><!-- duration: 40ms -->
          <step title="PreDeployment: context.CleanOutputPath False" date="2025-08-30T19:30:43.601" >
            <step title="PreDeployment: context.OutputPath /home/site/wwwroot" date="2025-08-30T19:30:43.763" >
              <step title="Building" date="2025-08-30T19:30:43.921" >
                <step title="Executing external process" date="2025-08-30T19:30:44.745" type="process" path="starter.sh" arguments="/opt/Kudu/Scripts/parallel_rsync.sh /tmp/zipdeploy/extracted /home/site/wwwroot 8 /tmp/ False False  " /><!-- duration: 5407ms -->
                <step title="Modified file to trigger a restart of the app container." date="2025-08-30T19:30:50.683" /><!-- duration: 4ms -->
                <step title="Skip function trigger and logicapp sync because function is not enabled." date="2025-08-30T19:30:50.698" /><!-- duration: 5ms -->
              </step><!-- duration: 7828ms -->
            </step><!-- duration: 8017ms -->
            <step title="Cleaning up temp files" date="2025-08-30T19:30:51.786" /><!-- duration: 10ms -->
            <step title="Cleaning up temp files" date="2025-08-30T19:30:51.811" /><!-- duration: 526ms -->
            <step title="Reloading status file with latest updates" date="2025-08-30T19:30:52.379" >
              <step title="WebHooksManager.PublishEventAsync: PostDeployment" date="2025-08-30T19:30:52.387" /><!-- duration: 68ms -->
            </step><!-- duration: 81ms -->
            <step title="Cleaning up temporary deployment - fetch deployment was successful" date="2025-08-30T19:30:52.468" /><!-- duration: 5ms -->
          </step><!-- duration: 8970ms -->
        </step><!-- duration: 10678ms -->
        <step title="Outgoing response" date="2025-08-30T19:30:52.588" type="response" statusCode="200" statusText="OK" /><!-- duration: 6ms -->
      </step><!-- duration: 10708ms -->
