<step title="Incoming Request" date="2025-08-30T19:24:34.922" instance="840df5" url="/api/publish?type=zip" method="POST" type="request" pid="820,1,85" Accept="*/*" Host="241runners-api.scm.azurewebsites.net" User-Agent="AZURECLI/2.76.0 (HOMEBREW)" Accept-Encoding="gzip, deflate" Authorization="Bea..." Cache-Control="no-cache" Content-Type="application/octet-stream" Cookie="ARRAffinity=840df5b8900aab23ebfa62117dca9593cf0c36cdffca87bdecae018bcb3dc3cc; ARRAffinitySameSite=840df5b8900aab23ebfa62117dca9593cf0c36cdffca87bdecae018bcb3dc3cc" Content-Length="14598908" x-ms-client-request-id="ecda199e-85d6-11f0-bf07-5aba6e9e812a" x-ms-artifact-checksum="64cd1ae47443ac02cf90b0763f58f7521146440d82654faec7d028e28af35e11" X-ARR-LOG-ID="ecda199e-85d6-11f0-bf07-5aba6e9e812a" CLIENT-IP="97.75.150.66:38487" X-SITE-DEPLOYMENT-ID="241runners-api" WAS-DEFAULT-HOSTNAME="241runners-api.scm.azurewebsites.net" X-Forwarded-Proto="https" X-AppService-Proto="https" X-Forwarded-TlsVersion="1.3" X-WAWS-Unencoded-URL="/api/publish?type=zip" X-Client-IP="97.75.150.66" X-Client-Port="38487" >
  <step title="Cleanup Xml Logs" date="2025-08-30T19:24:35.059" /><!-- duration: 90ms -->
  <step title="OneDeploy" date="2025-08-30T19:24:36.297" >
    <step title="Starting PushDeployAsync" date="2025-08-30T19:24:36.520" /><!-- duration: 56ms -->
    <step title="Writing artifact to /tmp/zipdeploy/c7ade3c6-675d-4b44-8367-685935b0557a.zip" date="2025-08-30T19:24:36.643" >
      <step title="Writing multipart request body to /tmp/zipdeploy/c7ade3c6-675d-4b44-8367-685935b0557a.zip" date="2025-08-30T19:24:36.724" /><!-- duration: 47ms -->
    </step><!-- duration: 1260ms -->
    <step title="Attempting to fetch target branch HEAD" date="2025-08-30T19:24:37.919" /><!-- duration: 4ms -->
    <step title="Acquiring Deployment Lock" date="2025-08-30T19:24:37.936" /><!-- duration: 4ms -->
    <step title="Acquired Deployment Lock" date="2025-08-30T19:24:37.975" /><!-- duration: 5ms -->
    <step title="Performing fetch based deployment" date="2025-08-30T19:24:37.991" >
      <step title="Creating temporary deployment" date="2025-08-30T19:24:38.004" /><!-- duration: 82ms -->
      <step title="Releasing Deployment Lock" date="2025-08-30T19:24:39.477" /><!-- duration: 19ms -->
      <step title="Cleaning up temp folders from previous zip deployments and extracting pushed zip file /tmp/zipdeploy/c7ade3c6-675d-4b44-8367-685935b0557a.zip (13.92 MB) to /tmp/zipdeploy/extracted" date="2025-08-30T19:24:39.582" >
        <step title="ChmodRecursive Process exited with total time taken in ms: 339" date="2025-08-30T19:24:41.808" /><!-- duration: 46ms -->
      </step><!-- duration: 2284ms -->
      <step title="None repository commit" date="2025-08-30T19:24:41.924" >
        <step title="Commit id: bffddfdd-9790-453c-80b3-0f6ff4bffbf8" date="2025-08-30T19:24:41.960" Message="OneDeploy" AuthorName="N/A" AuthorEmail="N/A" /><!-- duration: 22ms -->
      </step><!-- duration: 87ms -->
      <step title="Deployment timer started" date="2025-08-30T19:24:44.057" >
        <step title="DeploymentManager.Deploy(id:bffddfdd-9790-453c-80b3-0f6ff4bffbf8)" date="2025-08-30T19:24:44.066" >
          <step title="Collecting changeset information" date="2025-08-30T19:24:44.102" /><!-- duration: 107ms -->
          <step title="Updating submodules" date="2025-08-30T19:24:44.217" /><!-- duration: 1183ms -->
          <step title="Determining deployment builder" date="2025-08-30T19:24:45.682" >
            <step title="Builder is OneDeployBuilder" date="2025-08-30T19:24:45.708" /><!-- duration: 5ms -->
          </step><!-- duration: 39ms -->
          <step title="PreDeployment: context.CleanOutputPath False" date="2025-08-30T19:24:45.782" >
            <step title="PreDeployment: context.OutputPath /home/site/wwwroot" date="2025-08-30T19:24:45.929" >
              <step title="Building" date="2025-08-30T19:24:46.203" >
                <step title="Executing external process" date="2025-08-30T19:24:46.727" type="process" path="starter.sh" arguments="/opt/Kudu/Scripts/parallel_rsync.sh /tmp/zipdeploy/extracted /home/site/wwwroot 8 /tmp/ False False  " /><!-- duration: 5303ms -->
                <step title="Modified file to trigger a restart of the app container." date="2025-08-30T19:24:52.581" /><!-- duration: 5ms -->
                <step title="Skip function trigger and logicapp sync because function is not enabled." date="2025-08-30T19:24:52.602" /><!-- duration: 6ms -->
              </step><!-- duration: 8182ms -->
            </step><!-- duration: 8782ms -->
            <step title="Cleaning up temp files" date="2025-08-30T19:24:54.786" /><!-- duration: 8ms -->
            <step title="Cleaning up temp files" date="2025-08-30T19:24:54.801" /><!-- duration: 547ms -->
            <step title="Reloading status file with latest updates" date="2025-08-30T19:24:55.526" >
              <step title="WebHooksManager.PublishEventAsync: PostDeployment" date="2025-08-30T19:24:55.594" /><!-- duration: 636ms -->
            </step><!-- duration: 745ms -->
            <step title="Cleaning up temporary deployment - fetch deployment was successful" date="2025-08-30T19:24:56.451" /><!-- duration: 5ms -->
          </step><!-- duration: 10756ms -->
        </step><!-- duration: 12492ms -->
        <step title="Outgoing response" date="2025-08-30T19:24:56.587" type="response" statusCode="200" statusText="OK" /><!-- duration: 15ms -->
      </step><!-- duration: 12632ms -->
