<step title="Incoming Request" date="2025-08-30T18:11:24.740" instance="840df5" url="/api/publish?type=zip" method="POST" type="request" pid="820,1,7" Accept="*/*" Host="241runners-api.scm.azurewebsites.net" User-Agent="AZURECLI/2.76.0 (HOMEBREW)" Accept-Encoding="gzip, deflate" Authorization="Bea..." Cache-Control="no-cache" Content-Type="application/octet-stream" Content-Length="14602635" x-ms-client-request-id="a880c6f8-85cc-11f0-b94c-5aba6e9e812a" x-ms-artifact-checksum="f5af95734d62d9af74fb191a19b54aa703727434095d6a0952a83fc95944c34e" X-ARR-LOG-ID="a880c6f8-85cc-11f0-b94c-5aba6e9e812a" CLIENT-IP="97.75.150.66:38488" X-SITE-DEPLOYMENT-ID="241runners-api" WAS-DEFAULT-HOSTNAME="241runners-api.scm.azurewebsites.net" X-Forwarded-Proto="https" X-AppService-Proto="https" X-Forwarded-TlsVersion="1.3" X-WAWS-Unencoded-URL="/api/publish?type=zip" X-Client-IP="97.75.150.66" X-Client-Port="38488" >
  <step title="OneDeploy" date="2025-08-30T18:11:25.516" >
    <step title="None repository commit" date="2025-08-30T18:11:25.555" >
      <step title="Commit id: 831cfce5-5469-4832-9004-166123eb34ac" date="2025-08-30T18:11:25.565" Message="N/A" AuthorName="N/A" AuthorEmail="N/A" /><!-- duration: 4ms -->
    </step><!-- duration: 20ms -->
    <step title="Starting PushDeployAsync" date="2025-08-30T18:11:25.580" /><!-- duration: 6ms -->
    <step title="Writing artifact to /tmp/zipdeploy/afab1b97-7154-4ce5-bc36-b6379dd3d5ba.zip" date="2025-08-30T18:11:25.612" >
      <step title="Writing multipart request body to /tmp/zipdeploy/afab1b97-7154-4ce5-bc36-b6379dd3d5ba.zip" date="2025-08-30T18:11:25.624" /><!-- duration: 9ms -->
    </step><!-- duration: 688ms -->
    <step title="Attempting to fetch target branch HEAD" date="2025-08-30T18:11:26.330" /><!-- duration: 10ms -->
    <step title="Acquiring Deployment Lock" date="2025-08-30T18:11:26.348" /><!-- duration: 4ms -->
    <step title="Acquired Deployment Lock" date="2025-08-30T18:11:26.398" /><!-- duration: 5ms -->
    <step title="Performing fetch based deployment" date="2025-08-30T18:11:26.412" >
      <step title="Creating temporary deployment" date="2025-08-30T18:11:26.417" /><!-- duration: 112ms -->
      <step title="Releasing Deployment Lock" date="2025-08-30T18:11:27.769" /><!-- duration: 17ms -->
      <step title="Cleaning up temp folders from previous zip deployments and extracting pushed zip file /tmp/zipdeploy/afab1b97-7154-4ce5-bc36-b6379dd3d5ba.zip (13.93 MB) to /tmp/zipdeploy/extracted" date="2025-08-30T18:11:27.875" >
        <step title="ChmodRecursive Process exited with total time taken in ms: 250" date="2025-08-30T18:11:29.202" /><!-- duration: 7ms -->
      </step><!-- duration: 1340ms -->
      <step title="None repository commit" date="2025-08-30T18:11:29.219" >
        <step title="Commit id: 831cfce5-5469-4832-9004-166123eb34ac" date="2025-08-30T18:11:29.224" Message="OneDeploy" AuthorName="N/A" AuthorEmail="N/A" /><!-- duration: 4ms -->
      </step><!-- duration: 15ms -->
      <step title="Deployment timer started" date="2025-08-30T18:11:31.245" >
        <step title="DeploymentManager.Deploy(id:831cfce5-5469-4832-9004-166123eb34ac)" date="2025-08-30T18:11:31.252" >
          <step title="Collecting changeset information" date="2025-08-30T18:11:31.270" /><!-- duration: 88ms -->
          <step title="Updating submodules" date="2025-08-30T18:11:31.371" /><!-- duration: 1166ms -->
          <step title="Determining deployment builder" date="2025-08-30T18:11:32.795" >
            <step title="Builder is OneDeployBuilder" date="2025-08-30T18:11:32.812" /><!-- duration: 7ms -->
          </step><!-- duration: 29ms -->
          <step title="PreDeployment: context.CleanOutputPath False" date="2025-08-30T18:11:32.874" >
            <step title="PreDeployment: context.OutputPath /home/site/wwwroot" date="2025-08-30T18:11:33.004" >
              <step title="Building" date="2025-08-30T18:11:33.198" >
                <step title="Executing external process" date="2025-08-30T18:11:33.843" type="process" path="starter.sh" arguments="/opt/Kudu/Scripts/parallel_rsync.sh /tmp/zipdeploy/extracted /home/site/wwwroot 8 /tmp/ False False  " /><!-- duration: 9832ms -->
                <step title="Modified file to trigger a restart of the app container." date="2025-08-30T18:11:44.192" /><!-- duration: 5ms -->
                <step title="Skip function trigger and logicapp sync because function is not enabled." date="2025-08-30T18:11:44.201" /><!-- duration: 4ms -->
              </step><!-- duration: 11715ms -->
            </step><!-- duration: 11922ms -->
            <step title="Cleaning up temp files" date="2025-08-30T18:11:44.931" /><!-- duration: 5ms -->
            <step title="Cleaning up temp files" date="2025-08-30T18:11:44.940" /><!-- duration: 506ms -->
            <step title="Reloading status file with latest updates" date="2025-08-30T18:11:45.494" >
              <step title="WebHooksManager.PublishEventAsync: PostDeployment" date="2025-08-30T18:11:45.499" /><!-- duration: 65ms -->
            </step><!-- duration: 76ms -->
            <step title="Cleaning up temporary deployment - fetch deployment was successful" date="2025-08-30T18:11:45.575" /><!-- duration: 4ms -->
          </step><!-- duration: 12793ms -->
        </step><!-- duration: 14424ms -->
        <step title="Outgoing response" date="2025-08-30T18:11:45.690" type="response" statusCode="200" statusText="OK" /><!-- duration: 4ms -->
      </step><!-- duration: 14454ms -->
