<step title="Incoming Request" date="2025-08-30T19:48:20.575" instance="840df5" url="/api/publish?type=zip" method="POST" type="request" pid="820,1,77" Accept="*/*" Host="241runners-api.scm.azurewebsites.net" User-Agent="AZURECLI/2.76.0 (HOMEBREW)" Accept-Encoding="gzip, deflate" Authorization="Bea..." Cache-Control="no-cache" Content-Type="application/octet-stream" Cookie="ARRAffinity=840df5b8900aab23ebfa62117dca9593cf0c36cdffca87bdecae018bcb3dc3cc; ARRAffinitySameSite=840df5b8900aab23ebfa62117dca9593cf0c36cdffca87bdecae018bcb3dc3cc" Content-Length="14623134" x-ms-client-request-id="4148fd8a-85da-11f0-a53f-5aba6e9e812a" x-ms-artifact-checksum="89c7770e4bdf8a6f90cd3dbe16168d29ef26da3667d7497f5f5b08153ae1e06e" X-ARR-LOG-ID="4148fd8a-85da-11f0-a53f-5aba6e9e812a" CLIENT-IP="97.75.150.66:38438" X-SITE-DEPLOYMENT-ID="241runners-api" WAS-DEFAULT-HOSTNAME="241runners-api.scm.azurewebsites.net" X-Forwarded-Proto="https" X-AppService-Proto="https" X-Forwarded-TlsVersion="1.3" X-WAWS-Unencoded-URL="/api/publish?type=zip" X-Client-IP="97.75.150.66" X-Client-Port="38438" >
  <step title="Cleanup Xml Logs" date="2025-08-30T19:48:20.612" /><!-- duration: 105ms -->
  <step title="OneDeploy" date="2025-08-30T19:48:20.972" >
    <step title="Starting PushDeployAsync" date="2025-08-30T19:48:21.252" /><!-- duration: 13ms -->
    <step title="Writing artifact to /tmp/zipdeploy/27f9c025-4d89-44bd-a516-3d5e5f56e054.zip" date="2025-08-30T19:48:21.303" >
      <step title="Writing multipart request body to /tmp/zipdeploy/27f9c025-4d89-44bd-a516-3d5e5f56e054.zip" date="2025-08-30T19:48:21.309" /><!-- duration: 7ms -->
    </step><!-- duration: 627ms -->
    <step title="Attempting to fetch target branch HEAD" date="2025-08-30T19:48:21.946" /><!-- duration: 7ms -->
    <step title="Acquiring Deployment Lock" date="2025-08-30T19:48:21.979" /><!-- duration: 4ms -->
    <step title="Acquired Deployment Lock" date="2025-08-30T19:48:22.023" /><!-- duration: 5ms -->
    <step title="Performing fetch based deployment" date="2025-08-30T19:48:22.039" >
      <step title="Creating temporary deployment" date="2025-08-30T19:48:22.055" /><!-- duration: 136ms -->
      <step title="Releasing Deployment Lock" date="2025-08-30T19:48:23.672" /><!-- duration: 68ms -->
      <step title="Cleaning up temp folders from previous zip deployments and extracting pushed zip file /tmp/zipdeploy/27f9c025-4d89-44bd-a516-3d5e5f56e054.zip (13.95 MB) to /tmp/zipdeploy/extracted" date="2025-08-30T19:48:23.894" >
        <step title="ChmodRecursive Process exited with total time taken in ms: 193" date="2025-08-30T19:48:26.787" /><!-- duration: 19ms -->
      </step><!-- duration: 2951ms -->
      <step title="None repository commit" date="2025-08-30T19:48:26.950" >
        <step title="Commit id: 29283a9e-cbde-4ed9-8d0a-4f4f4316d2aa" date="2025-08-30T19:48:26.967" Message="OneDeploy" AuthorName="N/A" AuthorEmail="N/A" /><!-- duration: 11ms -->
      </step><!-- duration: 38ms -->
      <step title="Deployment timer started" date="2025-08-30T19:48:29.095" >
        <step title="DeploymentManager.Deploy(id:29283a9e-cbde-4ed9-8d0a-4f4f4316d2aa)" date="2025-08-30T19:48:29.124" >
          <step title="Collecting changeset information" date="2025-08-30T19:48:29.209" /><!-- duration: 205ms -->
          <step title="Updating submodules" date="2025-08-30T19:48:29.538" /><!-- duration: 1367ms -->
          <step title="Determining deployment builder" date="2025-08-30T19:48:31.802" >
            <step title="Builder is OneDeployBuilder" date="2025-08-30T19:48:31.889" /><!-- duration: 46ms -->
          </step><!-- duration: 183ms -->
          <step title="PreDeployment: context.CleanOutputPath False" date="2025-08-30T19:48:32.217" >
            <step title="PreDeployment: context.OutputPath /home/site/wwwroot" date="2025-08-30T19:48:32.613" >
              <step title="Building" date="2025-08-30T19:48:33.359" >
                <step title="Executing external process" date="2025-08-30T19:48:35.083" type="process" path="starter.sh" arguments="/opt/Kudu/Scripts/parallel_rsync.sh /tmp/zipdeploy/extracted /home/site/wwwroot 8 /tmp/ False False  " /><!-- duration: 14503ms -->
                <step title="Modified file to trigger a restart of the app container." date="2025-08-30T19:48:50.131" /><!-- duration: 4ms -->
                <step title="Skip function trigger and logicapp sync because function is not enabled." date="2025-08-30T19:48:50.170" /><!-- duration: 5ms -->
              </step><!-- duration: 18777ms -->
            </step><!-- duration: 19601ms -->
            <step title="Cleaning up temp files" date="2025-08-30T19:48:52.250" /><!-- duration: 22ms -->
            <step title="Cleaning up temp files" date="2025-08-30T19:48:52.299" /><!-- duration: 541ms -->
            <step title="Reloading status file with latest updates" date="2025-08-30T19:48:53.926" >
              <step title="WebHooksManager.PublishEventAsync: PostDeployment" date="2025-08-30T19:48:53.938" /><!-- duration: 81ms -->
            </step><!-- duration: 107ms -->
            <step title="Cleaning up temporary deployment - fetch deployment was successful" date="2025-08-30T19:48:54.055" /><!-- duration: 26ms -->
          </step><!-- duration: 22001ms -->
        </step><!-- duration: 25099ms -->
        <step title="Outgoing response" date="2025-08-30T19:48:54.279" type="response" statusCode="200" statusText="OK" /><!-- duration: 15ms -->
      </step><!-- duration: 25211ms -->
