<step title="Incoming Request" date="2025-08-26T21:26:40.796" instance="7788a4" url="/api/zipdeploy?isAsync=true" method="POST" type="request" pid="6152,2,8" Cache-Control="no-cache" Connection="Keep-Alive" Content-Length="25568167" Content-Type="application/octet-stream" Accept="*/*" Accept-Encoding="gzip, deflate" Authorization="Bea..." Host="241runnersawareness-api.scm.azurewebsites.net" User-Agent="AZURECLI/2.76.0 (MSI)" x-ms-client-request-id="53b498c6-82c3-11f0-8410-f057a69bc617" X-ARR-LOG-ID="53b498c6-82c3-11f0-8410-f057a69bc617" CLIENT-IP="97.75.150.66:38519" X-SITE-DEPLOYMENT-ID="241runnersawareness-api" WAS-DEFAULT-HOSTNAME="241runnersawareness-api.scm.azurewebsites.net" X-Forwarded-Proto="https" X-AppService-Proto="https" X-Forwarded-TlsVersion="1.3" X-WAWS-Unencoded-URL="/api/zipdeploy?isAsync=true" X-MS-COLDSTART="1" >
  <step title="ZipPushDeploy" date="2025-08-26T21:26:41.720" >
    <step title="ZipDeploy. Extract zip. " date="2025-08-26T21:26:41.801" /><!-- duration: 11ms -->
    <step title="Starting PushDeployAsync" date="2025-08-26T21:26:41.831" /><!-- duration: 0ms -->
    <step title="Updating shutdown sentinel last write time" date="2025-08-26T21:26:42.002" SemaphoreCount="7" /><!-- duration: 13ms -->
    <step title="LockFile &apos;C:\home\site\locks\deployments.lock&apos; acquired" date="2025-08-26T21:26:42.015" /><!-- duration: 0ms -->
    <step title="Saving request content to C:\local\Temp\zipdeploy\lxidvdjp.zip" date="2025-08-26T21:26:42.031" >
      <step title="Total 25,568,167 bytes written to C:\local\Temp\zipdeploy\lxidvdjp.zip" date="2025-08-26T21:26:44.036" /><!-- duration: 0ms -->
    </step><!-- duration: 2055ms -->
    <step title="LockFile &apos;C:\home\site\locks\deployments.lock&apos; released" date="2025-08-26T21:26:44.085" /><!-- duration: 0ms -->
    <step title="Deleting shutdown sentinel file" date="2025-08-26T21:26:44.099" SemaphoreCount="8" /><!-- duration: 0ms -->
    <step title="Starting FetchDeploy" date="2025-08-26T21:26:44.115" /><!-- duration: 15ms -->
    <step title="Start deployment in the background" date="2025-08-26T21:26:44.130" /><!-- duration: 159ms -->
  </step><!-- duration: 2569ms -->
  <step title="Outgoing response" date="2025-08-26T21:26:44.459" type="response" statusCode="202" statusText="Accepted" Server="Microsoft-IIS/10.0" x-ms-request-id="53b498c6-82c3-11f0-8410-f057a69bc617" Retry-After="30" Cache-Control="private" X-AspNet-Version="4.0.30319" Location="https://241runnersawareness-api.scm.azurewebsites.net/api/deployments/latest?deployer=ZipDeploy&amp;time=2025-08-26_21-26-44Z" /><!-- duration: 0ms -->
</step><!-- duration: 3678ms -->
