<step title="Incoming Request" date="2025-08-30T20:12:25.216" instance="840df5" url="/api/publish?type=zip" method="POST" type="request" pid="820,1,58" Accept="*/*" Host="241runners-api.scm.azurewebsites.net" User-Agent="AZURECLI/2.76.0 (HOMEBREW)" Accept-Encoding="gzip, deflate" Authorization="Bea..." Cache-Control="no-cache" Content-Type="application/octet-stream" Cookie="ARRAffinity=840df5b8900aab23ebfa62117dca9593cf0c36cdffca87bdecae018bcb3dc3cc; ARRAffinitySameSite=840df5b8900aab23ebfa62117dca9593cf0c36cdffca87bdecae018bcb3dc3cc" Content-Length="14657889" x-ms-client-request-id="9e5574ce-85dd-11f0-933a-5aba6e9e812a" x-ms-artifact-checksum="06f51c8585b02cad67760edf36c0786bb0c03a8ece99b2c35d289867adf7f6e4" X-ARR-LOG-ID="9e5574ce-85dd-11f0-933a-5aba6e9e812a" CLIENT-IP="97.75.150.66:38647" X-SITE-DEPLOYMENT-ID="241runners-api" WAS-DEFAULT-HOSTNAME="241runners-api.scm.azurewebsites.net" X-Forwarded-Proto="https" X-AppService-Proto="https" X-Forwarded-TlsVersion="1.3" X-WAWS-Unencoded-URL="/api/publish?type=zip" X-Client-IP="97.75.150.66" X-Client-Port="38647" >
  <step title="Cleanup Xml Logs" date="2025-08-30T20:12:25.584" /><!-- duration: 20ms -->
  <step title="OneDeploy" date="2025-08-30T20:12:25.654" >
    <step title="Starting PushDeployAsync" date="2025-08-30T20:12:25.722" /><!-- duration: 19ms -->
    <step title="Writing artifact to /tmp/zipdeploy/56315ecb-c7b2-43db-91a2-adf0e1299e8e.zip" date="2025-08-30T20:12:25.779" >
      <step title="Writing multipart request body to /tmp/zipdeploy/56315ecb-c7b2-43db-91a2-adf0e1299e8e.zip" date="2025-08-30T20:12:25.792" /><!-- duration: 26ms -->
    </step><!-- duration: 7070ms -->
    <step title="Attempting to fetch target branch HEAD" date="2025-08-30T20:12:33.092" /><!-- duration: 1040ms -->
    <step title="Acquiring Deployment Lock" date="2025-08-30T20:12:34.376" /><!-- duration: 5ms -->
    <step title="Acquired Deployment Lock" date="2025-08-30T20:12:34.432" /><!-- duration: 5ms -->
    <step title="Performing fetch based deployment" date="2025-08-30T20:12:34.451" >
      <step title="Creating temporary deployment" date="2025-08-30T20:12:34.489" /><!-- duration: 185ms -->
      <step title="Releasing Deployment Lock" date="2025-08-30T20:12:36.007" /><!-- duration: 7ms -->
      <step title="Cleaning up temp folders from previous zip deployments and extracting pushed zip file /tmp/zipdeploy/56315ecb-c7b2-43db-91a2-adf0e1299e8e.zip (13.98 MB) to /tmp/zipdeploy/extracted" date="2025-08-30T20:12:36.053" >
        <step title="ChmodRecursive Process exited with total time taken in ms: 42" date="2025-08-30T20:12:37.598" /><!-- duration: 6ms -->
      </step><!-- duration: 1559ms -->
      <step title="None repository commit" date="2025-08-30T20:12:37.632" >
        <step title="Commit id: 1f98b0f4-d1b6-4677-97c0-3b042f117874" date="2025-08-30T20:12:37.640" Message="OneDeploy" AuthorName="N/A" AuthorEmail="N/A" /><!-- duration: 6ms -->
      </step><!-- duration: 18ms -->
      <step title="Deployment timer started" date="2025-08-30T20:12:39.681" >
        <step title="DeploymentManager.Deploy(id:1f98b0f4-d1b6-4677-97c0-3b042f117874)" date="2025-08-30T20:12:39.701" >
          <step title="Collecting changeset information" date="2025-08-30T20:12:39.780" /><!-- duration: 225ms -->
          <step title="Updating submodules" date="2025-08-30T20:12:40.014" /><!-- duration: 1258ms -->
          <step title="Determining deployment builder" date="2025-08-30T20:12:41.719" >
            <step title="Builder is OneDeployBuilder" date="2025-08-30T20:12:41.782" /><!-- duration: 20ms -->
          </step><!-- duration: 104ms -->
          <step title="PreDeployment: context.CleanOutputPath False" date="2025-08-30T20:12:41.995" >
            <step title="PreDeployment: context.OutputPath /home/site/wwwroot" date="2025-08-30T20:12:42.404" >
              <step title="Building" date="2025-08-30T20:12:42.712" >
                <step title="Executing external process" date="2025-08-30T20:12:43.985" type="process" path="starter.sh" arguments="/opt/Kudu/Scripts/parallel_rsync.sh /tmp/zipdeploy/extracted /home/site/wwwroot 8 /tmp/ False False  " /><!-- duration: 11741ms -->
                <step title="Modified file to trigger a restart of the app container." date="2025-08-30T20:12:56.511" /><!-- duration: 18ms -->
                <step title="Skip function trigger and logicapp sync because function is not enabled." date="2025-08-30T20:12:56.539" /><!-- duration: 12ms -->
              </step><!-- duration: 15917ms -->
            </step><!-- duration: 16301ms -->
            <step title="Cleaning up temp files" date="2025-08-30T20:12:58.735" /><!-- duration: 19ms -->
            <step title="Cleaning up temp files" date="2025-08-30T20:12:58.783" /><!-- duration: 524ms -->
            <step title="Reloading status file with latest updates" date="2025-08-30T20:12:59.398" >
              <step title="WebHooksManager.PublishEventAsync: PostDeployment" date="2025-08-30T20:12:59.426" /><!-- duration: 107ms -->
            </step><!-- duration: 154ms -->
            <step title="Cleaning up temporary deployment - fetch deployment was successful" date="2025-08-30T20:12:59.571" /><!-- duration: 9ms -->
          </step><!-- duration: 17721ms -->
        </step><!-- duration: 20038ms -->
        <step title="Outgoing response" date="2025-08-30T20:12:59.815" type="response" statusCode="200" statusText="OK" /><!-- duration: 11ms -->
      </step><!-- duration: 20154ms -->
