<step title="Incoming Request" date="2025-08-29T14:24:28.865" instance="7788a4" url="/api/zipdeploy?isAsync=true" method="POST" type="request" pid="6416,2,8" Cache-Control="no-cache" Content-Length="25735559" Content-Type="application/octet-stream" Accept="*/*" Accept-Encoding="gzip, deflate" Authorization="Bea..." Host="241runnersawareness-api.scm.azurewebsites.net" User-Agent="AZURECLI/2.76.0 (HOMEBREW)" x-ms-client-request-id="da556eb6-84e3-11f0-8e00-5aba6e9e812a" X-ARR-LOG-ID="da556eb6-84e3-11f0-8e00-5aba6e9e812a" CLIENT-IP="97.75.150.66:38495" X-SITE-DEPLOYMENT-ID="241runnersawareness-api" WAS-DEFAULT-HOSTNAME="241runnersawareness-api.scm.azurewebsites.net" X-Forwarded-Proto="https" X-AppService-Proto="https" X-Forwarded-TlsVersion="1.3" X-WAWS-Unencoded-URL="/api/zipdeploy?isAsync=true" >
  <step title="ZipPushDeploy" date="2025-08-29T14:24:29.615" >
    <step title="ZipDeploy. Run from package." date="2025-08-29T14:24:29.706" /><!-- duration: 0ms -->
    <step title="Starting PushDeployAsync" date="2025-08-29T14:24:29.726" /><!-- duration: 0ms -->
    <step title="Updating shutdown sentinel last write time" date="2025-08-29T14:24:29.909" SemaphoreCount="7" /><!-- duration: 0ms -->
    <step title="LockFile &apos;C:\home\site\locks\deployments.lock&apos; acquired" date="2025-08-29T14:24:29.926" /><!-- duration: 0ms -->
    <step title="Deleting outdated zip file C:\home\data\SitePackages\20250828224349.zip" date="2025-08-29T14:24:29.946" /><!-- duration: 10ms -->
    <step title="Saving request content to C:\home\data\SitePackages\20250829142429.zip" date="2025-08-29T14:24:29.956" >
      <step title="Total 25,735,559 bytes written to C:\home\data\SitePackages\20250829142429.zip" date="2025-08-29T14:24:30.691" /><!-- duration: 20ms -->
    </step><!-- duration: 1140ms -->
    <step title="LockFile &apos;C:\home\site\locks\deployments.lock&apos; released" date="2025-08-29T14:24:31.096" /><!-- duration: 0ms -->
    <step title="Deleting shutdown sentinel file" date="2025-08-29T14:24:31.112" SemaphoreCount="8" /><!-- duration: 0ms -->
    <step title="Starting FetchDeploy" date="2025-08-29T14:24:31.128" /><!-- duration: 0ms -->
    <step title="Start deployment in the background" date="2025-08-29T14:24:31.128" /><!-- duration: 625ms -->
  </step><!-- duration: 2138ms -->
  <step title="Outgoing response" date="2025-08-29T14:24:31.831" type="response" statusCode="202" statusText="Accepted" Server="Microsoft-IIS/10.0" x-ms-request-id="da556eb6-84e3-11f0-8e00-5aba6e9e812a" Retry-After="30" Cache-Control="private" X-AspNet-Version="4.0.30319" Location="https://241runnersawareness-api.scm.azurewebsites.net/api/deployments/latest?deployer=ZipDeploy&amp;time=2025-08-29_14-24-31Z" /><!-- duration: 17ms -->
</step><!-- duration: 2982ms -->
