﻿<?xml version="1.0" encoding="utf-8"?>
<deployment>
  <id>6c92d7cf-8df8-456f-a90f-33ce8868a142</id>
  <author>N/A</author>
  <deployer>OneDeploy</deployer>
  <authorEmail>N/A</authorEmail>
  <message>OneDeploy</message>
  <progress></progress>
  <status>Success</status>
  <statusText></statusText>
  <lastSuccessEndTime>2025-09-08T23:01:40.0415872Z</lastSuccessEndTime>
  <receivedTime>2025-09-08T23:01:34.1674928Z</receivedTime>
  <startTime>2025-09-08T23:01:35.6149943Z</startTime>
  <endTime>2025-09-08T23:01:40.0415872Z</endTime>
  <complete>True</complete>
  <is_temp>False</is_temp>
  <is_readonly>True</is_readonly>
  <buildSummary />
</deployment>