﻿<?xml version="1.0" encoding="utf-8"?>
<deployment>
  <id>0a98cd02f6fd43a7973b2429cc975e8f</id>
  <author>N/A</author>
  <deployer>ZipDeploy</deployer>
  <authorEmail>N/A</authorEmail>
  <message>Created via a push deployment</message>
  <progress></progress>
  <status>Success</status>
  <statusText></statusText>
  <lastSuccessEndTime>2025-08-27T00:22:15.9947854Z</lastSuccessEndTime>
  <receivedTime>2025-08-27T00:22:15.6510318Z</receivedTime>
  <startTime>2025-08-27T00:22:15.776079Z</startTime>
  <endTime>2025-08-27T00:22:15.9947854Z</endTime>
  <complete>True</complete>
  <is_temp>False</is_temp>
  <is_readonly>True</is_readonly>
  <project_type>Run-From-Zip</project_type>
  <vsproject_id></vsproject_id>
</deployment>