﻿<?xml version="1.0" encoding="utf-8"?>
<deployment>
  <id>88e92e58-d3a8-495f-b3ce-3ba3f9bac7c2</id>
  <author>N/A</author>
  <deployer>Push-Deployer</deployer>
  <authorEmail>N/A</authorEmail>
  <message>Created via a push deployment</message>
  <progress></progress>
  <status>Success</status>
  <statusText></statusText>
  <lastSuccessEndTime>2025-09-08T18:03:11.3932815Z</lastSuccessEndTime>
  <receivedTime>2025-09-08T18:03:05.859388Z</receivedTime>
  <startTime>2025-09-08T18:03:07.8437156Z</startTime>
  <endTime>2025-09-08T18:03:11.3932815Z</endTime>
  <complete>True</complete>
  <is_temp>False</is_temp>
  <is_readonly>True</is_readonly>
  <buildSummary />
</deployment>