﻿<?xml version="1.0" encoding="utf-8"?>
<deployment>
  <id>0263e6f922374b2fbc659822b59e7e02</id>
  <author>N/A</author>
  <deployer>ZipDeploy</deployer>
  <authorEmail>N/A</authorEmail>
  <message>Created via a push deployment</message>
  <progress></progress>
  <status>Success</status>
  <statusText></statusText>
  <lastSuccessEndTime>2025-08-29T15:26:44.5648901Z</lastSuccessEndTime>
  <receivedTime>2025-08-29T15:26:44.1898129Z</receivedTime>
  <startTime>2025-08-29T15:26:44.299189Z</startTime>
  <endTime>2025-08-29T15:26:44.5648901Z</endTime>
  <complete>True</complete>
  <is_temp>False</is_temp>
  <is_readonly>True</is_readonly>
  <project_type>Run-From-Zip</project_type>
  <vsproject_id></vsproject_id>
</deployment>