﻿<?xml version="1.0" encoding="utf-8"?>
<deployment>
  <id>99e7f043-53a6-461b-906d-af259f7b6b72</id>
  <author>N/A</author>
  <deployer>OneDeploy</deployer>
  <authorEmail>N/A</authorEmail>
  <message>OneDeploy</message>
  <progress></progress>
  <status>Success</status>
  <statusText></statusText>
  <lastSuccessEndTime>2025-09-08T14:25:08.2900221Z</lastSuccessEndTime>
  <receivedTime>2025-09-08T14:25:00.8040478Z</receivedTime>
  <startTime>2025-09-08T14:25:02.2018167Z</startTime>
  <endTime>2025-09-08T14:25:08.2900221Z</endTime>
  <complete>True</complete>
  <is_temp>False</is_temp>
  <is_readonly>True</is_readonly>
  <buildSummary />
</deployment>