﻿<?xml version="1.0" encoding="utf-8"?>
<deployment>
  <id>1d5e187d8603407f822ff47bcd15378f</id>
  <author>N/A</author>
  <deployer>ZipDeploy</deployer>
  <authorEmail>N/A</authorEmail>
  <message>Created via a push deployment</message>
  <progress></progress>
  <status>Success</status>
  <statusText></statusText>
  <lastSuccessEndTime>2025-08-26T21:26:57.1582717Z</lastSuccessEndTime>
  <receivedTime>2025-08-26T21:26:48.6306743Z</receivedTime>
  <startTime>2025-08-26T21:26:48.8963545Z</startTime>
  <endTime>2025-08-26T21:26:57.1582717Z</endTime>
  <complete>True</complete>
  <is_temp>False</is_temp>
  <is_readonly>True</is_readonly>
  <project_type>BASIC</project_type>
  <vsproject_id></vsproject_id>
</deployment>