{"TimeStamp":"2025-08-28T00:52:22Z","SiteName":"241runnersawareness-api","RequestId":"89a991d0-d9e8-4274-a633-df1698eef0a1","Kind":"OneDeploy","Status":"Success","Details":"{\"Id\":\"841492fc392943f6aa459235e0da0d14\",\"Status\":4,\"StatusText\":\"\",\"AuthorEmail\":\"N/A\",\"Author\":\"N/A\",\"Message\":\"OneDeploy\",\"Progress\":\"\",\"Deployer\":\"OneDeploy\",\"ReceivedTime\":\"2025-08-28T00:52:21.0216044Z\",\"StartTime\":\"2025-08-28T00:52:21.2247278Z\",\"EndTime\":\"2025-08-28T00:52:22.4747555Z\",\"LastSuccessEndTime\":\"2025-08-28T00:52:22.4747555Z\",\"Complete\":true,\"IsTemporary\":false,\"IsReadOnly\":true,\"SiteName\":\"241runnersawareness-api\",\"HostName\":\"241runnersawareness-api.scm.azurewebsites.net\",\"ProjectType\":\"Run-From-Zip\",\"VsProjectId\":null}"}