﻿<?xml version="1.0" encoding="utf-8"?>
<deployment>
  <id>28d7b624df9e4c7b9908b9c8af4b425d</id>
  <author>N/A</author>
  <deployer>ZipDeploy</deployer>
  <authorEmail>N/A</authorEmail>
  <message>Created via a push deployment</message>
  <progress></progress>
  <status>Success</status>
  <statusText></statusText>
  <lastSuccessEndTime>2025-08-27T00:28:57.0113929Z</lastSuccessEndTime>
  <receivedTime>2025-08-27T00:28:56.6282196Z</receivedTime>
  <startTime>2025-08-27T00:28:56.7301407Z</startTime>
  <endTime>2025-08-27T00:28:57.0113929Z</endTime>
  <complete>True</complete>
  <is_temp>False</is_temp>
  <is_readonly>True</is_readonly>
  <project_type>Run-From-Zip</project_type>
  <vsproject_id></vsproject_id>
</deployment>