{"TimeStamp":"2025-08-29T15:32:41Z","SiteName":"241runnersawareness-api","RequestId":"5f39bafc-84ed-11f0-803e-5aba6e9e812a","Kind":"OneDeploy","Status":"Success","Details":"{\"Id\":\"723b167155bb44cab5f86f4b08e6cf26\",\"Status\":4,\"StatusText\":\"\",\"AuthorEmail\":\"N/A\",\"Author\":\"N/A\",\"Message\":\"OneDeploy\",\"Progress\":\"\",\"Deployer\":\"OneDeploy\",\"ReceivedTime\":\"2025-08-29T15:32:40.3909464Z\",\"StartTime\":\"2025-08-29T15:32:40.6097506Z\",\"EndTime\":\"2025-08-29T15:32:41.4378373Z\",\"LastSuccessEndTime\":\"2025-08-29T15:32:41.4378373Z\",\"Complete\":true,\"IsTemporary\":false,\"IsReadOnly\":true,\"SiteName\":\"241runnersawareness-api\",\"HostName\":\"241runnersawareness-api.scm.azurewebsites.net\",\"ProjectType\":\"Run-From-Zip\",\"VsProjectId\":null}"}