{"TimeStamp":"2025-08-27T00:01:13Z","SiteName":"241runnersawareness-api","RequestId":"ed46b048-82d8-11f0-9ea8-f057a69bc617","Kind":"ZipDeploy","Status":"Success","Details":"{\"Id\":\"da543b126c4d4e44b9b2b922cf1f0481\",\"Status\":4,\"StatusText\":\"\",\"AuthorEmail\":\"N/A\",\"Author\":\"N/A\",\"Message\":\"Created via a push deployment\",\"Progress\":\"\",\"Deployer\":\"ZipDeploy\",\"ReceivedTime\":\"2025-08-27T00:01:13.4094699Z\",\"StartTime\":\"2025-08-27T00:01:13.5180067Z\",\"EndTime\":\"2025-08-27T00:01:13.8461328Z\",\"LastSuccessEndTime\":\"2025-08-27T00:01:13.8461328Z\",\"Complete\":true,\"IsTemporary\":false,\"IsReadOnly\":true,\"SiteName\":\"241runnersawareness-api\",\"HostName\":\"241runnersawareness-api.scm.azurewebsites.net\",\"ProjectType\":\"Run-From-Zip\",\"VsProjectId\":null}"}