﻿<?xml version="1.0" encoding="utf-8"?>
<deployment>
  <id>a43ceff1-69ef-4b39-a23a-7575ad112451</id>
  <author>N/A</author>
  <deployer>OneDeploy</deployer>
  <authorEmail>N/A</authorEmail>
  <message>OneDeploy</message>
  <progress></progress>
  <status>Success</status>
  <statusText></statusText>
  <lastSuccessEndTime>2025-09-08T23:07:42.4995698Z</lastSuccessEndTime>
  <receivedTime>2025-09-08T23:07:35.7298702Z</receivedTime>
  <startTime>2025-09-08T23:07:37.1307927Z</startTime>
  <endTime>2025-09-08T23:07:42.4995698Z</endTime>
  <complete>True</complete>
  <is_temp>False</is_temp>
  <is_readonly>True</is_readonly>
  <buildSummary />
</deployment>