﻿<?xml version="1.0" encoding="utf-8"?>
<deployment>
  <id>be17c8c5-21a3-44fc-bed2-fbde829b8888</id>
  <author>N/A</author>
  <deployer>OneDeploy</deployer>
  <authorEmail>N/A</authorEmail>
  <message>OneDeploy</message>
  <progress></progress>
  <status>Success</status>
  <statusText></statusText>
  <lastSuccessEndTime>2025-08-30T21:34:23.2547289Z</lastSuccessEndTime>
  <receivedTime>2025-08-30T21:33:55.6041469Z</receivedTime>
  <startTime>2025-08-30T21:33:59.5895969Z</startTime>
  <endTime>2025-08-30T21:34:23.2547289Z</endTime>
  <complete>True</complete>
  <is_temp>False</is_temp>
  <is_readonly>True</is_readonly>
  <buildSummary />
</deployment>