﻿<?xml version="1.0" encoding="utf-8"?>
<deployment>
  <id>4fac1bba600d4720b2283f0bca724f44</id>
  <author>N/A</author>
  <deployer>ZipDeploy</deployer>
  <authorEmail>N/A</authorEmail>
  <message>Created via a push deployment</message>
  <progress></progress>
  <status>Success</status>
  <statusText></statusText>
  <lastSuccessEndTime>2025-08-24T21:48:33.7957963Z</lastSuccessEndTime>
  <receivedTime>2025-08-24T21:48:29.5869153Z</receivedTime>
  <startTime>2025-08-24T21:48:29.7927476Z</startTime>
  <endTime>2025-08-24T21:48:33.7957963Z</endTime>
  <complete>True</complete>
  <is_temp>False</is_temp>
  <is_readonly>True</is_readonly>
  <project_type>BASIC</project_type>
  <vsproject_id></vsproject_id>
</deployment>