﻿<?xml version="1.0" encoding="utf-8"?>
<deployment>
  <id>5ee9ec260fde4fac9a692e2a3c4fb15e</id>
  <author>N/A</author>
  <deployer>ZipDeploy</deployer>
  <authorEmail>N/A</authorEmail>
  <message>Created via a push deployment</message>
  <progress></progress>
  <status>Success</status>
  <statusText></statusText>
  <lastSuccessEndTime>2025-08-24T20:57:46.6995993Z</lastSuccessEndTime>
  <receivedTime>2025-08-24T20:57:42.9135789Z</receivedTime>
  <startTime>2025-08-24T20:57:43.1479523Z</startTime>
  <endTime>2025-08-24T20:57:46.6995993Z</endTime>
  <complete>True</complete>
  <is_temp>False</is_temp>
  <is_readonly>True</is_readonly>
  <project_type>BASIC</project_type>
  <vsproject_id></vsproject_id>
</deployment>