{"TimeStamp":"2025-08-25T17:11:03Z","SiteName":"241runnersawareness-api","RequestId":"6ef78d4d-81d6-11f0-8f13-f057a69bc617","Kind":"ZipDeploy","Status":"Success","Details":"{\"Id\":\"5ff6f3f4b7484173911f34a8ace8b37e\",\"Status\":4,\"StatusText\":\"\",\"AuthorEmail\":\"N/A\",\"Author\":\"N/A\",\"Message\":\"Created via a push deployment\",\"Progress\":\"\",\"Deployer\":\"ZipDeploy\",\"ReceivedTime\":\"2025-08-25T17:10:55.1486901Z\",\"StartTime\":\"2025-08-25T17:10:55.4455141Z\",\"EndTime\":\"2025-08-25T17:11:03.6366337Z\",\"LastSuccessEndTime\":\"2025-08-25T17:11:03.6366337Z\",\"Complete\":true,\"IsTemporary\":false,\"IsReadOnly\":true,\"SiteName\":\"241runnersawareness-api\",\"HostName\":\"241runnersawareness-api.scm.azurewebsites.net\",\"ProjectType\":\"BASIC\",\"VsProjectId\":null}"}