[
  {
    "name": "ASPNETCORE_ENVIRONMENT",
    "value": "Production",
    "slotSetting": false
  },
  {
    "name": "DB_CONNECTION_STRING",
    "value": "Server=241runners-sql-server-2025.database.windows.net;Database=RunnersDb;User Id=sqladmin;Password=YourStrongPassword123!;TrustServerCertificate=True;MultipleActiveResultSets=true;Connection Timeout=30;Command Timeout=30;",
    "slotSetting": false
  },
  {
    "name": "JWT_SECRET_KEY",
    "value": "241RunnersAwareness-Production-Secret-Key-2025-Change-In-Production-64-Chars-Minimum",
    "slotSetting": false
  },
  {
    "name": "JWT_ISSUER",
    "value": "241RunnersAwareness",
    "slotSetting": false
  },
  {
    "name": "JWT_AUDIENCE",
    "value": "241RunnersAwareness",
    "slotSetting": false
  },
  {
    "name": "JWT_EXPIRY_IN_MINUTES",
    "value": "60",
    "slotSetting": false
  },
  {
    "name": "JWT_REFRESH_TOKEN_EXPIRY_IN_DAYS",
    "value": "30",
    "slotSetting": false
  },
  {
    "name": "GOOGLE_CLIENT_ID",
    "value": "933970195369-67fjn7t28p7q8a3grar5a46jad4mvinq.apps.googleusercontent.com",
    "slotSetting": false
  },
  {
    "name": "GOOGLE_CLIENT_SECRET",
    "value": "your-google-client-secret",
    "slotSetting": false
  },
  {
    "name": "SENDGRID_API_KEY",
    "value": "your-sendgrid-api-key",
    "slotSetting": false
  },
  {
    "name": "TWILIO_ACCOUNT_SID",
    "value": "your-twilio-account-sid",
    "slotSetting": false
  },
  {
    "name": "TWILIO_AUTH_TOKEN",
    "value": "your-twilio-auth-token",
    "slotSetting": false
  },
  {
    "name": "TWILIO_FROM_NUMBER",
    "value": "your-twilio-phone-number",
    "slotSetting": false
  },
  {
    "name": "APP_BASE_URL",
    "value": "https://241runnersawareness.org",
    "slotSetting": false
  },
  {
    "name": "APP_API_URL",
    "value": "https://241runnersawareness-api.azurewebsites.net",
    "slotSetting": false
  },
  {
    "name": "APP_ENVIRONMENT",
    "value": "Production",
    "slotSetting": false
  },
  {
    "name": "APP_VERSION",
    "value": "1.0.0",
    "slotSetting": false
  },
  {
    "name": "RATE_LIMITING_PERMIT_LIMIT",
    "value": "100",
    "slotSetting": false
  },
  {
    "name": "RATE_LIMITING_WINDOW",
    "value": "00:01:00",
    "slotSetting": false
  },
  {
    "name": "HEALTH_CHECKS_MEMORY_THRESHOLD",
    "value": "1024",
    "slotSetting": false
  }
]
