﻿<?xml version="1.0" encoding="utf-8"?>
<deployment>
  <id>99bd83fe-9d07-4d58-922c-afb51f1a6d1c</id>
  <author>N/A</author>
  <deployer>OneDeploy</deployer>
  <authorEmail>N/A</authorEmail>
  <message>OneDeploy</message>
  <progress></progress>
  <status>Success</status>
  <statusText></statusText>
  <lastSuccessEndTime>2025-09-08T23:03:35.0257754Z</lastSuccessEndTime>
  <receivedTime>2025-09-08T23:03:28.610891Z</receivedTime>
  <startTime>2025-09-08T23:03:30.0152957Z</startTime>
  <endTime>2025-09-08T23:03:35.0257754Z</endTime>
  <complete>True</complete>
  <is_temp>False</is_temp>
  <is_readonly>True</is_readonly>
  <buildSummary />
</deployment>