<step title="Incoming Request" date="2025-09-08T18:19:21.022" instance="ad9ceb" url="/api/zipdeploy?isAsync=true" method="POST" type="request" pid="800,1,37" Accept="*/*" Host="241runners-api.scm.azurewebsites.net" User-Agent="AZURECLI/2.76.0 (HOMEBREW)" Accept-Encoding="gzip, deflate" Authorization="Bea..." Cache-Control="no-cache" Content-Type="application/octet-stream" Cookie="ARRAffinity=ad9ceb515c8748b7cb97270621ac42907b31acbad5dca11a4bf0614a2980949a; ARRAffinitySameSite=ad9ceb515c8748b7cb97270621ac42907b31acbad5dca11a4bf0614a2980949a" Content-Length="7161011" x-ms-client-request-id="5369ada4-8ce0-11f0-a5a4-5aba6e9e812a" x-ms-artifact-checksum="e151a0d2e3bbeff148907e4d870208bf123e66256e26d1818e16553caf0f41f6" X-ARR-LOG-ID="5369ada4-8ce0-11f0-a5a4-5aba6e9e812a" CLIENT-IP="97.75.150.69:15499" X-SITE-DEPLOYMENT-ID="241runners-api" WAS-DEFAULT-HOSTNAME="241runners-api.scm.azurewebsites.net" X-Forwarded-Proto="https" X-AppService-Proto="https" X-Forwarded-TlsVersion="1.3" X-WAWS-Unencoded-URL="/api/zipdeploy?isAsync=true" X-Client-IP="97.75.150.69" X-Client-Port="15499" >
  <step title="ZipPushDeploy" date="2025-09-08T18:19:21.071" >
    <step title="ZipDeploy. Extract zip." date="2025-09-08T18:19:21.081" /><!-- duration: 9ms -->
    <step title="Starting PushDeployAsync" date="2025-09-08T18:19:21.097" /><!-- duration: 5ms -->
    <step title="Writing artifact to /tmp/zipdeploy/5541c78b-7b28-4e06-b3a4-fee03d0b51e8.zip" date="2025-09-08T18:19:21.114" >
      <step title="Writing multipart request body to /tmp/zipdeploy/5541c78b-7b28-4e06-b3a4-fee03d0b51e8.zip" date="2025-09-08T18:19:21.120" /><!-- duration: 4ms -->
    </step><!-- duration: 381ms -->
    <step title="Start deployment in the background" date="2025-09-08T18:19:21.507" >
      <step title="Acquiring Deployment Lock" date="2025-09-08T18:19:21.520" /><!-- duration: 4ms -->
      <step title="Acquired Deployment Lock" date="2025-09-08T18:19:21.559" /><!-- duration: 7ms -->
    </step><!-- duration: 201ms -->
  </step><!-- duration: 645ms -->
  <step title="Outgoing response" date="2025-09-08T18:19:21.727" type="response" statusCode="202" statusText="Accepted" /><!-- duration: 3ms -->
</step><!-- duration: 712ms -->
