<step title="Incoming Request" date="2025-09-08T18:51:50.604" instance="ad9ceb" url="/api/publish?type=zip" method="POST" type="request" pid="801,1,25" Accept="*/*" Host="241runners-api.scm.azurewebsites.net" User-Agent="AZURECLI/2.76.0 (HOMEBREW)" Accept-Encoding="gzip, deflate" Authorization="Bea..." Cache-Control="no-cache" Content-Type="application/octet-stream" Cookie="ARRAffinity=ad9ceb515c8748b7cb97270621ac42907b31acbad5dca11a4bf0614a2980949a; ARRAffinitySameSite=ad9ceb515c8748b7cb97270621ac42907b31acbad5dca11a4bf0614a2980949a" Content-Length="7820888" x-ms-client-request-id="db474b1a-8ce4-11f0-b8eb-5aba6e9e812a" x-ms-artifact-checksum="6f4f6536c7f23919c4c66fdffa09a1adccd382026ec596226656523a880317cd" X-ARR-LOG-ID="db474b1a-8ce4-11f0-b8eb-5aba6e9e812a" CLIENT-IP="97.75.150.69:15514" X-SITE-DEPLOYMENT-ID="241runners-api" WAS-DEFAULT-HOSTNAME="241runners-api.scm.azurewebsites.net" X-Forwarded-Proto="https" X-AppService-Proto="https" X-Forwarded-TlsVersion="1.3" X-WAWS-Unencoded-URL="/api/publish?type=zip" X-Client-IP="97.75.150.69" X-Client-Port="15514" >
  <step title="OneDeploy" date="2025-09-08T18:51:50.647" >
    <step title="None repository commit" date="2025-09-08T18:51:50.658" >
      <step title="Commit id: 267cc2cb-023c-4b6e-a076-5701668fe987" date="2025-09-08T18:51:50.663" Message="N/A" AuthorName="N/A" AuthorEmail="N/A" /><!-- duration: 4ms -->
    </step><!-- duration: 12ms -->
    <step title="Starting PushDeployAsync" date="2025-09-08T18:51:50.674" /><!-- duration: 3ms -->
    <step title="Writing artifact to /tmp/zipdeploy/01aa4481-ddb0-4708-8c52-6e4b5b2a9251.zip" date="2025-09-08T18:51:50.753" >
      <step title="Writing multipart request body to /tmp/zipdeploy/01aa4481-ddb0-4708-8c52-6e4b5b2a9251.zip" date="2025-09-08T18:51:50.759" /><!-- duration: 5ms -->
    </step><!-- duration: 3592ms -->
    <step title="Attempting to fetch target branch HEAD" date="2025-09-08T18:51:54.373" /><!-- duration: 3ms -->
    <step title="Acquiring Deployment Lock" date="2025-09-08T18:51:54.381" /><!-- duration: 3ms -->
    <step title="Acquired Deployment Lock" date="2025-09-08T18:51:54.432" /><!-- duration: 6ms -->
    <step title="Performing fetch based deployment" date="2025-09-08T18:51:54.451" >
      <step title="Creating temporary deployment" date="2025-09-08T18:51:54.455" /><!-- duration: 199ms -->
      <step title="Releasing Deployment Lock" date="2025-09-08T18:51:55.830" /><!-- duration: 6ms -->
      <step title="Cleaning up temp folders from previous zip deployments and extracting pushed zip file /tmp/zipdeploy/01aa4481-ddb0-4708-8c52-6e4b5b2a9251.zip (7.46 MB) to /tmp/zipdeploy/extracted" date="2025-09-08T18:51:55.887" >
        <step title="ChmodRecursive Process exited with total time taken in ms: 75" date="2025-09-08T18:51:56.449" /><!-- duration: 5ms -->
      </step><!-- duration: 590ms -->
      <step title="None repository commit" date="2025-09-08T18:51:56.482" >
        <step title="Commit id: 267cc2cb-023c-4b6e-a076-5701668fe987" date="2025-09-08T18:51:56.486" Message="OneDeploy" AuthorName="N/A" AuthorEmail="N/A" /><!-- duration: 4ms -->
      </step><!-- duration: 13ms -->
      <step title="Deployment timer started" date="2025-09-08T18:51:58.508" >
        <step title="DeploymentManager.Deploy(id:267cc2cb-023c-4b6e-a076-5701668fe987)" date="2025-09-08T18:51:58.519" >
          <step title="Collecting changeset information" date="2025-09-08T18:51:58.538" /><!-- duration: 101ms -->
          <step title="Updating submodules" date="2025-09-08T18:51:58.647" /><!-- duration: 1154ms -->
          <step title="Determining deployment builder" date="2025-09-08T18:52:00.067" >
            <step title="Builder is OneDeployBuilder" date="2025-09-08T18:52:00.083" /><!-- duration: 4ms -->
          </step><!-- duration: 24ms -->
          <step title="PreDeployment: context.CleanOutputPath False" date="2025-09-08T18:52:00.141" >
            <step title="PreDeployment: context.OutputPath /home/site/wwwroot" date="2025-09-08T18:52:00.275" >
              <step title="Building" date="2025-09-08T18:52:00.419" >
                <step title="Executing external process" date="2025-09-08T18:52:00.961" type="process" path="starter.sh" arguments="/opt/Kudu/Scripts/parallel_rsync.sh /tmp/zipdeploy/extracted /home/site/wwwroot 8 /tmp/ False False  " /><!-- duration: 19660ms -->
                <step title="Modified file to trigger a restart of the app container." date="2025-09-08T18:52:21.997" /><!-- duration: 17ms -->
                <step title="Skip function trigger and logicapp sync because function is not enabled." date="2025-09-08T18:52:22.370" /><!-- duration: 10ms -->
              </step><!-- duration: 24610ms -->
            </step><!-- duration: 24861ms -->
            <step title="Cleaning up temp files" date="2025-09-08T18:52:25.149" /><!-- duration: 15ms -->
            <step title="Cleaning up temp files" date="2025-09-08T18:52:25.196" /><!-- duration: 531ms -->
            <step title="Reloading status file with latest updates" date="2025-09-08T18:52:25.813" >
              <step title="WebHooksManager.PublishEventAsync: PostDeployment" date="2025-09-08T18:52:25.837" /><!-- duration: 159ms -->
            </step><!-- duration: 204ms -->
            <step title="Cleaning up temporary deployment - fetch deployment was successful" date="2025-09-08T18:52:26.031" /><!-- duration: 26ms -->
          </step><!-- duration: 26080ms -->
        </step><!-- duration: 27718ms -->
        <step title="Outgoing response" date="2025-09-08T18:52:26.265" type="response" statusCode="200" statusText="OK" /><!-- duration: 10ms -->
      </step><!-- duration: 27773ms -->
