<step title="Incoming Request" date="2025-09-08T17:44:13.113" instance="ad9ceb" url="/api/zipdeploy?isAsync=true" method="POST" type="request" pid="801,1,5" Accept="*/*" Host="241runners-api.scm.azurewebsites.net" User-Agent="AZURECLI/2.76.0 (HOMEBREW)" Accept-Encoding="gzip, deflate" Authorization="Bea..." Cache-Control="no-cache" Content-Type="application/octet-stream" Content-Length="7160516" x-ms-client-request-id="0b0030f6-8cdb-11f0-8dc3-5aba6e9e812a" x-ms-artifact-checksum="4772fba516e3b1b0f60386f3ffba4375ce227f2b972be8168c1d79a83c2d3245" X-ARR-LOG-ID="0b0030f6-8cdb-11f0-8dc3-5aba6e9e812a" CLIENT-IP="97.75.150.69:15609" X-SITE-DEPLOYMENT-ID="241runners-api" WAS-DEFAULT-HOSTNAME="241runners-api.scm.azurewebsites.net" X-Forwarded-Proto="https" X-AppService-Proto="https" X-Forwarded-TlsVersion="1.3" X-WAWS-Unencoded-URL="/api/zipdeploy?isAsync=true" X-Client-IP="97.75.150.69" X-Client-Port="15609" >
  <step title="ZipPushDeploy" date="2025-09-08T17:44:13.312" >
    <step title="ZipDeploy. Extract zip." date="2025-09-08T17:44:13.325" /><!-- duration: 7ms -->
    <step title="None repository commit" date="2025-09-08T17:44:13.339" >
      <step title="Commit id: 09de5a95-30c4-44c5-9d7e-224e11ab0de6" date="2025-09-08T17:44:13.342" Message="N/A" AuthorName="N/A" AuthorEmail="N/A" /><!-- duration: 3ms -->
    </step><!-- duration: 12ms -->
    <step title="Starting PushDeployAsync" date="2025-09-08T17:44:13.358" /><!-- duration: 6ms -->
    <step title="Writing artifact to /tmp/zipdeploy/d1de1968-27e8-4fe7-a996-0c9435d7002a.zip" date="2025-09-08T17:44:13.378" >
      <step title="Writing multipart request body to /tmp/zipdeploy/d1de1968-27e8-4fe7-a996-0c9435d7002a.zip" date="2025-09-08T17:44:13.382" /><!-- duration: 11ms -->
    </step><!-- duration: 122ms -->
    <step title="Start deployment in the background" date="2025-09-08T17:44:13.510" >
      <step title="Acquiring Deployment Lock" date="2025-09-08T17:44:13.525" /><!-- duration: 5ms -->
      <step title="Acquired Deployment Lock" date="2025-09-08T17:44:13.601" /><!-- duration: 4ms -->
    </step><!-- duration: 179ms -->
  </step><!-- duration: 389ms -->
  <step title="Outgoing response" date="2025-09-08T17:44:13.714" type="response" statusCode="202" statusText="Accepted" /><!-- duration: 5ms -->
</step><!-- duration: 612ms -->
