<step title="BackgroundTrace" date="2025-09-08T17:44:13.515" instance="ad9ceb" url="/api/zipdeploy" method="POST" >
  <step title="Creating temporary deployment - FetchDeploymentManager" date="2025-09-08T17:44:13.609" /><!-- duration: 6ms -->
  <step title="Creating temporary deployment" date="2025-09-08T17:44:13.620" /><!-- duration: 64ms -->
  <step title="Performing fetch based deployment" date="2025-09-08T17:44:13.748" >
    <step title="Cleaning up temp folders from previous zip deployments and extracting pushed zip file /tmp/zipdeploy/d1de1968-27e8-4fe7-a996-0c9435d7002a.zip (6.83 MB) to /tmp/zipdeploy/extracted" date="2025-09-08T17:44:14.935" >
      <step title="ChmodRecursive Process exited with total time taken in ms: 246" date="2025-09-08T17:44:15.425" /><!-- duration: 6ms -->
    </step><!-- duration: 501ms -->
    <step title="Deployment timer started" date="2025-09-08T17:44:17.446" >
      <step title="DeploymentManager.Deploy(id:09de5a95-30c4-44c5-9d7e-224e11ab0de6)" date="2025-09-08T17:44:17.451" >
        <step title="Collecting changeset information" date="2025-09-08T17:44:17.466" /><!-- duration: 110ms -->
        <step title="Updating submodules" date="2025-09-08T17:44:17.583" /><!-- duration: 1128ms -->
        <step title="Determining deployment builder" date="2025-09-08T17:44:19.516" >
          <step title="Builder is BasicBuilder" date="2025-09-08T17:44:19.529" /><!-- duration: 4ms -->
        </step><!-- duration: 21ms -->
        <step title="PreDeployment: context.CleanOutputPath False" date="2025-09-08T17:44:19.584" >
          <step title="PreDeployment: context.OutputPath /home/site/wwwroot" date="2025-09-08T17:44:19.724" >
            <step title="Building" date="2025-09-08T17:44:19.920" >
              <step title="Executing external process" date="2025-09-08T17:44:20.309" type="process" path="starter.sh" arguments="/opt/Kudu/Scripts/parallel_rsync.sh /tmp/zipdeploy/extracted /home/site/wwwroot 8 /tmp/ False True  " /><!-- duration: 2800ms -->
              <step title="Triggering recycle (preview mode disabled)." date="2025-09-08T17:44:23.460" /><!-- duration: 4ms -->
              <step title="Modified file to trigger a restart of the app container." date="2025-09-08T17:44:23.508" /><!-- duration: 4ms -->
              <step title="Skip function trigger and logicapp sync because function is not enabled." date="2025-09-08T17:44:23.516" /><!-- duration: 3ms -->
            </step><!-- duration: 4619ms -->
          </step><!-- duration: 4832ms -->
          <step title="Cleaning up temp files" date="2025-09-08T17:44:24.560" /><!-- duration: 5ms -->
          <step title="Cleaning up temp files" date="2025-09-08T17:44:24.570" /><!-- duration: 505ms -->
          <step title="Reloading status file with latest updates" date="2025-09-08T17:44:25.162" >
            <step title="WebHooksManager.PublishEventAsync: PostDeployment" date="2025-09-08T17:44:25.166" /><!-- duration: 55ms -->
          </step><!-- duration: 63ms -->
          <step title="Cleaning up temporary deployment - fetch deployment was successful" date="2025-09-08T17:44:25.233" /><!-- duration: 3ms -->
        </step><!-- duration: 5743ms -->
      </step><!-- duration: 7892ms -->
