<step title="BackgroundTrace" date="2025-09-08T18:14:59.965" instance="ad9ceb" url="/api/zipdeploy" method="POST" >
  <step title="Cleanup Xml Logs" date="2025-09-08T18:14:59.968" /><!-- duration: 8ms -->
  <step title="Creating temporary deployment - FetchDeploymentManager" date="2025-09-08T18:15:00.071" /><!-- duration: 3ms -->
  <step title="Creating temporary deployment" date="2025-09-08T18:15:00.081" /><!-- duration: 759ms -->
  <step title="Performing fetch based deployment" date="2025-09-08T18:15:00.889" >
    <step title="Cleaning up temp folders from previous zip deployments and extracting pushed zip file /tmp/zipdeploy/3873e92c-8240-4b70-87c4-06ff6cb80cc7.zip (6.73 MB) to /tmp/zipdeploy/extracted" date="2025-09-08T18:15:02.147" >
      <step title="ChmodRecursive Process exited with total time taken in ms: 65" date="2025-09-08T18:15:02.666" /><!-- duration: 5ms -->
    </step><!-- duration: 531ms -->
    <step title="Deployment timer started" date="2025-09-08T18:15:04.708" >
      <step title="DeploymentManager.Deploy(id:95ce929a-5b5d-4939-acf1-983b2f1d75d8)" date="2025-09-08T18:15:04.715" >
        <step title="Collecting changeset information" date="2025-09-08T18:15:04.742" /><!-- duration: 133ms -->
        <step title="Updating submodules" date="2025-09-08T18:15:04.883" /><!-- duration: 1148ms -->
        <step title="Determining deployment builder" date="2025-09-08T18:15:06.318" >
          <step title="Builder is BasicBuilder" date="2025-09-08T18:15:06.338" /><!-- duration: 4ms -->
        </step><!-- duration: 32ms -->
        <step title="PreDeployment: context.CleanOutputPath False" date="2025-09-08T18:15:06.419" >
          <step title="PreDeployment: context.OutputPath /home/site/wwwroot" date="2025-09-08T18:15:06.559" >
            <step title="Building" date="2025-09-08T18:15:06.731" >
              <step title="Executing external process" date="2025-09-08T18:15:07.083" type="process" path="starter.sh" arguments="/opt/Kudu/Scripts/parallel_rsync.sh /tmp/zipdeploy/extracted /home/site/wwwroot 8 /tmp/ False True  " /><!-- duration: 3717ms -->
              <step title="Triggering recycle (preview mode disabled)." date="2025-09-08T18:15:11.182" /><!-- duration: 4ms -->
              <step title="Modified file to trigger a restart of the app container." date="2025-09-08T18:15:11.233" /><!-- duration: 4ms -->
              <step title="Skip function trigger and logicapp sync because function is not enabled." date="2025-09-08T18:15:11.245" /><!-- duration: 3ms -->
            </step><!-- duration: 6633ms -->
          </step><!-- duration: 6818ms -->
          <step title="Cleaning up temp files" date="2025-09-08T18:15:13.381" /><!-- duration: 8ms -->
          <step title="Cleaning up temp files" date="2025-09-08T18:15:13.393" /><!-- duration: 509ms -->
          <step title="Reloading status file with latest updates" date="2025-09-08T18:15:13.952" >
            <step title="WebHooksManager.PublishEventAsync: PostDeployment" date="2025-09-08T18:15:13.965" /><!-- duration: 58ms -->
          </step><!-- duration: 76ms -->
          <step title="Cleaning up temporary deployment - fetch deployment was successful" date="2025-09-08T18:15:14.041" /><!-- duration: 5ms -->
        </step><!-- duration: 7947ms -->
      </step><!-- duration: 9803ms -->
