<step title="Incoming Request" date="2025-09-08T18:14:55.870" instance="ad9ceb" url="/api/zipdeploy?isAsync=true" method="POST" type="request" pid="800,1,3" Accept="*/*" Host="241runners-api.scm.azurewebsites.net" User-Agent="AZURECLI/2.76.0 (HOMEBREW)" Accept-Encoding="gzip, deflate" Authorization="Bea..." Cache-Control="no-cache" Content-Type="application/octet-stream" Cookie="ARRAffinity=ad9ceb515c8748b7cb97270621ac42907b31acbad5dca11a4bf0614a2980949a; ARRAffinitySameSite=ad9ceb515c8748b7cb97270621ac42907b31acbad5dca11a4bf0614a2980949a" Content-Length="7051684" x-ms-client-request-id="b5b4843a-8cdf-11f0-b216-5aba6e9e812a" x-ms-artifact-checksum="ebd71ab66a16d9b1ad191af0615812b5af7a97b5f31ba8c0bbb74a32d3df19fa" X-ARR-LOG-ID="b5b4843a-8cdf-11f0-b216-5aba6e9e812a" CLIENT-IP="97.75.150.69:15485" X-SITE-DEPLOYMENT-ID="241runners-api" WAS-DEFAULT-HOSTNAME="241runners-api.scm.azurewebsites.net" X-Forwarded-Proto="https" X-AppService-Proto="https" X-Forwarded-TlsVersion="1.3" X-WAWS-Unencoded-URL="/api/zipdeploy?isAsync=true" X-Client-IP="97.75.150.69" X-Client-Port="15485" >
  <step title="ZipPushDeploy" date="2025-09-08T18:14:55.902" >
    <step title="ZipDeploy. Extract zip." date="2025-09-08T18:14:55.915" /><!-- duration: 4ms -->
    <step title="Starting PushDeployAsync" date="2025-09-08T18:14:55.929" /><!-- duration: 6ms -->
    <step title="Writing artifact to /tmp/zipdeploy/3873e92c-8240-4b70-87c4-06ff6cb80cc7.zip" date="2025-09-08T18:14:55.977" >
      <step title="Writing multipart request body to /tmp/zipdeploy/3873e92c-8240-4b70-87c4-06ff6cb80cc7.zip" date="2025-09-08T18:14:59.288" /><!-- duration: 77ms -->
    </step><!-- duration: 3962ms -->
    <step title="Start deployment in the background" date="2025-09-08T18:14:59.957" >
      <step title="Acquiring Deployment Lock" date="2025-09-08T18:14:59.998" /><!-- duration: 4ms -->
      <step title="Acquired Deployment Lock" date="2025-09-08T18:15:00.058" /><!-- duration: 9ms -->
    </step><!-- duration: 889ms -->
  </step><!-- duration: 4955ms -->
  <step title="Outgoing response" date="2025-09-08T18:15:00.862" type="response" statusCode="202" statusText="Accepted" /><!-- duration: 3ms -->
</step><!-- duration: 5003ms -->
