<step title="Incoming Request" date="2025-09-08T18:03:01.304" instance="ad9ceb" url="/api/zipdeploy?isAsync=true" method="POST" type="request" pid="800,1,24" Accept="*/*" Host="241runners-api.scm.azurewebsites.net" User-Agent="AZURECLI/2.76.0 (HOMEBREW)" Accept-Encoding="gzip, deflate" Authorization="Bea..." Cache-Control="no-cache" Content-Type="application/octet-stream" Cookie="ARRAffinity=ad9ceb515c8748b7cb97270621ac42907b31acbad5dca11a4bf0614a2980949a; ARRAffinitySameSite=ad9ceb515c8748b7cb97270621ac42907b31acbad5dca11a4bf0614a2980949a" Content-Length="6997568" x-ms-client-request-id="0a631b38-8cde-11f0-9102-5aba6e9e812a" x-ms-artifact-checksum="4b0a422130b5bcca0cdb9e85707f5a0e61d3d7014249d5543169f17b66fc1898" X-ARR-LOG-ID="0a631b38-8cde-11f0-9102-5aba6e9e812a" CLIENT-IP="97.75.150.69:15486" X-SITE-DEPLOYMENT-ID="241runners-api" WAS-DEFAULT-HOSTNAME="241runners-api.scm.azurewebsites.net" X-Forwarded-Proto="https" X-AppService-Proto="https" X-Forwarded-TlsVersion="1.3" X-WAWS-Unencoded-URL="/api/zipdeploy?isAsync=true" X-Client-IP="97.75.150.69" X-Client-Port="15486" >
  <step title="ZipPushDeploy" date="2025-09-08T18:03:01.726" >
    <step title="ZipDeploy. Extract zip." date="2025-09-08T18:03:01.735" /><!-- duration: 7ms -->
    <step title="None repository commit" date="2025-09-08T18:03:01.772" >
      <step title="Commit id: 88e92e58-d3a8-495f-b3ce-3ba3f9bac7c2" date="2025-09-08T18:03:01.776" Message="N/A" AuthorName="N/A" AuthorEmail="N/A" /><!-- duration: 3ms -->
    </step><!-- duration: 10ms -->
    <step title="Starting PushDeployAsync" date="2025-09-08T18:03:01.793" /><!-- duration: 6ms -->
    <step title="Writing artifact to /tmp/zipdeploy/12ed7164-1328-451f-9fe2-68231374b151.zip" date="2025-09-08T18:03:01.829" >
      <step title="Writing multipart request body to /tmp/zipdeploy/12ed7164-1328-451f-9fe2-68231374b151.zip" date="2025-09-08T18:03:01.861" /><!-- duration: 4ms -->
    </step><!-- duration: 255ms -->
    <step title="Start deployment in the background" date="2025-09-08T18:03:02.099" >
      <step title="Acquiring Deployment Lock" date="2025-09-08T18:03:02.121" /><!-- duration: 4ms -->
      <step title="Acquired Deployment Lock" date="2025-09-08T18:03:02.189" /><!-- duration: 4ms -->
    </step><!-- duration: 186ms -->
  </step><!-- duration: 566ms -->
  <step title="Outgoing response" date="2025-09-08T18:03:02.300" type="response" statusCode="202" statusText="Accepted" /><!-- duration: 3ms -->
</step><!-- duration: 1003ms -->
