﻿<?xml version="1.0" encoding="utf-8"?>
<deployment>
  <id>499bab43690944519a826f75d1b2dda1</id>
  <author>N/A</author>
  <deployer>OneDeploy</deployer>
  <authorEmail>N/A</authorEmail>
  <message>OneDeploy</message>
  <progress></progress>
  <status>Success</status>
  <statusText></statusText>
  <lastSuccessEndTime>2025-08-29T15:36:07.3098707Z</lastSuccessEndTime>
  <receivedTime>2025-08-29T15:36:06.2752775Z</receivedTime>
  <startTime>2025-08-29T15:36:06.4002803Z</startTime>
  <endTime>2025-08-29T15:36:07.3098707Z</endTime>
  <complete>True</complete>
  <is_temp>False</is_temp>
  <is_readonly>True</is_readonly>
  <project_type>Run-From-Zip</project_type>
  <vsproject_id></vsproject_id>
</deployment>