﻿<?xml version="1.0" encoding="utf-8"?>
<deployment>
  <id>da543b126c4d4e44b9b2b922cf1f0481</id>
  <author>N/A</author>
  <deployer>ZipDeploy</deployer>
  <authorEmail>N/A</authorEmail>
  <message>Created via a push deployment</message>
  <progress></progress>
  <status>Success</status>
  <statusText></statusText>
  <lastSuccessEndTime>2025-08-27T00:01:13.8461328Z</lastSuccessEndTime>
  <receivedTime>2025-08-27T00:01:13.4094699Z</receivedTime>
  <startTime>2025-08-27T00:01:13.5180067Z</startTime>
  <endTime>2025-08-27T00:01:13.8461328Z</endTime>
  <complete>True</complete>
  <is_temp>False</is_temp>
  <is_readonly>True</is_readonly>
  <project_type>Run-From-Zip</project_type>
  <vsproject_id></vsproject_id>
</deployment>