﻿<?xml version="1.0" encoding="utf-8"?>
<deployment>
  <id>1c0be60d-37a5-4244-a650-8d5f673b059d</id>
  <author>N/A</author>
  <deployer>OneDeploy</deployer>
  <authorEmail>N/A</authorEmail>
  <message>OneDeploy</message>
  <progress></progress>
  <status>Success</status>
  <statusText></statusText>
  <lastSuccessEndTime>2025-09-08T19:03:02.5681577Z</lastSuccessEndTime>
  <receivedTime>2025-09-08T19:02:56.3957606Z</receivedTime>
  <startTime>2025-09-08T19:02:57.8125952Z</startTime>
  <endTime>2025-09-08T19:03:02.5681577Z</endTime>
  <complete>True</complete>
  <is_temp>False</is_temp>
  <is_readonly>True</is_readonly>
  <buildSummary />
</deployment>