﻿<?xml version="1.0" encoding="utf-8"?>
<deployment>
  <id>c4c9c9050d874cb0905aab2a6b6af2eb</id>
  <author>N/A</author>
  <deployer>ZipDeploy</deployer>
  <authorEmail>N/A</authorEmail>
  <message>Created via a push deployment</message>
  <progress></progress>
  <status>Success</status>
  <statusText></statusText>
  <lastSuccessEndTime>2025-08-24T21:35:55.8026469Z</lastSuccessEndTime>
  <receivedTime>2025-08-24T21:35:51.0809443Z</receivedTime>
  <startTime>2025-08-24T21:35:51.330946Z</startTime>
  <endTime>2025-08-24T21:35:55.8026469Z</endTime>
  <complete>True</complete>
  <is_temp>False</is_temp>
  <is_readonly>True</is_readonly>
  <project_type>BASIC</project_type>
  <vsproject_id></vsproject_id>
</deployment>