﻿<?xml version="1.0" encoding="utf-8"?>
<deployment>
  <id>0191bb80-be26-449b-a12f-4d838ed35a7e</id>
  <author>N/A</author>
  <deployer>OneDeploy</deployer>
  <authorEmail>N/A</authorEmail>
  <message>OneDeploy</message>
  <progress></progress>
  <status>Success</status>
  <statusText></statusText>
  <lastSuccessEndTime>2025-09-08T18:31:46.0054207Z</lastSuccessEndTime>
  <receivedTime>2025-09-08T18:31:33.1282291Z</receivedTime>
  <startTime>2025-09-08T18:31:34.5165809Z</startTime>
  <endTime>2025-09-08T18:31:46.0054207Z</endTime>
  <complete>True</complete>
  <is_temp>False</is_temp>
  <is_readonly>True</is_readonly>
  <buildSummary />
</deployment>