﻿<?xml version="1.0" encoding="utf-8"?>
<deployment>
  <id>7f80d8279f884057a1390f2abf418a21</id>
  <author>N/A</author>
  <deployer>OneDeploy</deployer>
  <authorEmail>N/A</authorEmail>
  <message>OneDeploy</message>
  <progress></progress>
  <status>Success</status>
  <statusText></statusText>
  <lastSuccessEndTime>2025-08-25T20:33:50.6569802Z</lastSuccessEndTime>
  <receivedTime>2025-08-25T20:33:42.1338913Z</receivedTime>
  <startTime>2025-08-25T20:33:42.3682679Z</startTime>
  <endTime>2025-08-25T20:33:50.6569802Z</endTime>
  <complete>True</complete>
  <is_temp>False</is_temp>
  <is_readonly>True</is_readonly>
  <project_type>OneDeploy</project_type>
  <vsproject_id></vsproject_id>
</deployment>