{"TimeStamp":"2025-08-29T16:19:51Z","SiteName":"241runnersawareness-api","RequestId":"f50a7750-84f3-11f0-8fc9-5aba6e9e812a","Kind":"OneDeploy","Status":"Success","Details":"{\"Id\":\"8f1fd7f37b8b43a38dff8c078035ceb9\",\"Status\":4,\"StatusText\":\"\",\"AuthorEmail\":\"N/A\",\"Author\":\"N/A\",\"Message\":\"OneDeploy\",\"Progress\":\"\",\"Deployer\":\"OneDeploy\",\"ReceivedTime\":\"2025-08-29T16:19:50.3483829Z\",\"StartTime\":\"2025-08-29T16:19:50.4889492Z\",\"EndTime\":\"2025-08-29T16:19:51.4733351Z\",\"LastSuccessEndTime\":\"2025-08-29T16:19:51.4733351Z\",\"Complete\":true,\"IsTemporary\":false,\"IsReadOnly\":true,\"SiteName\":\"241runnersawareness-api\",\"HostName\":\"241runnersawareness-api.scm.azurewebsites.net\",\"ProjectType\":\"Run-From-Zip\",\"VsProjectId\":null}"}