﻿<?xml version="1.0" encoding="utf-8"?>
<deployment>
  <id>eea1644666714372a875879ebc8cf7f1</id>
  <author>N/A</author>
  <deployer>ZipDeploy</deployer>
  <authorEmail>N/A</authorEmail>
  <message>Created via a push deployment</message>
  <progress></progress>
  <status>Success</status>
  <statusText></statusText>
  <lastSuccessEndTime>2025-08-29T14:24:31.9718051Z</lastSuccessEndTime>
  <receivedTime>2025-08-29T14:24:31.4874308Z</receivedTime>
  <startTime>2025-08-29T14:24:31.6124245Z</startTime>
  <endTime>2025-08-29T14:24:31.9718051Z</endTime>
  <complete>True</complete>
  <is_temp>False</is_temp>
  <is_readonly>True</is_readonly>
  <project_type>Run-From-Zip</project_type>
  <vsproject_id></vsproject_id>
</deployment>