﻿<?xml version="1.0" encoding="utf-8"?>
<deployment>
  <id>6026609724fa4cb5a05283573553d7a8</id>
  <author>N/A</author>
  <deployer>OneDeploy</deployer>
  <authorEmail>N/A</authorEmail>
  <message>OneDeploy</message>
  <progress></progress>
  <status>Success</status>
  <statusText></statusText>
  <lastSuccessEndTime>2025-08-29T13:31:27.24667Z</lastSuccessEndTime>
  <receivedTime>2025-08-29T13:31:25.8054852Z</receivedTime>
  <startTime>2025-08-29T13:31:25.9964392Z</startTime>
  <endTime>2025-08-29T13:31:27.24667Z</endTime>
  <complete>True</complete>
  <is_temp>False</is_temp>
  <is_readonly>True</is_readonly>
  <project_type>Run-From-Zip</project_type>
  <vsproject_id></vsproject_id>
</deployment>