﻿<?xml version="1.0" encoding="utf-8"?>
<deployment>
  <id>09de5a95-30c4-44c5-9d7e-224e11ab0de6</id>
  <author>N/A</author>
  <deployer>Push-Deployer</deployer>
  <authorEmail>N/A</authorEmail>
  <message>Created via a push deployment</message>
  <progress></progress>
  <status>Success</status>
  <statusText></statusText>
  <lastSuccessEndTime>2025-09-08T17:44:23.9137427Z</lastSuccessEndTime>
  <receivedTime>2025-09-08T17:44:17.4976503Z</receivedTime>
  <startTime>2025-09-08T17:44:19.4310785Z</startTime>
  <endTime>2025-09-08T17:44:23.9137427Z</endTime>
  <complete>True</complete>
  <is_temp>False</is_temp>
  <is_readonly>True</is_readonly>
  <buildSummary />
</deployment>