﻿<?xml version="1.0" encoding="utf-8"?>
<deployment>
  <id>adecb10ae42343efad6da05dcfc2b582</id>
  <author>N/A</author>
  <deployer>OneDeploy</deployer>
  <authorEmail>N/A</authorEmail>
  <message>OneDeploy</message>
  <progress></progress>
  <status>Success</status>
  <statusText></statusText>
  <lastSuccessEndTime>2025-08-25T20:08:31.9495574Z</lastSuccessEndTime>
  <receivedTime>2025-08-25T20:08:22.6579493Z</receivedTime>
  <startTime>2025-08-25T20:08:22.9548268Z</startTime>
  <endTime>2025-08-25T20:08:31.9495574Z</endTime>
  <complete>True</complete>
  <is_temp>False</is_temp>
  <is_readonly>True</is_readonly>
  <project_type>OneDeploy</project_type>
  <vsproject_id></vsproject_id>
</deployment>