﻿<?xml version="1.0" encoding="utf-8"?>
<deployment>
  <id>d024ab34-c4be-42f4-86f0-687d0d714b36</id>
  <author>N/A</author>
  <deployer>OneDeploy</deployer>
  <authorEmail>N/A</authorEmail>
  <message>OneDeploy</message>
  <progress></progress>
  <status>Success</status>
  <statusText></statusText>
  <lastSuccessEndTime>2025-09-08T13:51:24.4006006Z</lastSuccessEndTime>
  <receivedTime>2025-09-08T13:50:54.8418663Z</receivedTime>
  <startTime>2025-09-08T13:50:56.3799481Z</startTime>
  <endTime>2025-09-08T13:51:24.4006006Z</endTime>
  <complete>True</complete>
  <is_temp>False</is_temp>
  <is_readonly>True</is_readonly>
  <buildSummary />
</deployment>