﻿<?xml version="1.0" encoding="utf-8"?>
<deployment>
  <id>83f0cda6-fcf1-4d8b-9177-27e88e9284b4</id>
  <author>N/A</author>
  <deployer>OneDeploy</deployer>
  <authorEmail>N/A</authorEmail>
  <message>OneDeploy</message>
  <progress></progress>
  <status>Success</status>
  <statusText></statusText>
  <lastSuccessEndTime>2025-08-30T21:40:55.8581243Z</lastSuccessEndTime>
  <receivedTime>2025-08-30T21:40:31.7604396Z</receivedTime>
  <startTime>2025-08-30T21:40:33.8421988Z</startTime>
  <endTime>2025-08-30T21:40:55.8581243Z</endTime>
  <complete>True</complete>
  <is_temp>False</is_temp>
  <is_readonly>True</is_readonly>
  <buildSummary />
</deployment>