﻿<?xml version="1.0" encoding="utf-8"?>
<deployment>
  <id>d1bb4c66-5a1d-4b45-a686-24072880075a</id>
  <author>N/A</author>
  <deployer>OneDeploy</deployer>
  <authorEmail>N/A</authorEmail>
  <message>OneDeploy</message>
  <progress></progress>
  <status>Success</status>
  <statusText></statusText>
  <lastSuccessEndTime>2025-08-30T22:02:40.5358881Z</lastSuccessEndTime>
  <receivedTime>2025-08-30T22:02:26.3510418Z</receivedTime>
  <startTime>2025-08-30T22:02:28.3471735Z</startTime>
  <endTime>2025-08-30T22:02:40.5358881Z</endTime>
  <complete>True</complete>
  <is_temp>False</is_temp>
  <is_readonly>True</is_readonly>
  <buildSummary />
</deployment>