﻿<?xml version="1.0" encoding="utf-8"?>
<deployment>
  <id>95ce929a-5b5d-4939-acf1-983b2f1d75d8</id>
  <author>N/A</author>
  <deployer>Push-Deployer</deployer>
  <authorEmail>N/A</authorEmail>
  <message>Created via a push deployment</message>
  <progress></progress>
  <status>Success</status>
  <statusText></statusText>
  <lastSuccessEndTime>2025-09-08T18:15:11.6828431Z</lastSuccessEndTime>
  <receivedTime>2025-09-08T18:15:04.796348Z</receivedTime>
  <startTime>2025-09-08T18:15:06.209192Z</startTime>
  <endTime>2025-09-08T18:15:11.6828431Z</endTime>
  <complete>True</complete>
  <is_temp>False</is_temp>
  <is_readonly>True</is_readonly>
  <buildSummary />
</deployment>