﻿<?xml version="1.0" encoding="utf-8"?>
<deployment>
  <id>28272fa0fb2649db944d27ac613ca302</id>
  <author>N/A</author>
  <deployer>ZipDeploy</deployer>
  <authorEmail>N/A</authorEmail>
  <message>Created via a push deployment</message>
  <progress></progress>
  <status>Success</status>
  <statusText></statusText>
  <lastSuccessEndTime>2025-08-25T19:43:03.487979Z</lastSuccessEndTime>
  <receivedTime>2025-08-25T19:42:57.6173697Z</receivedTime>
  <startTime>2025-08-25T19:42:57.809837Z</startTime>
  <endTime>2025-08-25T19:43:03.487979Z</endTime>
  <complete>True</complete>
  <is_temp>False</is_temp>
  <is_readonly>True</is_readonly>
  <project_type>BASIC</project_type>
  <vsproject_id></vsproject_id>
</deployment>