﻿<?xml version="1.0" encoding="utf-8"?>
<deployment>
  <id>349a78eb61fc4e98bde15a904445b4bc</id>
  <author>N/A</author>
  <deployer>OneDeploy</deployer>
  <authorEmail>N/A</authorEmail>
  <message>OneDeploy</message>
  <progress></progress>
  <status>Success</status>
  <statusText></statusText>
  <lastSuccessEndTime>2025-08-27T00:35:34.1946123Z</lastSuccessEndTime>
  <receivedTime>2025-08-27T00:35:33.2883539Z</receivedTime>
  <startTime>2025-08-27T00:35:33.4289815Z</startTime>
  <endTime>2025-08-27T00:35:34.1946123Z</endTime>
  <complete>True</complete>
  <is_temp>False</is_temp>
  <is_readonly>True</is_readonly>
  <project_type>Run-From-Zip</project_type>
  <vsproject_id></vsproject_id>
</deployment>