﻿<?xml version="1.0" encoding="utf-8"?>
<deployment>
  <id>d4846f6e9b09489eb35762844b38fd51</id>
  <author>N/A</author>
  <deployer>ZipDeploy</deployer>
  <authorEmail>N/A</authorEmail>
  <message>Created via a push deployment</message>
  <progress></progress>
  <status>Success</status>
  <statusText></statusText>
  <lastSuccessEndTime>2025-08-26T23:47:36.3157367Z</lastSuccessEndTime>
  <receivedTime>2025-08-26T23:47:33.3469526Z</receivedTime>
  <startTime>2025-08-26T23:47:33.7219571Z</startTime>
  <endTime>2025-08-26T23:47:36.3157367Z</endTime>
  <complete>True</complete>
  <is_temp>False</is_temp>
  <is_readonly>True</is_readonly>
  <project_type>BASIC</project_type>
  <vsproject_id></vsproject_id>
</deployment>