﻿<?xml version="1.0" encoding="utf-8"?>
<deployment>
  <id>a54f75bb-944e-45c8-988d-17cfc462cce1</id>
  <author>N/A</author>
  <deployer>OneDeploy</deployer>
  <authorEmail>N/A</authorEmail>
  <message>OneDeploy</message>
  <progress></progress>
  <status>Success</status>
  <statusText></statusText>
  <lastSuccessEndTime>2025-09-08T22:59:22.7278129Z</lastSuccessEndTime>
  <receivedTime>2025-09-08T22:58:30.9545339Z</receivedTime>
  <startTime>2025-09-08T22:58:32.3538484Z</startTime>
  <endTime>2025-09-08T22:59:22.7278129Z</endTime>
  <complete>True</complete>
  <is_temp>False</is_temp>
  <is_readonly>True</is_readonly>
  <buildSummary />
</deployment>