﻿<?xml version="1.0" encoding="utf-8"?>
<deployment>
  <id>e1b48cd2a7264b9b9c0f02213078dd1f</id>
  <author>N/A</author>
  <deployer>OneDeploy</deployer>
  <authorEmail>N/A</authorEmail>
  <message>OneDeploy</message>
  <progress></progress>
  <status>Success</status>
  <statusText></statusText>
  <lastSuccessEndTime>2025-08-28T22:43:53.5706625Z</lastSuccessEndTime>
  <receivedTime>2025-08-28T22:43:52.3675783Z</receivedTime>
  <startTime>2025-08-28T22:43:52.50815Z</startTime>
  <endTime>2025-08-28T22:43:53.5706625Z</endTime>
  <complete>True</complete>
  <is_temp>False</is_temp>
  <is_readonly>True</is_readonly>
  <project_type>Run-From-Zip</project_type>
  <vsproject_id></vsproject_id>
</deployment>