﻿<?xml version="1.0" encoding="utf-8"?>
<deployment>
  <id>6fefe20e-f982-4625-aa6d-b1ac88d0aac3</id>
  <author>N/A</author>
  <deployer>OneDeploy</deployer>
  <authorEmail>N/A</authorEmail>
  <message>OneDeploy</message>
  <progress></progress>
  <status>Success</status>
  <statusText></statusText>
  <lastSuccessEndTime>2025-09-08T16:06:38.469045Z</lastSuccessEndTime>
  <receivedTime>2025-09-08T16:06:30.0197797Z</receivedTime>
  <startTime>2025-09-08T16:06:31.5233363Z</startTime>
  <endTime>2025-09-08T16:06:38.469045Z</endTime>
  <complete>True</complete>
  <is_temp>False</is_temp>
  <is_readonly>True</is_readonly>
  <buildSummary />
</deployment>