﻿<?xml version="1.0" encoding="utf-8"?>
<deployment>
  <id>1b109c9661c445319e7b3ea919fdbd8d</id>
  <author>N/A</author>
  <deployer>ZipDeploy</deployer>
  <authorEmail>N/A</authorEmail>
  <message>Created via a push deployment</message>
  <progress></progress>
  <status>Success</status>
  <statusText></statusText>
  <lastSuccessEndTime>2025-08-25T18:59:16.3881314Z</lastSuccessEndTime>
  <receivedTime>2025-08-25T18:59:11.6695557Z</receivedTime>
  <startTime>2025-08-25T18:59:12.3086992Z</startTime>
  <endTime>2025-08-25T18:59:16.3881314Z</endTime>
  <complete>True</complete>
  <is_temp>False</is_temp>
  <is_readonly>True</is_readonly>
  <project_type>BASIC</project_type>
  <vsproject_id></vsproject_id>
</deployment>