﻿<?xml version="1.0" encoding="utf-8"?>
<deployment>
  <id>3fd71a474d264db6a04d24eb3f31190a</id>
  <author>N/A</author>
  <deployer>ZipDeploy</deployer>
  <authorEmail>N/A</authorEmail>
  <message>Created via a push deployment</message>
  <progress></progress>
  <status>Success</status>
  <statusText></statusText>
  <lastSuccessEndTime>2025-08-27T00:19:32.5487265Z</lastSuccessEndTime>
  <receivedTime>2025-08-27T00:19:32.1893493Z</receivedTime>
  <startTime>2025-08-27T00:19:32.2987248Z</startTime>
  <endTime>2025-08-27T00:19:32.5487265Z</endTime>
  <complete>True</complete>
  <is_temp>False</is_temp>
  <is_readonly>True</is_readonly>
  <project_type>Run-From-Zip</project_type>
  <vsproject_id></vsproject_id>
</deployment>