﻿<?xml version="1.0" encoding="utf-8"?>
<deployment>
  <id>4925a02c661e4e0fa013fc255c74eb4a</id>
  <author>N/A</author>
  <deployer>OneDeploy</deployer>
  <authorEmail>N/A</authorEmail>
  <message>OneDeploy</message>
  <progress></progress>
  <status>Success</status>
  <statusText></statusText>
  <lastSuccessEndTime>2025-08-29T14:50:10.3610874Z</lastSuccessEndTime>
  <receivedTime>2025-08-29T14:50:09.0433054Z</receivedTime>
  <startTime>2025-08-29T14:50:09.2933076Z</startTime>
  <endTime>2025-08-29T14:50:10.3610874Z</endTime>
  <complete>True</complete>
  <is_temp>False</is_temp>
  <is_readonly>True</is_readonly>
  <project_type>Run-From-Zip</project_type>
  <vsproject_id></vsproject_id>
</deployment>