﻿<?xml version="1.0" encoding="utf-8"?>
<deployment>
  <id>8f1fd7f37b8b43a38dff8c078035ceb9</id>
  <author>N/A</author>
  <deployer>OneDeploy</deployer>
  <authorEmail>N/A</authorEmail>
  <message>OneDeploy</message>
  <progress></progress>
  <status>Success</status>
  <statusText></statusText>
  <lastSuccessEndTime>2025-08-29T16:19:51.4733351Z</lastSuccessEndTime>
  <receivedTime>2025-08-29T16:19:50.3483829Z</receivedTime>
  <startTime>2025-08-29T16:19:50.4889492Z</startTime>
  <endTime>2025-08-29T16:19:51.4733351Z</endTime>
  <complete>True</complete>
  <is_temp>False</is_temp>
  <is_readonly>True</is_readonly>
  <project_type>Run-From-Zip</project_type>
  <vsproject_id></vsproject_id>
</deployment>