﻿<?xml version="1.0" encoding="utf-8"?>
<deployment>
  <id>a6aca313-c325-4f66-9ccf-e1966d5117bb</id>
  <author>N/A</author>
  <deployer>OneDeploy</deployer>
  <authorEmail>N/A</authorEmail>
  <message>OneDeploy</message>
  <progress></progress>
  <status>Success</status>
  <statusText></statusText>
  <lastSuccessEndTime>2025-08-30T22:09:24.9031503Z</lastSuccessEndTime>
  <receivedTime>2025-08-30T22:09:05.6322825Z</receivedTime>
  <startTime>2025-08-30T22:09:08.1653261Z</startTime>
  <endTime>2025-08-30T22:09:24.9031503Z</endTime>
  <complete>True</complete>
  <is_temp>False</is_temp>
  <is_readonly>True</is_readonly>
  <buildSummary />
</deployment>