<step title="Incoming Request" date="2025-09-08T18:31:27.816" instance="ad9ceb" url="/api/publish?type=zip" method="POST" type="request" pid="801,1,23" Accept="*/*" Host="241runners-api.scm.azurewebsites.net" User-Agent="AZURECLI/2.76.0 (HOMEBREW)" Accept-Encoding="gzip, deflate" Authorization="Bea..." Cache-Control="no-cache" Content-Type="application/octet-stream" Cookie="ARRAffinity=ad9ceb515c8748b7cb97270621ac42907b31acbad5dca11a4bf0614a2980949a; ARRAffinitySameSite=ad9ceb515c8748b7cb97270621ac42907b31acbad5dca11a4bf0614a2980949a" Content-Length="7380728" x-ms-client-request-id="0256a91a-8ce2-11f0-a219-5aba6e9e812a" x-ms-artifact-checksum="fd5ed5a1e6c246a8419e784630d4dd1c05b094ca458793474ec1850ebd0671e2" X-ARR-LOG-ID="0256a91a-8ce2-11f0-a219-5aba6e9e812a" CLIENT-IP="97.75.150.69:15369" X-SITE-DEPLOYMENT-ID="241runners-api" WAS-DEFAULT-HOSTNAME="241runners-api.scm.azurewebsites.net" X-Forwarded-Proto="https" X-AppService-Proto="https" X-Forwarded-TlsVersion="1.3" X-WAWS-Unencoded-URL="/api/publish?type=zip" X-Client-IP="97.75.150.69" X-Client-Port="15369" >
  <step title="OneDeploy" date="2025-09-08T18:31:28.647" >
    <step title="None repository commit" date="2025-09-08T18:31:28.734" >
      <step title="Commit id: 0191bb80-be26-449b-a12f-4d838ed35a7e" date="2025-09-08T18:31:28.740" Message="N/A" AuthorName="N/A" AuthorEmail="N/A" /><!-- duration: 3ms -->
    </step><!-- duration: 14ms -->
    <step title="Starting PushDeployAsync" date="2025-09-08T18:31:28.753" /><!-- duration: 3ms -->
    <step title="Writing artifact to /tmp/zipdeploy/d802215e-97b2-492f-ae08-e561b146b0ff.zip" date="2025-09-08T18:31:28.854" >
      <step title="Writing multipart request body to /tmp/zipdeploy/d802215e-97b2-492f-ae08-e561b146b0ff.zip" date="2025-09-08T18:31:28.859" /><!-- duration: 4ms -->
    </step><!-- duration: 180ms -->
    <step title="Attempting to fetch target branch HEAD" date="2025-09-08T18:31:29.044" /><!-- duration: 3ms -->
    <step title="Acquiring Deployment Lock" date="2025-09-08T18:31:29.053" /><!-- duration: 7ms -->
    <step title="Acquired Deployment Lock" date="2025-09-08T18:31:29.110" /><!-- duration: 3ms -->
    <step title="Performing fetch based deployment" date="2025-09-08T18:31:29.124" >
      <step title="Creating temporary deployment" date="2025-09-08T18:31:29.127" /><!-- duration: 81ms -->
      <step title="Releasing Deployment Lock" date="2025-09-08T18:31:30.379" /><!-- duration: 7ms -->
      <step title="Cleaning up temp folders from previous zip deployments and extracting pushed zip file /tmp/zipdeploy/d802215e-97b2-492f-ae08-e561b146b0ff.zip (7.04 MB) to /tmp/zipdeploy/extracted" date="2025-09-08T18:31:30.427" >
        <step title="ChmodRecursive Process exited with total time taken in ms: 84" date="2025-09-08T18:31:31.003" /><!-- duration: 8ms -->
      </step><!-- duration: 588ms -->
      <step title="None repository commit" date="2025-09-08T18:31:31.019" >
        <step title="Commit id: 0191bb80-be26-449b-a12f-4d838ed35a7e" date="2025-09-08T18:31:31.022" Message="OneDeploy" AuthorName="N/A" AuthorEmail="N/A" /><!-- duration: 3ms -->
      </step><!-- duration: 16ms -->
      <step title="Deployment timer started" date="2025-09-08T18:31:33.041" >
        <step title="DeploymentManager.Deploy(id:0191bb80-be26-449b-a12f-4d838ed35a7e)" date="2025-09-08T18:31:33.048" >
          <step title="Collecting changeset information" date="2025-09-08T18:31:33.076" /><!-- duration: 117ms -->
          <step title="Updating submodules" date="2025-09-08T18:31:33.200" /><!-- duration: 1141ms -->
          <step title="Determining deployment builder" date="2025-09-08T18:31:34.590" >
            <step title="Builder is OneDeployBuilder" date="2025-09-08T18:31:34.602" /><!-- duration: 11ms -->
          </step><!-- duration: 27ms -->
          <step title="PreDeployment: context.CleanOutputPath False" date="2025-09-08T18:31:34.670" >
            <step title="PreDeployment: context.OutputPath /home/site/wwwroot" date="2025-09-08T18:31:34.810" >
              <step title="Building" date="2025-09-08T18:31:34.982" >
                <step title="Executing external process" date="2025-09-08T18:31:35.856" type="process" path="starter.sh" arguments="/opt/Kudu/Scripts/parallel_rsync.sh /tmp/zipdeploy/extracted /home/site/wwwroot 8 /tmp/ False False  " /><!-- duration: 9068ms -->
                <step title="Modified file to trigger a restart of the app container." date="2025-09-08T18:31:45.604" /><!-- duration: 8ms -->
                <step title="Skip function trigger and logicapp sync because function is not enabled." date="2025-09-08T18:31:45.622" /><!-- duration: 3ms -->
              </step><!-- duration: 12033ms -->
            </step><!-- duration: 12217ms -->
            <step title="Cleaning up temp files" date="2025-09-08T18:31:47.031" /><!-- duration: 7ms -->
            <step title="Cleaning up temp files" date="2025-09-08T18:31:47.042" /><!-- duration: 508ms -->
            <step title="Reloading status file with latest updates" date="2025-09-08T18:31:47.605" >
              <step title="WebHooksManager.PublishEventAsync: PostDeployment" date="2025-09-08T18:31:47.612" /><!-- duration: 49ms -->
            </step><!-- duration: 60ms -->
            <step title="Cleaning up temporary deployment - fetch deployment was successful" date="2025-09-08T18:31:47.671" /><!-- duration: 4ms -->
          </step><!-- duration: 13098ms -->
        </step><!-- duration: 14729ms -->
        <step title="Outgoing response" date="2025-09-08T18:31:47.789" type="response" statusCode="200" statusText="OK" /><!-- duration: 10ms -->
      </step><!-- duration: 14763ms -->
