<step title="Incoming Request" date="2025-09-08T23:07:31.604" instance="93ec31" url="/api/publish?type=zip" method="POST" type="request" pid="801,1,37" Accept="*/*" Host="241runners-api.scm.azurewebsites.net" User-Agent="AZURECLI/2.76.0 (HOMEBREW)" Accept-Encoding="gzip, deflate" Authorization="Bea..." Cache-Control="no-cache" Content-Type="application/octet-stream" Cookie="ARRAffinity=93ec31e1a33d787308b32dd4ce9024d0a491ad82d9245b74f0d4b584a8f7f7d0; ARRAffinitySameSite=93ec31e1a33d787308b32dd4ce9024d0a491ad82d9245b74f0d4b584a8f7f7d0" Content-Length="6993517" x-ms-client-request-id="943cb11e-8d08-11f0-a922-5aba6e9e812a" x-ms-artifact-checksum="73db0b9191639ca6876c63b0ec3ed99afa297dd7b5c08906d700bc783f9d9f1f" X-ARR-LOG-ID="943cb11e-8d08-11f0-a922-5aba6e9e812a" CLIENT-IP="97.75.150.69:15364" X-SITE-DEPLOYMENT-ID="241runners-api" WAS-DEFAULT-HOSTNAME="241runners-api.scm.azurewebsites.net" X-Forwarded-Proto="https" X-AppService-Proto="https" X-Forwarded-TlsVersion="1.3" X-WAWS-Unencoded-URL="/api/publish?type=zip" X-Client-IP="97.75.150.69" X-Client-Port="15364" >
  <step title="OneDeploy" date="2025-09-08T23:07:31.626" >
    <step title="Starting PushDeployAsync" date="2025-09-08T23:07:31.635" /><!-- duration: 5ms -->
    <step title="Writing artifact to /tmp/zipdeploy/e7ac47ae-3fd8-4ee9-aa96-441f91b3f40e.zip" date="2025-09-08T23:07:31.650" >
      <step title="Writing multipart request body to /tmp/zipdeploy/e7ac47ae-3fd8-4ee9-aa96-441f91b3f40e.zip" date="2025-09-08T23:07:31.654" /><!-- duration: 4ms -->
    </step><!-- duration: 416ms -->
    <step title="Attempting to fetch target branch HEAD" date="2025-09-08T23:07:32.080" /><!-- duration: 5ms -->
    <step title="Acquiring Deployment Lock" date="2025-09-08T23:07:32.094" /><!-- duration: 7ms -->
    <step title="Acquired Deployment Lock" date="2025-09-08T23:07:32.135" /><!-- duration: 5ms -->
    <step title="Performing fetch based deployment" date="2025-09-08T23:07:32.149" >
      <step title="Creating temporary deployment" date="2025-09-08T23:07:32.153" /><!-- duration: 70ms -->
      <step title="Releasing Deployment Lock" date="2025-09-08T23:07:33.389" /><!-- duration: 10ms -->
      <step title="Cleaning up temp folders from previous zip deployments and extracting pushed zip file /tmp/zipdeploy/e7ac47ae-3fd8-4ee9-aa96-441f91b3f40e.zip (6.67 MB) to /tmp/zipdeploy/extracted" date="2025-09-08T23:07:33.429" >
        <step title="ChmodRecursive Process exited with total time taken in ms: 61" date="2025-09-08T23:07:33.653" /><!-- duration: 6ms -->
      </step><!-- duration: 235ms -->
      <step title="None repository commit" date="2025-09-08T23:07:33.668" >
        <step title="Commit id: a43ceff1-69ef-4b39-a23a-7575ad112451" date="2025-09-08T23:07:33.674" Message="OneDeploy" AuthorName="N/A" AuthorEmail="N/A" /><!-- duration: 3ms -->
      </step><!-- duration: 13ms -->
      <step title="Deployment timer started" date="2025-09-08T23:07:35.686" >
        <step title="DeploymentManager.Deploy(id:a43ceff1-69ef-4b39-a23a-7575ad112451)" date="2025-09-08T23:07:35.691" >
          <step title="Collecting changeset information" date="2025-09-08T23:07:35.708" /><!-- duration: 80ms -->
          <step title="Updating submodules" date="2025-09-08T23:07:35.794" /><!-- duration: 1144ms -->
          <step title="Determining deployment builder" date="2025-09-08T23:07:37.220" >
            <step title="Builder is OneDeployBuilder" date="2025-09-08T23:07:37.231" /><!-- duration: 6ms -->
          </step><!-- duration: 22ms -->
          <step title="PreDeployment: context.CleanOutputPath False" date="2025-09-08T23:07:37.294" >
            <step title="PreDeployment: context.OutputPath /home/site/wwwroot" date="2025-09-08T23:07:37.422" >
              <step title="Building" date="2025-09-08T23:07:37.565" >
                <step title="Executing external process" date="2025-09-08T23:07:38.144" type="process" path="starter.sh" arguments="/opt/Kudu/Scripts/parallel_rsync.sh /tmp/zipdeploy/extracted /home/site/wwwroot 8 /tmp/ False False  " /><!-- duration: 3446ms -->
                <step title="Modified file to trigger a restart of the app container." date="2025-09-08T23:07:42.051" /><!-- duration: 6ms -->
                <step title="Skip function trigger and logicapp sync because function is not enabled." date="2025-09-08T23:07:42.061" /><!-- duration: 5ms -->
                <step title="Purge deployment items" date="2025-09-08T23:07:43.338" >
                  <step title="Remove 88e92e58-, Success, received at 09/08/2025 18:03:05" date="2025-09-08T23:07:43.411" /><!-- duration: 4ms -->
                </step><!-- duration: 81ms -->
              </step><!-- duration: 5949ms -->
            </step><!-- duration: 6099ms -->
            <step title="Cleaning up temp files" date="2025-09-08T23:07:43.525" /><!-- duration: 4ms -->
            <step title="Cleaning up temp files" date="2025-09-08T23:07:43.532" /><!-- duration: 507ms -->
            <step title="Reloading status file with latest updates" date="2025-09-08T23:07:44.115" >
              <step title="WebHooksManager.PublishEventAsync: PostDeployment" date="2025-09-08T23:07:44.120" /><!-- duration: 38ms -->
            </step><!-- duration: 46ms -->
            <step title="Cleaning up temporary deployment - fetch deployment was successful" date="2025-09-08T23:07:44.168" /><!-- duration: 4ms -->
          </step><!-- duration: 6963ms -->
        </step><!-- duration: 8572ms -->
        <step title="Outgoing response" date="2025-09-08T23:07:44.271" type="response" statusCode="200" statusText="OK" /><!-- duration: 4ms -->
      </step><!-- duration: 8595ms -->
