<step title="Incoming Request" date="2025-09-08T15:54:09.868" instance="ad9ceb" url="/api/publish?type=zip" method="POST" type="request" pid="821,1,7" Accept="*/*" Host="241runners-api.scm.azurewebsites.net" User-Agent="AZURECLI/2.76.0 (HOMEBREW)" Accept-Encoding="gzip, deflate" Authorization="Bea..." Cache-Control="no-cache" Content-Type="application/octet-stream" Cookie="ARRAffinity=ad9ceb515c8748b7cb97270621ac42907b31acbad5dca11a4bf0614a2980949a; ARRAffinitySameSite=ad9ceb515c8748b7cb97270621ac42907b31acbad5dca11a4bf0614a2980949a" Content-Length="7018518" x-ms-client-request-id="02f57312-8ccc-11f0-865d-5aba6e9e812a" x-ms-artifact-checksum="2434f13e9d5e33ff8d898aa5662a8541fb0b82bc910d872821ef9b5696d662ce" X-ARR-LOG-ID="02f57312-8ccc-11f0-865d-5aba6e9e812a" CLIENT-IP="97.75.150.69:15558" X-SITE-DEPLOYMENT-ID="241runners-api" WAS-DEFAULT-HOSTNAME="241runners-api.scm.azurewebsites.net" X-Forwarded-Proto="https" X-AppService-Proto="https" X-Forwarded-TlsVersion="1.3" X-WAWS-Unencoded-URL="/api/publish?type=zip" X-Client-IP="97.75.150.69" X-Client-Port="15558" >
  <step title="OneDeploy" date="2025-09-08T15:54:09.903" >
    <step title="None repository commit" date="2025-09-08T15:54:09.921" >
      <step title="Commit id: 8f051d39-77fa-4c13-88c6-2e0d2c6eb9b2" date="2025-09-08T15:54:09.930" Message="N/A" AuthorName="N/A" AuthorEmail="N/A" /><!-- duration: 6ms -->
    </step><!-- duration: 19ms -->
    <step title="Starting PushDeployAsync" date="2025-09-08T15:54:09.944" /><!-- duration: 5ms -->
    <step title="Writing artifact to /tmp/zipdeploy/88bae1a3-12b8-46ea-b3a4-1c231e77eaf4.zip" date="2025-09-08T15:54:09.983" >
      <step title="Writing multipart request body to /tmp/zipdeploy/88bae1a3-12b8-46ea-b3a4-1c231e77eaf4.zip" date="2025-09-08T15:54:09.990" /><!-- duration: 7ms -->
    </step><!-- duration: 92ms -->
    <step title="Attempting to fetch target branch HEAD" date="2025-09-08T15:54:10.126" /><!-- duration: 5ms -->
    <step title="Acquiring Deployment Lock" date="2025-09-08T15:54:10.137" /><!-- duration: 7ms -->
    <step title="Acquired Deployment Lock" date="2025-09-08T15:54:10.197" /><!-- duration: 6ms -->
    <step title="Performing fetch based deployment" date="2025-09-08T15:54:10.215" >
      <step title="Creating temporary deployment" date="2025-09-08T15:54:10.224" /><!-- duration: 98ms -->
      <step title="Releasing Deployment Lock" date="2025-09-08T15:54:11.541" /><!-- duration: 7ms -->
      <step title="Cleaning up temp folders from previous zip deployments and extracting pushed zip file /tmp/zipdeploy/88bae1a3-12b8-46ea-b3a4-1c231e77eaf4.zip (6.69 MB) to /tmp/zipdeploy/extracted" date="2025-09-08T15:54:11.581" >
        <step title="ChmodRecursive Process exited with total time taken in ms: 135" date="2025-09-08T15:54:11.864" /><!-- duration: 4ms -->
      </step><!-- duration: 290ms -->
      <step title="None repository commit" date="2025-09-08T15:54:11.876" >
        <step title="Commit id: 8f051d39-77fa-4c13-88c6-2e0d2c6eb9b2" date="2025-09-08T15:54:11.879" Message="OneDeploy" AuthorName="N/A" AuthorEmail="N/A" /><!-- duration: 4ms -->
      </step><!-- duration: 10ms -->
      <step title="Deployment timer started" date="2025-09-08T15:54:13.891" >
        <step title="DeploymentManager.Deploy(id:8f051d39-77fa-4c13-88c6-2e0d2c6eb9b2)" date="2025-09-08T15:54:13.897" >
          <step title="Collecting changeset information" date="2025-09-08T15:54:13.917" /><!-- duration: 132ms -->
          <step title="Updating submodules" date="2025-09-08T15:54:14.057" /><!-- duration: 1155ms -->
          <step title="Determining deployment builder" date="2025-09-08T15:54:15.446" >
            <step title="Builder is OneDeployBuilder" date="2025-09-08T15:54:15.464" /><!-- duration: 6ms -->
          </step><!-- duration: 29ms -->
          <step title="PreDeployment: context.CleanOutputPath False" date="2025-09-08T15:54:15.528" >
            <step title="PreDeployment: context.OutputPath /home/site/wwwroot" date="2025-09-08T15:54:15.685" >
              <step title="Building" date="2025-09-08T15:54:15.833" >
                <step title="Executing external process" date="2025-09-08T15:54:16.402" type="process" path="starter.sh" arguments="/opt/Kudu/Scripts/parallel_rsync.sh /tmp/zipdeploy/extracted /home/site/wwwroot 8 /tmp/ False False  " /><!-- duration: 7130ms -->
                <step title="Modified file to trigger a restart of the app container." date="2025-09-08T15:54:23.962" /><!-- duration: 5ms -->
                <step title="Skip function trigger and logicapp sync because function is not enabled." date="2025-09-08T15:54:23.972" /><!-- duration: 6ms -->
              </step><!-- duration: 8981ms -->
            </step><!-- duration: 9138ms -->
            <step title="Cleaning up temp files" date="2025-09-08T15:54:24.826" /><!-- duration: 4ms -->
            <step title="Cleaning up temp files" date="2025-09-08T15:54:24.836" /><!-- duration: 505ms -->
            <step title="Reloading status file with latest updates" date="2025-09-08T15:54:25.401" >
              <step title="WebHooksManager.PublishEventAsync: PostDeployment" date="2025-09-08T15:54:25.413" /><!-- duration: 130ms -->
            </step><!-- duration: 157ms -->
            <step title="Cleaning up temporary deployment - fetch deployment was successful" date="2025-09-08T15:54:25.613" /><!-- duration: 4ms -->
          </step><!-- duration: 10175ms -->
        </step><!-- duration: 11815ms -->
        <step title="Outgoing response" date="2025-09-08T15:54:25.726" type="response" statusCode="200" statusText="OK" /><!-- duration: 8ms -->
      </step><!-- duration: 11851ms -->
