<step title="Incoming Request" date="2025-09-08T23:03:24.407" instance="93ec31" url="/api/publish?type=zip" method="POST" type="request" pid="801,1,24" Accept="*/*" Host="241runners-api.scm.azurewebsites.net" User-Agent="AZURECLI/2.76.0 (HOMEBREW)" Accept-Encoding="gzip, deflate" Authorization="Bea..." Cache-Control="no-cache" Content-Type="application/octet-stream" Cookie="ARRAffinity=93ec31e1a33d787308b32dd4ce9024d0a491ad82d9245b74f0d4b584a8f7f7d0; ARRAffinitySameSite=93ec31e1a33d787308b32dd4ce9024d0a491ad82d9245b74f0d4b584a8f7f7d0" Content-Length="6971103" x-ms-client-request-id="00f67bec-8d08-11f0-b2eb-5aba6e9e812a" x-ms-artifact-checksum="fcad0c2952d27aa7a89255c4a2e0e82c505ab1c5bd0903839ab37c97b7004fc8" X-ARR-LOG-ID="00f67bec-8d08-11f0-b2eb-5aba6e9e812a" CLIENT-IP="97.75.150.69:15601" X-SITE-DEPLOYMENT-ID="241runners-api" WAS-DEFAULT-HOSTNAME="241runners-api.scm.azurewebsites.net" X-Forwarded-Proto="https" X-AppService-Proto="https" X-Forwarded-TlsVersion="1.3" X-WAWS-Unencoded-URL="/api/publish?type=zip" X-Client-IP="97.75.150.69" X-Client-Port="15601" >
  <step title="OneDeploy" date="2025-09-08T23:03:24.421" >
    <step title="Starting PushDeployAsync" date="2025-09-08T23:03:24.430" /><!-- duration: 5ms -->
    <step title="Writing artifact to /tmp/zipdeploy/52d12424-f1a3-4a0b-a766-937111587ed7.zip" date="2025-09-08T23:03:24.470" >
      <step title="Writing multipart request body to /tmp/zipdeploy/52d12424-f1a3-4a0b-a766-937111587ed7.zip" date="2025-09-08T23:03:24.475" /><!-- duration: 4ms -->
    </step><!-- duration: 174ms -->
    <step title="Attempting to fetch target branch HEAD" date="2025-09-08T23:03:24.664" /><!-- duration: 7ms -->
    <step title="Acquiring Deployment Lock" date="2025-09-08T23:03:24.679" /><!-- duration: 7ms -->
    <step title="Acquired Deployment Lock" date="2025-09-08T23:03:24.726" /><!-- duration: 5ms -->
    <step title="Performing fetch based deployment" date="2025-09-08T23:03:24.739" >
      <step title="Creating temporary deployment" date="2025-09-08T23:03:24.743" /><!-- duration: 72ms -->
      <step title="Releasing Deployment Lock" date="2025-09-08T23:03:25.961" /><!-- duration: 7ms -->
      <step title="Cleaning up temp folders from previous zip deployments and extracting pushed zip file /tmp/zipdeploy/52d12424-f1a3-4a0b-a766-937111587ed7.zip (6.65 MB) to /tmp/zipdeploy/extracted" date="2025-09-08T23:03:26.002" >
        <step title="ChmodRecursive Process exited with total time taken in ms: 28" date="2025-09-08T23:03:26.526" /><!-- duration: 5ms -->
      </step><!-- duration: 533ms -->
      <step title="None repository commit" date="2025-09-08T23:03:26.540" >
        <step title="Commit id: 99bd83fe-9d07-4d58-922c-afb51f1a6d1c" date="2025-09-08T23:03:26.544" Message="OneDeploy" AuthorName="N/A" AuthorEmail="N/A" /><!-- duration: 4ms -->
      </step><!-- duration: 13ms -->
      <step title="Deployment timer started" date="2025-09-08T23:03:28.558" >
        <step title="DeploymentManager.Deploy(id:99bd83fe-9d07-4d58-922c-afb51f1a6d1c)" date="2025-09-08T23:03:28.563" >
          <step title="Collecting changeset information" date="2025-09-08T23:03:28.579" /><!-- duration: 112ms -->
          <step title="Updating submodules" date="2025-09-08T23:03:28.698" /><!-- duration: 1153ms -->
          <step title="Determining deployment builder" date="2025-09-08T23:03:30.108" >
            <step title="Builder is OneDeployBuilder" date="2025-09-08T23:03:30.120" /><!-- duration: 4ms -->
          </step><!-- duration: 19ms -->
          <step title="PreDeployment: context.CleanOutputPath False" date="2025-09-08T23:03:30.174" >
            <step title="PreDeployment: context.OutputPath /home/site/wwwroot" date="2025-09-08T23:03:30.297" >
              <step title="Building" date="2025-09-08T23:03:30.466" >
                <step title="Executing external process" date="2025-09-08T23:03:31.344" type="process" path="starter.sh" arguments="/opt/Kudu/Scripts/parallel_rsync.sh /tmp/zipdeploy/extracted /home/site/wwwroot 8 /tmp/ False False  " /><!-- duration: 2733ms -->
                <step title="Modified file to trigger a restart of the app container." date="2025-09-08T23:03:34.570" /><!-- duration: 10ms -->
                <step title="Skip function trigger and logicapp sync because function is not enabled." date="2025-09-08T23:03:34.643" /><!-- duration: 7ms -->
                <step title="Purge deployment items" date="2025-09-08T23:03:35.852" >
                  <step title="Remove 09de5a95-, Success, received at 09/08/2025 17:44:17" date="2025-09-08T23:03:35.906" /><!-- duration: 4ms -->
                </step><!-- duration: 62ms -->
              </step><!-- duration: 5541ms -->
            </step><!-- duration: 5721ms -->
            <step title="Cleaning up temp files" date="2025-09-08T23:03:36.024" /><!-- duration: 4ms -->
            <step title="Cleaning up temp files" date="2025-09-08T23:03:36.035" /><!-- duration: 506ms -->
            <step title="Reloading status file with latest updates" date="2025-09-08T23:03:36.589" >
              <step title="WebHooksManager.PublishEventAsync: PostDeployment" date="2025-09-08T23:03:36.595" /><!-- duration: 36ms -->
            </step><!-- duration: 46ms -->
            <step title="Cleaning up temporary deployment - fetch deployment was successful" date="2025-09-08T23:03:36.642" /><!-- duration: 3ms -->
          </step><!-- duration: 6552ms -->
        </step><!-- duration: 8168ms -->
        <step title="Outgoing response" date="2025-09-08T23:03:36.742" type="response" statusCode="200" statusText="OK" /><!-- duration: 4ms -->
      </step><!-- duration: 8192ms -->
