﻿<?xml version="1.0" encoding="utf-8"?>
<deployment>
  <id>afef9729fe9049abbe7eaca1fc51c5c7</id>
  <author>N/A</author>
  <deployer>ZipDeploy</deployer>
  <authorEmail>N/A</authorEmail>
  <message>Created via a push deployment</message>
  <progress></progress>
  <status>Success</status>
  <statusText></statusText>
  <lastSuccessEndTime>2025-08-27T00:24:43.5911464Z</lastSuccessEndTime>
  <receivedTime>2025-08-27T00:24:43.2473945Z</receivedTime>
  <startTime>2025-08-27T00:24:43.372393Z</startTime>
  <endTime>2025-08-27T00:24:43.5911464Z</endTime>
  <complete>True</complete>
  <is_temp>False</is_temp>
  <is_readonly>True</is_readonly>
  <project_type>Run-From-Zip</project_type>
  <vsproject_id></vsproject_id>
</deployment>