﻿<?xml version="1.0" encoding="utf-8"?>
<deployment>
  <id>ccb69536b4b54f76b3b044ccf9616a9e</id>
  <author>N/A</author>
  <deployer>ZipDeploy</deployer>
  <authorEmail>N/A</authorEmail>
  <message>Created via a push deployment</message>
  <progress></progress>
  <status>Success</status>
  <statusText></statusText>
  <lastSuccessEndTime>2025-08-24T21:22:17.2225706Z</lastSuccessEndTime>
  <receivedTime>2025-08-24T21:22:14.3018849Z</receivedTime>
  <startTime>2025-08-24T21:22:14.7068493Z</startTime>
  <endTime>2025-08-24T21:22:17.2225706Z</endTime>
  <complete>True</complete>
  <is_temp>False</is_temp>
  <is_readonly>True</is_readonly>
  <project_type>BASIC</project_type>
  <vsproject_id></vsproject_id>
</deployment>