﻿<?xml version="1.0" encoding="utf-8"?>
<deployment>
  <id>e448d6cba2d5468e9949a57849ff96de</id>
  <author>N/A</author>
  <deployer>ZipDeploy</deployer>
  <authorEmail>N/A</authorEmail>
  <message>Created via a push deployment</message>
  <progress></progress>
  <status>Success</status>
  <statusText></statusText>
  <lastSuccessEndTime>2025-08-27T00:15:20.5014098Z</lastSuccessEndTime>
  <receivedTime>2025-08-27T00:15:20.0478132Z</receivedTime>
  <startTime>2025-08-27T00:15:20.2040654Z</startTime>
  <endTime>2025-08-27T00:15:20.5014098Z</endTime>
  <complete>True</complete>
  <is_temp>False</is_temp>
  <is_readonly>True</is_readonly>
  <project_type>Run-From-Zip</project_type>
  <vsproject_id></vsproject_id>
</deployment>