<step title="Incoming Request" date="2025-08-25T18:58:59.390" instance="7788a4" url="/api/zipdeploy?isAsync=true" method="POST" type="request" pid="652,2,9" Cache-Control="no-cache" Content-Length="25482619" Content-Type="application/octet-stream" Accept="*/*" Accept-Encoding="gzip, deflate" Authorization="Bea..." Host="241runnersawareness-api.scm.azurewebsites.net" User-Agent="AZURECLI/2.76.0 (MSI)" x-ms-client-request-id="8cb9ba4d-81e5-11f0-9be4-f057a69bc617" X-ARR-LOG-ID="8cb9ba4d-81e5-11f0-9be4-f057a69bc617" CLIENT-IP="97.75.150.66:38561" X-SITE-DEPLOYMENT-ID="241runnersawareness-api" WAS-DEFAULT-HOSTNAME="241runnersawareness-api.scm.azurewebsites.net" X-Forwarded-Proto="https" X-AppService-Proto="https" X-Forwarded-TlsVersion="1.3" X-WAWS-Unencoded-URL="/api/zipdeploy?isAsync=true" >
  <step title="Cleanup Xml Logs" date="2025-08-25T18:58:59.390" /><!-- duration: 11ms -->
  <step title="ZipPushDeploy" date="2025-08-25T18:59:00.214" >
    <step title="ZipDeploy. Extract zip. " date="2025-08-25T18:59:00.246" /><!-- duration: 0ms -->
    <step title="Starting PushDeployAsync" date="2025-08-25T18:59:00.265" /><!-- duration: 0ms -->
    <step title="Updating shutdown sentinel last write time" date="2025-08-25T18:59:00.326" SemaphoreCount="7" /><!-- duration: 0ms -->
    <step title="LockFile &apos;C:\home\site\locks\deployments.lock&apos; acquired" date="2025-08-25T18:59:00.339" /><!-- duration: 0ms -->
    <step title="Saving request content to C:\local\Temp\zipdeploy\c4qs4fze.zip" date="2025-08-25T18:59:00.339" >
      <step title="Total 25,482,619 bytes written to C:\local\Temp\zipdeploy\c4qs4fze.zip" date="2025-08-25T18:59:07.168" /><!-- duration: 0ms -->
    </step><!-- duration: 6844ms -->
    <step title="LockFile &apos;C:\home\site\locks\deployments.lock&apos; released" date="2025-08-25T18:59:07.199" /><!-- duration: 0ms -->
    <step title="Deleting shutdown sentinel file" date="2025-08-25T18:59:07.199" SemaphoreCount="8" /><!-- duration: 0ms -->
    <step title="Starting FetchDeploy" date="2025-08-25T18:59:07.230" /><!-- duration: 0ms -->
    <step title="Start deployment in the background" date="2025-08-25T18:59:07.250" /><!-- duration: 141ms -->
  </step><!-- duration: 7187ms -->
  <step title="Outgoing response" date="2025-08-25T18:59:07.496" type="response" statusCode="202" statusText="Accepted" Server="Microsoft-IIS/10.0" x-ms-request-id="8cb9ba4d-81e5-11f0-9be4-f057a69bc617" Retry-After="30" Cache-Control="private" X-AspNet-Version="4.0.30319" Location="https://241runnersawareness-api.scm.azurewebsites.net/api/deployments/latest?deployer=ZipDeploy&amp;time=2025-08-25_18-59-07Z" /><!-- duration: 20ms -->
</step><!-- duration: 8137ms -->
