<step title="Incoming Request" date="2025-08-24T20:48:42.415" instance="7788a4" url="/api/zipdeploy?isAsync=true" method="POST" type="request" pid="1696,2,11" Cache-Control="no-cache" Content-Length="23405505" Content-Type="application/octet-stream" Accept="*/*" Accept-Encoding="gzip, deflate" Authorization="Bea..." Host="241runnersawareness-api.scm.azurewebsites.net" User-Agent="AZURECLI/2.76.0 (MSI)" x-ms-client-request-id="b5053be9-812b-11f0-aae5-f057a69bc617" X-ARR-LOG-ID="b5053be9-812b-11f0-aae5-f057a69bc617" CLIENT-IP="97.75.150.66:38570" X-SITE-DEPLOYMENT-ID="241runnersawareness-api" WAS-DEFAULT-HOSTNAME="241runnersawareness-api.scm.azurewebsites.net" X-Forwarded-Proto="https" X-AppService-Proto="https" X-Forwarded-TlsVersion="1.3" X-WAWS-Unencoded-URL="/api/zipdeploy?isAsync=true" >
  <step title="Cleanup Xml Logs" date="2025-08-24T20:48:42.415" /><!-- duration: 18ms -->
  <step title="ZipPushDeploy" date="2025-08-24T20:48:42.462" >
    <step title="ZipDeploy. Extract zip. " date="2025-08-24T20:48:42.462" /><!-- duration: 0ms -->
    <step title="Starting PushDeployAsync" date="2025-08-24T20:48:42.477" /><!-- duration: 0ms -->
    <step title="Updating shutdown sentinel last write time" date="2025-08-24T20:48:42.492" SemaphoreCount="7" /><!-- duration: 0ms -->
    <step title="LockFile &apos;C:\home\site\locks\deployments.lock&apos; acquired" date="2025-08-24T20:48:42.524" /><!-- duration: 0ms -->
    <step title="Saving request content to C:\local\Temp\zipdeploy\dyclk2dz.zip" date="2025-08-24T20:48:42.524" >
      <step title="Total 23,405,505 bytes written to C:\local\Temp\zipdeploy\dyclk2dz.zip" date="2025-08-24T20:48:43.106" /><!-- duration: 12ms -->
    </step><!-- duration: 611ms -->
    <step title="LockFile &apos;C:\home\site\locks\deployments.lock&apos; released" date="2025-08-24T20:48:43.135" /><!-- duration: 14ms -->
    <step title="Deleting shutdown sentinel file" date="2025-08-24T20:48:43.149" SemaphoreCount="8" /><!-- duration: 16ms -->
    <step title="Starting FetchDeploy" date="2025-08-24T20:48:43.164" /><!-- duration: 0ms -->
    <step title="Start deployment in the background" date="2025-08-24T20:48:43.164" /><!-- duration: 94ms -->
  </step><!-- duration: 796ms -->
  <step title="Outgoing response" date="2025-08-24T20:48:43.277" type="response" statusCode="202" statusText="Accepted" Server="Microsoft-IIS/10.0" x-ms-request-id="b5053be9-812b-11f0-aae5-f057a69bc617" Retry-After="30" Cache-Control="private" X-AspNet-Version="4.0.30319" Location="https://241runnersawareness-api.scm.azurewebsites.net/api/deployments/latest?deployer=ZipDeploy&amp;time=2025-08-24_20-48-43Z" /><!-- duration: 0ms -->
</step><!-- duration: 862ms -->
