<step title="BackgroundTrace" date="2025-08-26T23:47:28.612" instance="7788a4" url="/api/zipdeploy" method="POST" >
  <step title="Updating shutdown sentinel last write time" date="2025-08-26T23:47:28.675" SemaphoreCount="7" /><!-- duration: 0ms -->
  <step title="LockFile &apos;C:\home\site\locks\deployments.lock&apos; acquired" date="2025-08-26T23:47:28.675" /><!-- duration: 0ms -->
  <step title="Creating temporary deployment" date="2025-08-26T23:47:28.675" /><!-- duration: 47ms -->
  <step title="Performing fetch based deployment" date="2025-08-26T23:47:28.753" >
    <step title="Fetching changes." date="2025-08-26T23:47:29.128" /><!-- duration: 16ms -->
    <step title="Starting LocalZipHandler" date="2025-08-26T23:47:29.163" /><!-- duration: 11ms -->
    <step title="Cleaning up temp folders from previous zip deployments and extracting pushed zip file C:\local\Temp\zipdeploy\q4ju0df0.zip (24.38 MB) to C:\local\Temp\zipdeploy\extracted" date="2025-08-26T23:47:29.206" /><!-- duration: 16ms -->
    <step title="Cleaning up temp folders from previous zip deployments and extracting pushed zip file C:\local\Temp\zipdeploy\q4ju0df0.zip (24.38 MB) to C:\local\Temp\zipdeploy\extracted" date="2025-08-26T23:47:29.221" >
      <step title="Extracting 178 entries to C:\local\Temp\zipdeploy\extracted directory" date="2025-08-26T23:47:29.254" >
        <step title="Extracting to C:\local\Temp\zipdeploy\extracted\logs\deployments\latest.json ..." date="2025-08-26T23:47:29.254" /><!-- duration: 0ms -->
        <step title="Extracting to C:\local\Temp\zipdeploy\extracted\publish\241RunnersAwareness.BackendAPI.deps.json ..." date="2025-08-26T23:47:29.268" /><!-- duration: 0ms -->
        <step title="Extracting to C:\local\Temp\zipdeploy\extracted\publish\241RunnersAwareness.BackendAPI.runtimeconfig.json ..." date="2025-08-26T23:47:29.268" /><!-- duration: 16ms -->
        <step title="Extracting to C:\local\Temp\zipdeploy\extracted\publish\241RunnersAwareness.BackendAPI.staticwebassets.endpoints.json ..." date="2025-08-26T23:47:29.284" /><!-- duration: 0ms -->
        <step title="Extracting to C:\local\Temp\zipdeploy\extracted\publish\appsettings.Development.json ..." date="2025-08-26T23:47:29.284" /><!-- duration: 16ms -->
        <step title="Omitting extracting file traces ..." date="2025-08-26T23:47:29.315" /><!-- duration: 0ms -->
      </step><!-- duration: 3999ms -->
    </step><!-- duration: 4050ms -->
    <step title="Before sending BuildRequestReceived status to /api/updatedeploystatus" date="2025-08-26T23:47:33.284" /><!-- duration: 0ms -->
    <step title="DeploymentManager.Deploy(id:d4846f6e9b09489eb35762844b38fd51)" date="2025-08-26T23:47:33.301" >
      <step title="Collecting changeset information" date="2025-08-26T23:47:33.315" /><!-- duration: 47ms -->
      <step title="Updating submodules" date="2025-08-26T23:47:33.378" >
        <step title="Updating submodules." date="2025-08-26T23:47:33.553" /><!-- duration: 29ms -->
      </step><!-- duration: 223ms -->
      <step title="Preparing deployment for commit id &apos;d4846f6e9b&apos;." date="2025-08-26T23:47:33.710" /><!-- duration: 0ms -->
      <step title="Determining deployment builder" date="2025-08-26T23:47:33.753" >
        <step title="Builder is BasicBuilder" date="2025-08-26T23:47:33.784" /><!-- duration: 17ms -->
      </step><!-- duration: 48ms -->
      <step title="Copying SSH keys" date="2025-08-26T23:47:33.815" /><!-- duration: 0ms -->
      <step title="Building" date="2025-08-26T23:47:33.831" >
        <step title="Generating deployment script." date="2025-08-26T23:47:33.878" /><!-- duration: 16ms -->
        <step title="Generating deployment script" date="2025-08-26T23:47:33.911" >
          <step title="Using cached version of the deployment script for command: -y --no-dot-deployment -r &quot;C:\local\Temp\zipdeploy\extracted&quot; -o &quot;C:\home\site\deployments\tools&quot; --basic --sitePath &quot;C:\local\Temp\zipdeploy\extracted&quot;" date="2025-08-26T23:47:34.003" /><!-- duration: 19ms -->
          <step title="Using cached version of deployment script (command: &apos;azure -y --no-dot-deployment -r &quot;C:\local\Temp\zipdeploy\extracted&quot; -o &quot;C:\home\site\deployments\tools&quot; --basic --sitePath &quot;C:\local\Temp\zipdeploy\extracted&quot;&apos;)." date="2025-08-26T23:47:34.050" /><!-- duration: 31ms -->
        </step><!-- duration: 201ms -->
        <step title="Running deployment command..." date="2025-08-26T23:47:34.487" /><!-- duration: 16ms -->
        <step title="Command: &quot;C:\home\site\deployments\tools\deploy.cmd&quot;" date="2025-08-26T23:47:34.550" /><!-- duration: 17ms -->
        <step title="Executing external process" date="2025-08-26T23:47:34.597" type="process" path="starter.cmd" arguments="&quot;C:\home\site\deployments\tools\deploy.cmd&quot;" >
          <step title="Handling Basic Web Site deployment." date="2025-08-26T23:47:35.191" /><!-- duration: 0ms -->
          <step title="Creating app_offline.htm" date="2025-08-26T23:47:35.878" /><!-- duration: 16ms -->
          <step title="KuduSync.NET from: &apos;C:\local\Temp\zipdeploy\extracted&apos; to: &apos;C:\home\site\wwwroot&apos;" date="2025-08-26T23:47:35.913" /><!-- duration: 0ms -->
          <step title="Deleting app_offline.htm" date="2025-08-26T23:47:35.925" /><!-- duration: 0ms -->
          <step title="Finished successfully." date="2025-08-26T23:47:35.941" /><!-- duration: 18ms -->
        </step><!-- duration: 1375ms -->
        <step title="Running post deployment command(s)..." date="2025-08-26T23:47:36.081" /><!-- duration: 0ms -->
        <step title="Triggering recycle (preview mode disabled)." date="2025-08-26T23:47:36.175" /><!-- duration: 0ms -->
        <step title="Ignoring FS watcher based recycle request as this is a classic Windows app." date="2025-08-26T23:47:36.190" /><!-- duration: 0ms -->
        <step title="Deployment successful. DEPLOYMENTINFO: deploymentPath = ZipDeploy. Extract zip. , deployer = ZipDeploy, os = windows, sku = Basic, siteName = 241runnersawareness-api, siteHostName = 241runnersawareness-api.azurewebsites.net, deploymentStatus = Success" date="2025-08-26T23:47:36.268" /><!-- duration: 0ms -->
        <step title="Purge deployment items" date="2025-08-26T23:47:36.460" >
          <step title="Remove 5ff6f3f4b, Success, received at 8/25/2025 5:10:55 PM" date="2025-08-26T23:47:36.581" /><!-- duration: 0ms -->
        </step><!-- duration: 121ms -->
      </step><!-- duration: 2781ms -->
    </step><!-- duration: 3329ms -->
    <step title="Cleaning up temp files" date="2025-08-26T23:47:36.643" /><!-- duration: 17ms -->
    <step title="Skip function trigger and logicapp sync because function is not enabled." date="2025-08-26T23:47:36.691" /><!-- duration: 0ms -->
  </step><!-- duration: 7984ms -->
  <step title="LockFile &apos;C:\home\site\locks\deployments.lock&apos; released" date="2025-08-26T23:47:36.737" /><!-- duration: 16ms -->
  <step title="Deleting shutdown sentinel file" date="2025-08-26T23:47:36.753" SemaphoreCount="8" /><!-- duration: 0ms -->
</step><!-- duration: 8172ms -->
