<step title="Incoming Request" date="2025-08-24T20:57:36.114" instance="7788a4" url="/api/zipdeploy?isAsync=true" method="POST" type="request" pid="1696,2,12" Cache-Control="no-cache" Content-Length="23408957" Content-Type="application/octet-stream" Accept="*/*" Accept-Encoding="gzip, deflate" Authorization="Bea..." Host="241runnersawareness-api.scm.azurewebsites.net" User-Agent="AZURECLI/2.76.0 (MSI)" x-ms-client-request-id="f2eca677-812c-11f0-8dad-f057a69bc617" X-ARR-LOG-ID="f2eca677-812c-11f0-8dad-f057a69bc617" CLIENT-IP="97.75.150.66:38443" X-SITE-DEPLOYMENT-ID="241runnersawareness-api" WAS-DEFAULT-HOSTNAME="241runnersawareness-api.scm.azurewebsites.net" X-Forwarded-Proto="https" X-AppService-Proto="https" X-Forwarded-TlsVersion="1.3" X-WAWS-Unencoded-URL="/api/zipdeploy?isAsync=true" >
  <step title="Cleanup Xml Logs" date="2025-08-24T20:57:36.114" /><!-- duration: 19ms -->
  <step title="ZipPushDeploy" date="2025-08-24T20:57:36.145" >
    <step title="ZipDeploy. Extract zip. " date="2025-08-24T20:57:36.145" /><!-- duration: 0ms -->
    <step title="Starting PushDeployAsync" date="2025-08-24T20:57:36.161" /><!-- duration: 0ms -->
    <step title="Updating shutdown sentinel last write time" date="2025-08-24T20:57:36.195" SemaphoreCount="7" /><!-- duration: 13ms -->
    <step title="LockFile &apos;C:\home\site\locks\deployments.lock&apos; acquired" date="2025-08-24T20:57:36.208" /><!-- duration: 16ms -->
    <step title="Saving request content to C:\local\Temp\zipdeploy\n5ezd52j.zip" date="2025-08-24T20:57:36.224" >
      <step title="Total 23,408,957 bytes written to C:\local\Temp\zipdeploy\n5ezd52j.zip" date="2025-08-24T20:57:37.610" /><!-- duration: 0ms -->
    </step><!-- duration: 1404ms -->
    <step title="LockFile &apos;C:\home\site\locks\deployments.lock&apos; released" date="2025-08-24T20:57:37.627" /><!-- duration: 0ms -->
    <step title="Deleting shutdown sentinel file" date="2025-08-24T20:57:37.642" SemaphoreCount="8" /><!-- duration: 0ms -->
    <step title="Starting FetchDeploy" date="2025-08-24T20:57:37.642" /><!-- duration: 0ms -->
    <step title="Start deployment in the background" date="2025-08-24T20:57:37.657" >
      <step title="Starting LocalZipFetch" date="2025-08-24T20:57:37.829" /><!-- duration: 0ms -->
    </step><!-- duration: 942ms -->
  </step><!-- duration: 2455ms -->
  <step title="Outgoing response" date="2025-08-24T20:57:42.167" type="response" statusCode="202" statusText="Accepted" Server="Microsoft-IIS/10.0" x-ms-request-id="f2eca677-812c-11f0-8dad-f057a69bc617" Retry-After="30" Cache-Control="private" X-AspNet-Version="4.0.30319" Location="https://241runnersawareness-api.scm.azurewebsites.net/api/deployments/latest?deployer=ZipDeploy&amp;time=2025-08-24_20-57-38Z" /><!-- duration: 11ms -->
</step><!-- duration: 6083ms -->
