<step title="BackgroundTrace" date="2025-08-26T21:26:44.161" instance="7788a4" url="/api/zipdeploy" method="POST" >
  <step title="Updating shutdown sentinel last write time" date="2025-08-26T21:26:44.193" SemaphoreCount="7" /><!-- duration: 0ms -->
  <step title="LockFile &apos;C:\home\site\locks\deployments.lock&apos; acquired" date="2025-08-26T21:26:44.193" /><!-- duration: 16ms -->
  <step title="Creating temporary deployment" date="2025-08-26T21:26:44.208" /><!-- duration: 63ms -->
  <step title="Performing fetch based deployment" date="2025-08-26T21:26:44.289" >
    <step title="Fetching changes." date="2025-08-26T21:26:44.555" /><!-- duration: 12ms -->
    <step title="Starting LocalZipHandler" date="2025-08-26T21:26:44.584" /><!-- duration: 0ms -->
    <step title="Cleaning up temp folders from previous zip deployments and extracting pushed zip file C:\local\Temp\zipdeploy\lxidvdjp.zip (24.38 MB) to C:\local\Temp\zipdeploy\extracted" date="2025-08-26T21:26:44.615" /><!-- duration: 0ms -->
    <step title="Cleaning up temp folders from previous zip deployments and extracting pushed zip file C:\local\Temp\zipdeploy\lxidvdjp.zip (24.38 MB) to C:\local\Temp\zipdeploy\extracted" date="2025-08-26T21:26:44.615" >
      <step title="Extracting 178 entries to C:\local\Temp\zipdeploy\extracted directory" date="2025-08-26T21:26:44.661" >
        <step title="Extracting to C:\local\Temp\zipdeploy\extracted\logs\deployments\latest.json ..." date="2025-08-26T21:26:44.661" /><!-- duration: 18ms -->
        <step title="Extracting to C:\local\Temp\zipdeploy\extracted\publish\241RunnersAwareness.BackendAPI.deps.json ..." date="2025-08-26T21:26:44.693" /><!-- duration: 17ms -->
        <step title="Extracting to C:\local\Temp\zipdeploy\extracted\publish\241RunnersAwareness.BackendAPI.runtimeconfig.json ..." date="2025-08-26T21:26:44.710" /><!-- duration: 0ms -->
        <step title="Extracting to C:\local\Temp\zipdeploy\extracted\publish\241RunnersAwareness.BackendAPI.staticwebassets.endpoints.json ..." date="2025-08-26T21:26:44.724" /><!-- duration: 0ms -->
        <step title="Extracting to C:\local\Temp\zipdeploy\extracted\publish\appsettings.Development.json ..." date="2025-08-26T21:26:44.740" /><!-- duration: 0ms -->
        <step title="Omitting extracting file traces ..." date="2025-08-26T21:26:44.740" /><!-- duration: 15ms -->
      </step><!-- duration: 3880ms -->
    </step><!-- duration: 3953ms -->
    <step title="Before sending BuildRequestReceived status to /api/updatedeploystatus" date="2025-08-26T21:26:48.568" /><!-- duration: 0ms -->
    <step title="DeploymentManager.Deploy(id:1d5e187d8603407f822ff47bcd15378f)" date="2025-08-26T21:26:48.583" >
      <step title="Collecting changeset information" date="2025-08-26T21:26:48.599" /><!-- duration: 47ms -->
      <step title="Updating submodules" date="2025-08-26T21:26:48.662" >
        <step title="Updating submodules." date="2025-08-26T21:26:48.708" /><!-- duration: 16ms -->
      </step><!-- duration: 62ms -->
      <step title="Preparing deployment for commit id &apos;1d5e187d86&apos;." date="2025-08-26T21:26:48.880" /><!-- duration: 0ms -->
      <step title="Determining deployment builder" date="2025-08-26T21:26:48.959" >
        <step title="Builder is BasicBuilder" date="2025-08-26T21:26:48.990" /><!-- duration: 16ms -->
      </step><!-- duration: 62ms -->
      <step title="Copying SSH keys" date="2025-08-26T21:26:49.036" /><!-- duration: 16ms -->
      <step title="Building" date="2025-08-26T21:26:49.069" >
        <step title="Generating deployment script." date="2025-08-26T21:26:49.130" /><!-- duration: 0ms -->
        <step title="Generating deployment script" date="2025-08-26T21:26:49.151" >
          <step title="Using cached version of the deployment script for command: -y --no-dot-deployment -r &quot;C:\local\Temp\zipdeploy\extracted&quot; -o &quot;C:\home\site\deployments\tools&quot; --basic --sitePath &quot;C:\local\Temp\zipdeploy\extracted&quot;" date="2025-08-26T21:26:49.302" /><!-- duration: 31ms -->
          <step title="Using cached version of deployment script (command: &apos;azure -y --no-dot-deployment -r &quot;C:\local\Temp\zipdeploy\extracted&quot; -o &quot;C:\home\site\deployments\tools&quot; --basic --sitePath &quot;C:\local\Temp\zipdeploy\extracted&quot;&apos;)." date="2025-08-26T21:26:49.365" /><!-- duration: 16ms -->
        </step><!-- duration: 230ms -->
        <step title="Running deployment command..." date="2025-08-26T21:26:49.443" /><!-- duration: 19ms -->
        <step title="Command: &quot;C:\home\site\deployments\tools\deploy.cmd&quot;" date="2025-08-26T21:26:49.474" /><!-- duration: 18ms -->
        <step title="Executing external process" date="2025-08-26T21:26:50.156" type="process" path="starter.cmd" arguments="&quot;C:\home\site\deployments\tools\deploy.cmd&quot;" >
          <step title="Handling Basic Web Site deployment." date="2025-08-26T21:26:54.234" /><!-- duration: 20ms -->
          <step title="Creating app_offline.htm" date="2025-08-26T21:26:56.642" /><!-- duration: 16ms -->
          <step title="KuduSync.NET from: &apos;C:\local\Temp\zipdeploy\extracted&apos; to: &apos;C:\home\site\wwwroot&apos;" date="2025-08-26T21:26:56.676" /><!-- duration: 0ms -->
          <step title="Copying file: &apos;241RunnersAwareness.BackendAPI.dll&apos;" date="2025-08-26T21:26:56.689" /><!-- duration: 17ms -->
          <step title="Copying file: &apos;241RunnersAwareness.BackendAPI.exe&apos;" date="2025-08-26T21:26:56.736" /><!-- duration: 0ms -->
          <step title="Copying file: &apos;241RunnersAwareness.BackendAPI.pdb&apos;" date="2025-08-26T21:26:56.755" /><!-- duration: 12ms -->
          <step title="Copying file: &apos;241RunnersAwareness.BackendAPI.runtimeconfig.json&apos;" date="2025-08-26T21:26:56.767" /><!-- duration: 0ms -->
          <step title="Copying file: &apos;publish\241RunnersAwareness.BackendAPI.deps.json&apos;" date="2025-08-26T21:26:56.783" /><!-- duration: 0ms -->
          <step title="Copying file: &apos;publish\241RunnersAwareness.BackendAPI.runtimeconfig.json&apos;" date="2025-08-26T21:26:56.783" /><!-- duration: 0ms -->
          <step title="Copying file: &apos;publish\241RunnersAwareness.BackendAPI.staticwebassets.endpoints.json&apos;" date="2025-08-26T21:26:56.783" /><!-- duration: 16ms -->
          <step title="Copying file: &apos;publish\publish\publish\publish\241RunnersAwareness.BackendAPI.deps.json&apos;" date="2025-08-26T21:26:56.798" /><!-- duration: 0ms -->
          <step title="Copying file: &apos;publish\publish\publish\publish\publish\241RunnersAwareness.BackendAPI.deps.json&apos;" date="2025-08-26T21:26:56.814" /><!-- duration: 0ms -->
          <step title="Deleting app_offline.htm" date="2025-08-26T21:26:56.830" /><!-- duration: 0ms -->
          <step title="Finished successfully." date="2025-08-26T21:26:56.830" /><!-- duration: 16ms -->
        </step><!-- duration: 6690ms -->
        <step title="Running post deployment command(s)..." date="2025-08-26T21:26:56.908" /><!-- duration: 16ms -->
        <step title="Triggering recycle (preview mode disabled)." date="2025-08-26T21:26:57.005" /><!-- duration: 12ms -->
        <step title="Ignoring FS watcher based recycle request as this is a classic Windows app." date="2025-08-26T21:26:57.017" /><!-- duration: 0ms -->
        <step title="Deployment successful. DEPLOYMENTINFO: deploymentPath = ZipDeploy. Extract zip. , deployer = ZipDeploy, os = windows, sku = Basic, siteName = 241runnersawareness-api, siteHostName = 241runnersawareness-api.azurewebsites.net, deploymentStatus = Success" date="2025-08-26T21:26:57.113" /><!-- duration: 20ms -->
        <step title="Purge deployment items" date="2025-08-26T21:26:57.272" >
          <step title="Remove 4fac1bba6, Success, received at 8/24/2025 9:48:29 PM" date="2025-08-26T21:26:57.345" /><!-- duration: 0ms -->
        </step><!-- duration: 73ms -->
      </step><!-- duration: 8310ms -->
    </step><!-- duration: 8809ms -->
    <step title="Cleaning up temp files" date="2025-08-26T21:26:57.392" /><!-- duration: 18ms -->
    <step title="Skip function trigger and logicapp sync because function is not enabled." date="2025-08-26T21:26:57.440" /><!-- duration: 0ms -->
  </step><!-- duration: 13181ms -->
  <step title="LockFile &apos;C:\home\site\locks\deployments.lock&apos; released" date="2025-08-26T21:26:57.470" /><!-- duration: 16ms -->
  <step title="Deleting shutdown sentinel file" date="2025-08-26T21:26:57.486" SemaphoreCount="8" /><!-- duration: 16ms -->
</step><!-- duration: 13340ms -->
