<step title="BackgroundTrace" date="2025-08-25T17:10:49.946" instance="7788a4" url="/api/zipdeploy" method="POST" >
  <step title="Updating shutdown sentinel last write time" date="2025-08-25T17:10:49.992" SemaphoreCount="7" /><!-- duration: 0ms -->
  <step title="LockFile &apos;C:\home\site\locks\deployments.lock&apos; acquired" date="2025-08-25T17:10:49.992" /><!-- duration: 0ms -->
  <step title="Creating temporary deployment" date="2025-08-25T17:10:50.007" /><!-- duration: 31ms -->
  <step title="Performing fetch based deployment" date="2025-08-25T17:10:50.087" >
    <step title="Fetching changes." date="2025-08-25T17:10:50.351" /><!-- duration: 0ms -->
    <step title="Starting LocalZipHandler" date="2025-08-25T17:10:50.367" /><!-- duration: 18ms -->
    <step title="Cleaning up temp folders from previous zip deployments and extracting pushed zip file C:\local\Temp\zipdeploy\2q0xb4qu.zip (24.25 MB) to C:\local\Temp\zipdeploy\extracted" date="2025-08-25T17:10:50.414" /><!-- duration: 0ms -->
    <step title="Cleaning up temp folders from previous zip deployments and extracting pushed zip file C:\local\Temp\zipdeploy\2q0xb4qu.zip (24.25 MB) to C:\local\Temp\zipdeploy\extracted" date="2025-08-25T17:10:50.436" >
      <step title="Extracting 134 entries to C:\local\Temp\zipdeploy\extracted directory" date="2025-08-25T17:10:50.476" >
        <step title="Extracting to C:\local\Temp\zipdeploy\extracted\runtimes\browser-wasm\nativeassets\net9.0\e_sqlite3.a ..." date="2025-08-25T17:10:50.496" /><!-- duration: 90ms -->
        <step title="Extracting to C:\local\Temp\zipdeploy\extracted\runtimes\linux-arm\native\libe_sqlite3.so ..." date="2025-08-25T17:10:50.586" /><!-- duration: 62ms -->
        <step title="Extracting to C:\local\Temp\zipdeploy\extracted\runtimes\linux-arm64\native\libe_sqlite3.so ..." date="2025-08-25T17:10:50.648" /><!-- duration: 109ms -->
        <step title="Extracting to C:\local\Temp\zipdeploy\extracted\runtimes\linux-armel\native\libe_sqlite3.so ..." date="2025-08-25T17:10:50.757" /><!-- duration: 80ms -->
        <step title="Extracting to C:\local\Temp\zipdeploy\extracted\runtimes\linux-mips64\native\libe_sqlite3.so ..." date="2025-08-25T17:10:50.868" /><!-- duration: 93ms -->
        <step title="Omitting extracting file traces ..." date="2025-08-25T17:10:50.978" /><!-- duration: 80ms -->
      </step><!-- duration: 4332ms -->
    </step><!-- duration: 4494ms -->
    <step title="Before sending BuildRequestReceived status to /api/updatedeploystatus" date="2025-08-25T17:10:54.992" /><!-- duration: 47ms -->
    <step title="DeploymentManager.Deploy(id:5ff6f3f4b7484173911f34a8ace8b37e)" date="2025-08-25T17:10:55.070" >
      <step title="Collecting changeset information" date="2025-08-25T17:10:55.101" /><!-- duration: 81ms -->
      <step title="Updating submodules" date="2025-08-25T17:10:55.182" >
        <step title="Updating submodules." date="2025-08-25T17:10:55.289" /><!-- duration: 0ms -->
      </step><!-- duration: 123ms -->
      <step title="Preparing deployment for commit id &apos;5ff6f3f4b7&apos;." date="2025-08-25T17:10:55.445" /><!-- duration: 0ms -->
      <step title="Determining deployment builder" date="2025-08-25T17:10:55.495" >
        <step title="Builder is BasicBuilder" date="2025-08-25T17:10:55.526" /><!-- duration: 13ms -->
      </step><!-- duration: 43ms -->
      <step title="Copying SSH keys" date="2025-08-25T17:10:55.570" /><!-- duration: 16ms -->
      <step title="Building" date="2025-08-25T17:10:55.586" >
        <step title="Generating deployment script." date="2025-08-25T17:10:55.648" /><!-- duration: 0ms -->
        <step title="Generating deployment script" date="2025-08-25T17:10:55.648" >
          <step title="Using cached version of the deployment script for command: -y --no-dot-deployment -r &quot;C:\local\Temp\zipdeploy\extracted&quot; -o &quot;C:\home\site\deployments\tools&quot; --basic --sitePath &quot;C:\local\Temp\zipdeploy\extracted&quot;" date="2025-08-25T17:10:55.883" /><!-- duration: 0ms -->
          <step title="Using cached version of deployment script (command: &apos;azure -y --no-dot-deployment -r &quot;C:\local\Temp\zipdeploy\extracted&quot; -o &quot;C:\home\site\deployments\tools&quot; --basic --sitePath &quot;C:\local\Temp\zipdeploy\extracted&quot;&apos;)." date="2025-08-25T17:10:55.899" /><!-- duration: 20ms -->
        </step><!-- duration: 281ms -->
        <step title="Running deployment command..." date="2025-08-25T17:10:56.242" /><!-- duration: 0ms -->
        <step title="Command: &quot;C:\home\site\deployments\tools\deploy.cmd&quot;" date="2025-08-25T17:10:56.289" /><!-- duration: 0ms -->
        <step title="Executing external process" date="2025-08-25T17:10:56.336" type="process" path="starter.cmd" arguments="&quot;C:\home\site\deployments\tools\deploy.cmd&quot;" >
          <step title="Handling Basic Web Site deployment." date="2025-08-25T17:11:00.415" /><!-- duration: 20ms -->
          <step title="Creating app_offline.htm" date="2025-08-25T17:11:00.648" /><!-- duration: 48ms -->
          <step title="KuduSync.NET from: &apos;C:\local\Temp\zipdeploy\extracted&apos; to: &apos;C:\home\site\wwwroot&apos;" date="2025-08-25T17:11:00.898" /><!-- duration: 80ms -->
          <step title="Deleting file: &apos;wwwroot\aboutus.html&apos;" date="2025-08-25T17:11:01.340" /><!-- duration: 80ms -->
          <step title="Deleting file: &apos;wwwroot\admin-config.json&apos;" date="2025-08-25T17:11:01.461" /><!-- duration: 31ms -->
          <step title="Deleting file: &apos;wwwroot\admin-dashboard.html&apos;" date="2025-08-25T17:11:01.591" /><!-- duration: 10ms -->
          <step title="Deleting file: &apos;wwwroot\admin-index.html&apos;" date="2025-08-25T17:11:01.621" /><!-- duration: 43ms -->
          <step title="Deleting file: &apos;wwwroot\cases.html&apos;" date="2025-08-25T17:11:01.732" /><!-- duration: 10ms -->
          <step title="Deleting file: &apos;wwwroot\config.json&apos;" date="2025-08-25T17:11:01.933" /><!-- duration: 43ms -->
          <step title="Deleting file: &apos;wwwroot\dashboard.html&apos;" date="2025-08-25T17:11:02.195" /><!-- duration: 31ms -->
          <step title="Deleting file: &apos;wwwroot\dna-tracking.html&apos;" date="2025-08-25T17:11:02.226" /><!-- duration: 31ms -->
          <step title="Deleting file: &apos;wwwroot\forgot-password.html&apos;" date="2025-08-25T17:11:02.274" /><!-- duration: 0ms -->
          <step title="Deleting file: &apos;wwwroot\index.html&apos;" date="2025-08-25T17:11:02.305" /><!-- duration: 0ms -->
          <step title="Deleting file: &apos;wwwroot\login.html&apos;" date="2025-08-25T17:11:02.320" /><!-- duration: 0ms -->
          <step title="Deleting file: &apos;wwwroot\map.html&apos;" date="2025-08-25T17:11:02.320" /><!-- duration: 16ms -->
          <step title="Deleting file: &apos;wwwroot\my-cases.html&apos;" date="2025-08-25T17:11:02.351" /><!-- duration: 0ms -->
          <step title="Deleting file: &apos;wwwroot\privacy.html&apos;" date="2025-08-25T17:11:02.351" /><!-- duration: 16ms -->
          <step title="Deleting file: &apos;wwwroot\profile.html&apos;" date="2025-08-25T17:11:02.367" /><!-- duration: 0ms -->
          <step title="Deleting file: &apos;wwwroot\report-case.html&apos;" date="2025-08-25T17:11:02.383" /><!-- duration: 0ms -->
          <step title="Deleting file: &apos;wwwroot\reset-password.html&apos;" date="2025-08-25T17:11:02.383" /><!-- duration: 0ms -->
          <step title="Deleting file: &apos;wwwroot\runner-profile.html&apos;" date="2025-08-25T17:11:02.398" /><!-- duration: 0ms -->
          <step title="Deleting file: &apos;wwwroot\runner.html&apos;" date="2025-08-25T17:11:02.414" /><!-- duration: 0ms -->
          <step title="Deleting file: &apos;wwwroot\signup.html&apos;" date="2025-08-25T17:11:02.429" /><!-- duration: 0ms -->
          <step title="Deleting file: &apos;wwwroot\styles.css&apos;" date="2025-08-25T17:11:02.429" /><!-- duration: 0ms -->
          <step title="Deleting file: &apos;wwwroot\terms.html&apos;" date="2025-08-25T17:11:02.448" /><!-- duration: 0ms -->
          <step title="Deleting file: &apos;wwwroot\test-auth.html&apos;" date="2025-08-25T17:11:02.461" /><!-- duration: 0ms -->
          <step title="Deleting file: &apos;wwwroot\user-management.html&apos;" date="2025-08-25T17:11:02.476" /><!-- duration: 0ms -->
          <step title="Deleting file: &apos;wwwroot\js\auth.js&apos;" date="2025-08-25T17:11:02.476" /><!-- duration: 0ms -->
          <step title="Deleting directory: &apos;wwwroot\js&apos;" date="2025-08-25T17:11:02.492" /><!-- duration: 0ms -->
          <step title="Deleting directory: &apos;wwwroot&apos;" date="2025-08-25T17:11:02.509" /><!-- duration: 0ms -->
          <step title="Deleting file: &apos;Microsoft.Extensions.DependencyInjection.Abstractions.dll&apos;" date="2025-08-25T17:11:02.509" /><!-- duration: 30ms -->
          <step title="Deleting file: &apos;Microsoft.Extensions.Diagnostics.Abstractions.dll&apos;" date="2025-08-25T17:11:02.554" /><!-- duration: 0ms -->
          <step title="Deleting file: &apos;Microsoft.Extensions.Hosting.Abstractions.dll&apos;" date="2025-08-25T17:11:02.570" /><!-- duration: 0ms -->
          <step title="Deleting file: &apos;Microsoft.Extensions.Logging.Abstractions.dll&apos;" date="2025-08-25T17:11:02.586" /><!-- duration: 0ms -->
          <step title="Deleting file: &apos;Microsoft.Extensions.ObjectPool.dll&apos;" date="2025-08-25T17:11:02.601" /><!-- duration: 0ms -->
          <step title="Deleting file: &apos;Microsoft.Extensions.Options.dll&apos;" date="2025-08-25T17:11:02.601" /><!-- duration: 0ms -->
          <step title="Copying file: &apos;241RunnersAwareness.BackendAPI.deps.json&apos;" date="2025-08-25T17:11:02.617" /><!-- duration: 0ms -->
          <step title="Copying file: &apos;241RunnersAwareness.BackendAPI.dll&apos;" date="2025-08-25T17:11:02.633" /><!-- duration: 0ms -->
          <step title="Copying file: &apos;241RunnersAwareness.BackendAPI.exe&apos;" date="2025-08-25T17:11:02.633" /><!-- duration: 0ms -->
          <step title="Copying file: &apos;241RunnersAwareness.BackendAPI.pdb&apos;" date="2025-08-25T17:11:02.648" /><!-- duration: 16ms -->
          <step title="Copying file: &apos;241RunnersAwareness.BackendAPI.runtimeconfig.json&apos;" date="2025-08-25T17:11:02.664" /><!-- duration: 16ms -->
          <step title="Copying file: &apos;241RunnersAwareness.BackendAPI.staticwebassets.endpoints.json&apos;" date="2025-08-25T17:11:02.679" /><!-- duration: 0ms -->
          <step title="Copying file: &apos;appsettings.Development.json&apos;" date="2025-08-25T17:11:02.695" /><!-- duration: 17ms -->
          <step title="Copying file: &apos;appsettings.json&apos;" date="2025-08-25T17:11:02.712" /><!-- duration: 14ms -->
          <step title="Copying file: &apos;appsettings.Production.json&apos;" date="2025-08-25T17:11:02.726" /><!-- duration: 0ms -->
          <step title="Copying file: &apos;Azure.Core.dll&apos;" date="2025-08-25T17:11:02.742" /><!-- duration: 16ms -->
          <step title="Copying file: &apos;Azure.Identity.dll&apos;" date="2025-08-25T17:11:02.758" /><!-- duration: 0ms -->
          <step title="Copying file: &apos;Microsoft.AspNetCore.Authentication.JwtBearer.dll&apos;" date="2025-08-25T17:11:02.773" /><!-- duration: 0ms -->
          <step title="Copying file: &apos;Microsoft.Bcl.AsyncInterfaces.dll&apos;" date="2025-08-25T17:11:02.773" /><!-- duration: 0ms -->
          <step title="Copying file: &apos;Microsoft.Data.SqlClient.dll&apos;" date="2025-08-25T17:11:02.789" /><!-- duration: 0ms -->
          <step title="Copying file: &apos;Microsoft.Data.Sqlite.dll&apos;" date="2025-08-25T17:11:02.789" /><!-- duration: 0ms -->
          <step title="Omitting next output lines..." date="2025-08-25T17:11:02.804" /><!-- duration: 0ms -->
          <step title="Finished successfully." date="2025-08-25T17:11:02.804" /><!-- duration: 16ms -->
        </step><!-- duration: 6484ms -->
        <step title="Running post deployment command(s)..." date="2025-08-25T17:11:02.852" /><!-- duration: 30ms -->
        <step title="Triggering recycle (preview mode disabled)." date="2025-08-25T17:11:03.074" /><!-- duration: 12ms -->
        <step title="Ignoring FS watcher based recycle request as this is a classic Windows app." date="2025-08-25T17:11:03.104" /><!-- duration: 30ms -->
        <step title="Deployment successful. DEPLOYMENTINFO: deploymentPath = ZipDeploy. Extract zip. , deployer = ZipDeploy, os = windows, sku = Basic, siteName = 241runnersawareness-api, siteHostName = 241runnersawareness-api.azurewebsites.net, deploymentStatus = Success" date="2025-08-25T17:11:03.508" /><!-- duration: 48ms -->
        <step title="Purge deployment items" date="2025-08-25T17:11:03.867" >
          <step title="Remove 6cc275fea, Success, received at 8/24/2025 8:52:26 PM" date="2025-08-25T17:11:04.101" /><!-- duration: 0ms -->
        </step><!-- duration: 251ms -->
      </step><!-- duration: 8583ms -->
    </step><!-- duration: 9109ms -->
    <step title="Cleaning up temp files" date="2025-08-25T17:11:04.199" /><!-- duration: 12ms -->
    <step title="Skip function trigger and logicapp sync because function is not enabled." date="2025-08-25T17:11:04.229" /><!-- duration: 13ms -->
  </step><!-- duration: 14186ms -->
  <step title="LockFile &apos;C:\home\site\locks\deployments.lock&apos; released" date="2025-08-25T17:11:04.289" /><!-- duration: 0ms -->
  <step title="Deleting shutdown sentinel file" date="2025-08-25T17:11:04.310" SemaphoreCount="8" /><!-- duration: 11ms -->
</step><!-- duration: 14374ms -->
