<step title="Incoming Request" date="2025-08-27T00:28:47.851" instance="7788a4" url="/api/zipdeploy?isAsync=true" method="POST" type="request" pid="4868,2,8" Cache-Control="no-cache" Connection="Keep-Alive" Content-Length="25631484" Content-Type="application/octet-stream" Accept="*/*" Accept-Encoding="gzip, deflate" Authorization="Bea..." Host="241runnersawareness-api.scm.azurewebsites.net" User-Agent="AZURECLI/2.76.0 (MSI)" x-ms-client-request-id="c6a0a649-82dc-11f0-a36e-f057a69bc617" X-ARR-LOG-ID="c6a0a649-82dc-11f0-a36e-f057a69bc617" CLIENT-IP="97.75.150.66:38595" X-SITE-DEPLOYMENT-ID="241runnersawareness-api" WAS-DEFAULT-HOSTNAME="241runnersawareness-api.scm.azurewebsites.net" X-Forwarded-Proto="https" X-AppService-Proto="https" X-Forwarded-TlsVersion="1.3" X-WAWS-Unencoded-URL="/api/zipdeploy?isAsync=true" X-MS-COLDSTART="1" >
  <step title="ZipPushDeploy" date="2025-08-27T00:28:48.645" >
    <step title="ZipDeploy. Run from package." date="2025-08-27T00:28:48.755" /><!-- duration: 31ms -->
    <step title="Starting PushDeployAsync" date="2025-08-27T00:28:48.786" /><!-- duration: 20ms -->
    <step title="Updating shutdown sentinel last write time" date="2025-08-27T00:28:48.958" SemaphoreCount="7" /><!-- duration: 0ms -->
    <step title="LockFile &apos;C:\home\site\locks\deployments.lock&apos; acquired" date="2025-08-27T00:28:48.958" /><!-- duration: 16ms -->
    <step title="Deleting outdated zip file C:\home\data\SitePackages\20250827001928.zip" date="2025-08-27T00:28:48.989" /><!-- duration: 16ms -->
    <step title="Saving request content to C:\home\data\SitePackages\20250827002848.zip" date="2025-08-27T00:28:49.005" >
      <step title="Total 25,631,484 bytes written to C:\home\data\SitePackages\20250827002848.zip" date="2025-08-27T00:28:56.175" /><!-- duration: 0ms -->
    </step><!-- duration: 7248ms -->
    <step title="LockFile &apos;C:\home\site\locks\deployments.lock&apos; released" date="2025-08-27T00:28:56.253" /><!-- duration: 0ms -->
    <step title="Deleting shutdown sentinel file" date="2025-08-27T00:28:56.268" SemaphoreCount="8" /><!-- duration: 16ms -->
    <step title="Starting FetchDeploy" date="2025-08-27T00:28:56.284" /><!-- duration: 0ms -->
    <step title="Start deployment in the background" date="2025-08-27T00:28:56.300" /><!-- duration: 914ms -->
  </step><!-- duration: 8569ms -->
  <step title="Outgoing response" date="2025-08-27T00:28:57.294" type="response" statusCode="202" statusText="Accepted" Server="Microsoft-IIS/10.0" x-ms-request-id="c6a0a649-82dc-11f0-a36e-f057a69bc617" Retry-After="30" Cache-Control="private" X-AspNet-Version="4.0.30319" Location="https://241runnersawareness-api.scm.azurewebsites.net/api/deployments/latest?deployer=ZipDeploy&amp;time=2025-08-27_00-28-57Z" /><!-- duration: 0ms -->
</step><!-- duration: 9443ms -->
