<step title="BackgroundTrace" date="2025-08-27T00:22:15.186" instance="7788a4" url="/api/zipdeploy" method="POST" >
  <step title="Updating shutdown sentinel last write time" date="2025-08-27T00:22:15.197" SemaphoreCount="7" /><!-- duration: 16ms -->
  <step title="LockFile &apos;C:\home\site\locks\deployments.lock&apos; acquired" date="2025-08-27T00:22:15.213" /><!-- duration: 0ms -->
  <step title="Creating temporary deployment" date="2025-08-27T00:22:15.213" /><!-- duration: 47ms -->
  <step title="Performing fetch based deployment" date="2025-08-27T00:22:15.308" >
    <step title="Fetching changes." date="2025-08-27T00:22:15.479" /><!-- duration: 15ms -->
    <step title="Starting LocalZipHandler" date="2025-08-27T00:22:15.510" /><!-- duration: 20ms -->
    <step title="Starting ExtractTriggers" date="2025-08-27T00:22:15.560" /><!-- duration: 0ms -->
    <step title="Before sending BuildRequestReceived status to /api/updatedeploystatus" date="2025-08-27T00:22:15.608" /><!-- duration: 0ms -->
    <step title="DeploymentManager.Deploy(id:0a98cd02f6fd43a7973b2429cc975e8f)" date="2025-08-27T00:22:15.619" >
      <step title="Collecting changeset information" date="2025-08-27T00:22:15.635" /><!-- duration: 32ms -->
      <step title="Updating submodules" date="2025-08-27T00:22:15.682" >
        <step title="Updating submodules." date="2025-08-27T00:22:15.713" /><!-- duration: 0ms -->
      </step><!-- duration: 31ms -->
      <step title="Preparing deployment for commit id &apos;0a98cd02f6&apos;." date="2025-08-27T00:22:15.760" /><!-- duration: 0ms -->
      <step title="Determining deployment builder" date="2025-08-27T00:22:15.791" >
        <step title="Builder is RunFromZipSiteBuilder" date="2025-08-27T00:22:15.791" /><!-- duration: 16ms -->
      </step><!-- duration: 16ms -->
      <step title="Copying SSH keys" date="2025-08-27T00:22:15.822" /><!-- duration: 16ms -->
      <step title="Building" date="2025-08-27T00:22:15.838" >
        <step title="Skipping build. Project type: Run-From-Zip" date="2025-08-27T00:22:15.869" /><!-- duration: 0ms -->
        <step title="Skipping post build. Project type: Run-From-Zip" date="2025-08-27T00:22:15.901" /><!-- duration: 16ms -->
        <step title="Triggering recycle (preview mode disabled)." date="2025-08-27T00:22:15.947" /><!-- duration: 0ms -->
        <step title="Ignoring FS watcher based recycle request as this is a classic Windows app." date="2025-08-27T00:22:15.963" /><!-- duration: 0ms -->
        <step title="Deployment successful. DEPLOYMENTINFO: deploymentPath = ZipDeploy. Run from package., deployer = ZipDeploy, os = windows, sku = Basic, siteName = 241runnersawareness-api, siteHostName = 241runnersawareness-api.azurewebsites.net, deploymentStatus = Success" date="2025-08-27T00:22:15.979" /><!-- duration: 16ms -->
        <step title="Purge deployment items" date="2025-08-27T00:22:16.182" >
          <step title="Remove 5d3977798, Success, received at 8/25/2025 7:13:47 PM" date="2025-08-27T00:22:16.244" /><!-- duration: 0ms -->
        </step><!-- duration: 63ms -->
      </step><!-- duration: 422ms -->
    </step><!-- duration: 656ms -->
    <step title="Cleaning up temp files" date="2025-08-27T00:22:16.276" /><!-- duration: 0ms -->
    <step title="Updating C:\home\data\SitePackages\packagename.txt with deployment 20250827002206.zip" date="2025-08-27T00:22:16.310" /><!-- duration: 90ms -->
    <step title="Skip function trigger and logicapp sync because function is not enabled." date="2025-08-27T00:22:16.401" /><!-- duration: 0ms -->
  </step><!-- duration: 1139ms -->
  <step title="LockFile &apos;C:\home\site\locks\deployments.lock&apos; released" date="2025-08-27T00:22:16.447" /><!-- duration: 0ms -->
  <step title="Deleting shutdown sentinel file" date="2025-08-27T00:22:16.447" SemaphoreCount="8" /><!-- duration: 16ms -->
</step><!-- duration: 1277ms -->
