<step title="BackgroundTrace" date="2025-08-24T21:23:47.171" instance="7788a4" url="/api/zipdeploy" method="POST" >
  <step title="Updating shutdown sentinel last write time" date="2025-08-24T21:23:47.186" SemaphoreCount="7" /><!-- duration: 0ms -->
  <step title="LockFile &apos;C:\home\site\locks\deployments.lock&apos; acquired" date="2025-08-24T21:23:47.186" /><!-- duration: 16ms -->
  <step title="Creating temporary deployment" date="2025-08-24T21:23:47.202" /><!-- duration: 17ms -->
  <step title="Performing fetch based deployment" date="2025-08-24T21:23:47.233" >
    <step title="Fetching changes." date="2025-08-24T21:23:47.280" /><!-- duration: 19ms -->
    <step title="Starting LocalZipHandler" date="2025-08-24T21:23:47.311" /><!-- duration: 16ms -->
    <step title="Cleaning up temp folders from previous zip deployments and extracting pushed zip file C:\local\Temp\zipdeploy\vupxqn2f.zip (22.32 MB) to C:\local\Temp\zipdeploy\extracted" date="2025-08-24T21:23:47.343" /><!-- duration: 0ms -->
    <step title="Cleaning up temp folders from previous zip deployments and extracting pushed zip file C:\local\Temp\zipdeploy\vupxqn2f.zip (22.32 MB) to C:\local\Temp\zipdeploy\extracted" date="2025-08-24T21:23:47.358" >
      <step title="Renaming extractTargetDirectory(C:\local\Temp\zipdeploy\extracted) to tempDirectory(C:\local\Temp\zipdeploy\ugh2tswx.vkl)" date="2025-08-24T21:23:47.374" /><!-- duration: 0ms -->
      <step title="Extracting 160 entries to C:\local\Temp\zipdeploy\extracted directory" date="2025-08-24T21:23:48.135" >
        <step title="Extracting to C:\local\Temp\zipdeploy\extracted\runtimes\browser-wasm\nativeassets\net8.0\e_sqlite3.a ..." date="2025-08-24T21:23:48.182" /><!-- duration: 62ms -->
        <step title="Extracting to C:\local\Temp\zipdeploy\extracted\runtimes\linux-arm\native\libe_sqlite3.so ..." date="2025-08-24T21:23:48.293" /><!-- duration: 80ms -->
        <step title="Extracting to C:\local\Temp\zipdeploy\extracted\runtimes\linux-arm64\native\libe_sqlite3.so ..." date="2025-08-24T21:23:48.403" /><!-- duration: 91ms -->
        <step title="Extracting to C:\local\Temp\zipdeploy\extracted\runtimes\linux-armel\native\libe_sqlite3.so ..." date="2025-08-24T21:23:48.514" /><!-- duration: 90ms -->
        <step title="Extracting to C:\local\Temp\zipdeploy\extracted\runtimes\linux-mips64\native\libe_sqlite3.so ..." date="2025-08-24T21:23:48.604" /><!-- duration: 141ms -->
        <step title="Omitting extracting file traces ..." date="2025-08-24T21:23:48.760" /><!-- duration: 65ms -->
      </step><!-- duration: 3688ms -->
    </step><!-- duration: 4513ms -->
    <step title="Before sending BuildRequestReceived status to /api/updatedeploystatus" date="2025-08-24T21:23:51.871" /><!-- duration: 0ms -->
    <step title="DeploymentManager.Deploy(id:1cd0d13808a649538d6ca4ae2c00a116)" date="2025-08-24T21:23:51.891" >
      <step title="Collecting changeset information" date="2025-08-24T21:23:51.921" /><!-- duration: 74ms -->
      <step title="Updating submodules" date="2025-08-24T21:23:52.012" >
        <step title="Updating submodules." date="2025-08-24T21:23:52.122" /><!-- duration: 0ms -->
      </step><!-- duration: 111ms -->
      <step title="Preparing deployment for commit id &apos;1cd0d13808&apos;." date="2025-08-24T21:23:52.182" /><!-- duration: 0ms -->
      <step title="Determining deployment builder" date="2025-08-24T21:23:52.260" >
        <step title="Builder is BasicBuilder" date="2025-08-24T21:23:52.276" /><!-- duration: 0ms -->
      </step><!-- duration: 35ms -->
      <step title="Copying SSH keys" date="2025-08-24T21:23:52.307" /><!-- duration: 0ms -->
      <step title="Building" date="2025-08-24T21:23:52.307" >
        <step title="Generating deployment script." date="2025-08-24T21:23:52.339" /><!-- duration: 17ms -->
        <step title="Generating deployment script" date="2025-08-24T21:23:52.356" >
          <step title="Using cached version of the deployment script for command: -y --no-dot-deployment -r &quot;C:\local\Temp\zipdeploy\extracted&quot; -o &quot;C:\home\site\deployments\tools&quot; --basic --sitePath &quot;C:\local\Temp\zipdeploy\extracted&quot;" date="2025-08-24T21:23:52.406" /><!-- duration: 11ms -->
          <step title="Using cached version of deployment script (command: &apos;azure -y --no-dot-deployment -r &quot;C:\local\Temp\zipdeploy\extracted&quot; -o &quot;C:\home\site\deployments\tools&quot; --basic --sitePath &quot;C:\local\Temp\zipdeploy\extracted&quot;&apos;)." date="2025-08-24T21:23:52.436" /><!-- duration: 0ms -->
        </step><!-- duration: 92ms -->
        <step title="Running deployment command..." date="2025-08-24T21:23:52.496" /><!-- duration: 0ms -->
        <step title="Command: &quot;C:\home\site\deployments\tools\deploy.cmd&quot;" date="2025-08-24T21:23:52.526" /><!-- duration: 31ms -->
        <step title="Executing external process" date="2025-08-24T21:23:52.557" type="process" path="starter.cmd" arguments="&quot;C:\home\site\deployments\tools\deploy.cmd&quot;" >
          <step title="Handling Basic Web Site deployment." date="2025-08-24T21:23:53.169" /><!-- duration: 0ms -->
          <step title="Creating app_offline.htm" date="2025-08-24T21:23:55.354" /><!-- duration: 17ms -->
          <step title="KuduSync.NET from: &apos;C:\local\Temp\zipdeploy\extracted&apos; to: &apos;C:\home\site\wwwroot&apos;" date="2025-08-24T21:23:55.391" /><!-- duration: 10ms -->
          <step title="Copying file: &apos;241RunnersAwareness.BackendAPI.dll&apos;" date="2025-08-24T21:23:55.432" /><!-- duration: 19ms -->
          <step title="Copying file: &apos;241RunnersAwareness.BackendAPI.exe&apos;" date="2025-08-24T21:23:55.495" /><!-- duration: 17ms -->
          <step title="Copying file: &apos;241RunnersAwareness.BackendAPI.pdb&apos;" date="2025-08-24T21:23:55.542" /><!-- duration: 31ms -->
          <step title="Deleting app_offline.htm" date="2025-08-24T21:23:55.589" /><!-- duration: 0ms -->
          <step title="Finished successfully." date="2025-08-24T21:23:55.589" /><!-- duration: 0ms -->
        </step><!-- duration: 3047ms -->
        <step title="Running post deployment command(s)..." date="2025-08-24T21:23:56.357" /><!-- duration: 0ms -->
        <step title="Triggering recycle (preview mode disabled)." date="2025-08-24T21:23:56.511" /><!-- duration: 0ms -->
        <step title="Ignoring FS watcher based recycle request as this is a classic Windows app." date="2025-08-24T21:23:56.511" /><!-- duration: 17ms -->
        <step title="Deployment successful. DEPLOYMENTINFO: deploymentPath = ZipDeploy. Extract zip. , deployer = ZipDeploy, os = windows, sku = Basic, siteName = 241runnersawareness-api, siteHostName = 241runnersawareness-api.azurewebsites.net, deploymentStatus = Success" date="2025-08-24T21:23:56.807" /><!-- duration: 16ms -->
      </step><!-- duration: 4797ms -->
    </step><!-- duration: 5213ms -->
    <step title="Cleaning up temp files" date="2025-08-24T21:23:57.104" /><!-- duration: 0ms -->
    <step title="Skip function trigger and logicapp sync because function is not enabled." date="2025-08-24T21:23:57.121" /><!-- duration: 15ms -->
  </step><!-- duration: 9965ms -->
  <step title="LockFile &apos;C:\home\site\locks\deployments.lock&apos; released" date="2025-08-24T21:23:57.214" /><!-- duration: 18ms -->
  <step title="Deleting shutdown sentinel file" date="2025-08-24T21:23:57.261" SemaphoreCount="8" /><!-- duration: 0ms -->
</step><!-- duration: 10111ms -->
