<step title="BackgroundTrace" date="2025-08-24T21:35:46.690" instance="7788a4" url="/api/zipdeploy" method="POST" >
  <step title="Updating shutdown sentinel last write time" date="2025-08-24T21:35:46.690" SemaphoreCount="7" /><!-- duration: 0ms -->
  <step title="LockFile &apos;C:\home\site\locks\deployments.lock&apos; acquired" date="2025-08-24T21:35:46.705" /><!-- duration: 0ms -->
  <step title="Creating temporary deployment" date="2025-08-24T21:35:46.705" /><!-- duration: 31ms -->
  <step title="Performing fetch based deployment" date="2025-08-24T21:35:46.737" >
    <step title="Fetching changes." date="2025-08-24T21:35:46.833" /><!-- duration: 13ms -->
    <step title="Starting LocalZipHandler" date="2025-08-24T21:35:46.864" /><!-- duration: 0ms -->
    <step title="Cleaning up temp folders from previous zip deployments and extracting pushed zip file C:\local\Temp\zipdeploy\bfvjdhc0.zip (22.32 MB) to C:\local\Temp\zipdeploy\extracted" date="2025-08-24T21:35:46.925" /><!-- duration: 0ms -->
    <step title="Cleaning up temp folders from previous zip deployments and extracting pushed zip file C:\local\Temp\zipdeploy\bfvjdhc0.zip (22.32 MB) to C:\local\Temp\zipdeploy\extracted" date="2025-08-24T21:35:46.925" >
      <step title="Renaming extractTargetDirectory(C:\local\Temp\zipdeploy\extracted) to tempDirectory(C:\local\Temp\zipdeploy\igkebf3h.tsl)" date="2025-08-24T21:35:46.940" /><!-- duration: 0ms -->
      <step title="Extracting 160 entries to C:\local\Temp\zipdeploy\extracted directory" date="2025-08-24T21:35:47.146" >
        <step title="Extracting to C:\local\Temp\zipdeploy\extracted\runtimes\browser-wasm\nativeassets\net8.0\e_sqlite3.a ..." date="2025-08-24T21:35:47.176" /><!-- duration: 141ms -->
        <step title="Extracting to C:\local\Temp\zipdeploy\extracted\runtimes\linux-arm\native\libe_sqlite3.so ..." date="2025-08-24T21:35:47.337" /><!-- duration: 72ms -->
        <step title="Extracting to C:\local\Temp\zipdeploy\extracted\runtimes\linux-arm64\native\libe_sqlite3.so ..." date="2025-08-24T21:35:47.427" /><!-- duration: 80ms -->
        <step title="Extracting to C:\local\Temp\zipdeploy\extracted\runtimes\linux-armel\native\libe_sqlite3.so ..." date="2025-08-24T21:35:47.538" /><!-- duration: 152ms -->
        <step title="Extracting to C:\local\Temp\zipdeploy\extracted\runtimes\linux-mips64\native\libe_sqlite3.so ..." date="2025-08-24T21:35:47.709" /><!-- duration: 90ms -->
        <step title="Omitting extracting file traces ..." date="2025-08-24T21:35:47.799" /><!-- duration: 94ms -->
      </step><!-- duration: 3829ms -->
    </step><!-- duration: 4093ms -->
    <step title="Before sending BuildRequestReceived status to /api/updatedeploystatus" date="2025-08-24T21:35:51.036" /><!-- duration: 30ms -->
    <step title="DeploymentManager.Deploy(id:c4c9c9050d874cb0905aab2a6b6af2eb)" date="2025-08-24T21:35:51.066" >
      <step title="Collecting changeset information" date="2025-08-24T21:35:51.080" /><!-- duration: 47ms -->
      <step title="Updating submodules" date="2025-08-24T21:35:51.127" >
        <step title="Updating submodules." date="2025-08-24T21:35:51.206" /><!-- duration: 30ms -->
      </step><!-- duration: 109ms -->
      <step title="Preparing deployment for commit id &apos;c4c9c9050d&apos;." date="2025-08-24T21:35:51.287" /><!-- duration: 12ms -->
      <step title="Determining deployment builder" date="2025-08-24T21:35:51.378" >
        <step title="Builder is BasicBuilder" date="2025-08-24T21:35:51.378" /><!-- duration: 0ms -->
      </step><!-- duration: 15ms -->
      <step title="Copying SSH keys" date="2025-08-24T21:35:51.409" /><!-- duration: 0ms -->
      <step title="Building" date="2025-08-24T21:35:51.424" >
        <step title="Generating deployment script." date="2025-08-24T21:35:51.471" /><!-- duration: 17ms -->
        <step title="Generating deployment script" date="2025-08-24T21:35:51.502" >
          <step title="Using cached version of the deployment script for command: -y --no-dot-deployment -r &quot;C:\local\Temp\zipdeploy\extracted&quot; -o &quot;C:\home\site\deployments\tools&quot; --basic --sitePath &quot;C:\local\Temp\zipdeploy\extracted&quot;" date="2025-08-24T21:35:51.518" /><!-- duration: 16ms -->
          <step title="Using cached version of deployment script (command: &apos;azure -y --no-dot-deployment -r &quot;C:\local\Temp\zipdeploy\extracted&quot; -o &quot;C:\home\site\deployments\tools&quot; --basic --sitePath &quot;C:\local\Temp\zipdeploy\extracted&quot;&apos;)." date="2025-08-24T21:35:51.534" /><!-- duration: 0ms -->
        </step><!-- duration: 47ms -->
        <step title="Running deployment command..." date="2025-08-24T21:35:51.599" /><!-- duration: 13ms -->
        <step title="Command: &quot;C:\home\site\deployments\tools\deploy.cmd&quot;" date="2025-08-24T21:35:51.627" /><!-- duration: 0ms -->
        <step title="Executing external process" date="2025-08-24T21:35:51.627" type="process" path="starter.cmd" arguments="&quot;C:\home\site\deployments\tools\deploy.cmd&quot;" >
          <step title="Handling Basic Web Site deployment." date="2025-08-24T21:35:52.383" /><!-- duration: 10ms -->
          <step title="Creating app_offline.htm" date="2025-08-24T21:35:54.707" /><!-- duration: 30ms -->
          <step title="KuduSync.NET from: &apos;C:\local\Temp\zipdeploy\extracted&apos; to: &apos;C:\home\site\wwwroot&apos;" date="2025-08-24T21:35:54.737" /><!-- duration: 20ms -->
          <step title="Copying file: &apos;241RunnersAwareness.BackendAPI.deps.json&apos;" date="2025-08-24T21:35:54.768" /><!-- duration: 19ms -->
          <step title="Copying file: &apos;241RunnersAwareness.BackendAPI.dll&apos;" date="2025-08-24T21:35:54.799" /><!-- duration: 18ms -->
          <step title="Copying file: &apos;241RunnersAwareness.BackendAPI.exe&apos;" date="2025-08-24T21:35:54.830" /><!-- duration: 0ms -->
          <step title="Copying file: &apos;241RunnersAwareness.BackendAPI.pdb&apos;" date="2025-08-24T21:35:54.847" /><!-- duration: 0ms -->
          <step title="Copying file: &apos;241RunnersAwareness.BackendAPI.runtimeconfig.json&apos;" date="2025-08-24T21:35:54.878" /><!-- duration: 0ms -->
          <step title="Copying file: &apos;241RunnersAwareness.BackendAPI.staticwebassets.endpoints.json&apos;" date="2025-08-24T21:35:54.898" /><!-- duration: 11ms -->
          <step title="Copying file: &apos;wwwroot\signup.html&apos;" date="2025-08-24T21:35:54.940" /><!-- duration: 18ms -->
          <step title="Deleting app_offline.htm" date="2025-08-24T21:35:54.958" /><!-- duration: 13ms -->
          <step title="Finished successfully." date="2025-08-24T21:35:54.988" /><!-- duration: 0ms -->
        </step><!-- duration: 3381ms -->
        <step title="Running post deployment command(s)..." date="2025-08-24T21:35:55.129" /><!-- duration: 0ms -->
        <step title="Triggering recycle (preview mode disabled)." date="2025-08-24T21:35:55.239" /><!-- duration: 0ms -->
        <step title="Ignoring FS watcher based recycle request as this is a classic Windows app." date="2025-08-24T21:35:55.252" /><!-- duration: 0ms -->
        <step title="Deployment successful. DEPLOYMENTINFO: deploymentPath = ZipDeploy. Extract zip. , deployer = ZipDeploy, os = windows, sku = Basic, siteName = 241runnersawareness-api, siteHostName = 241runnersawareness-api.azurewebsites.net, deploymentStatus = Success" date="2025-08-24T21:35:55.393" /><!-- duration: 47ms -->
        <step title="Purge deployment items" date="2025-08-24T21:35:56.194" >
          <step title="Remove d9709b278, Success, received at 8/15/2025 5:48:35 PM" date="2025-08-24T21:35:56.446" /><!-- duration: 10ms -->
        </step><!-- duration: 261ms -->
      </step><!-- duration: 5082ms -->
    </step><!-- duration: 5471ms -->
    <step title="Cleaning up temp files" date="2025-08-24T21:35:56.566" /><!-- duration: 0ms -->
    <step title="Skip function trigger and logicapp sync because function is not enabled." date="2025-08-24T21:35:56.586" /><!-- duration: 10ms -->
  </step><!-- duration: 9891ms -->
  <step title="LockFile &apos;C:\home\site\locks\deployments.lock&apos; released" date="2025-08-24T21:35:56.727" /><!-- duration: 10ms -->
  <step title="Deleting shutdown sentinel file" date="2025-08-24T21:35:56.757" SemaphoreCount="8" /><!-- duration: 0ms -->
</step><!-- duration: 10078ms -->
