<step title="BackgroundTrace" date="2025-08-27T00:01:12.943" instance="7788a4" url="/api/zipdeploy" method="POST" >
  <step title="Updating shutdown sentinel last write time" date="2025-08-27T00:01:12.973" SemaphoreCount="7" /><!-- duration: 0ms -->
  <step title="LockFile &apos;C:\home\site\locks\deployments.lock&apos; acquired" date="2025-08-27T00:01:12.973" /><!-- duration: 13ms -->
  <step title="Creating temporary deployment" date="2025-08-27T00:01:12.986" /><!-- duration: 47ms -->
  <step title="Performing fetch based deployment" date="2025-08-27T00:01:13.049" >
    <step title="Fetching changes." date="2025-08-27T00:01:13.268" /><!-- duration: 16ms -->
    <step title="Starting LocalZipHandler" date="2025-08-27T00:01:13.301" /><!-- duration: 0ms -->
    <step title="Starting ExtractTriggers" date="2025-08-27T00:01:13.314" /><!-- duration: 17ms -->
    <step title="Before sending BuildRequestReceived status to /api/updatedeploystatus" date="2025-08-27T00:01:13.379" /><!-- duration: 0ms -->
    <step title="DeploymentManager.Deploy(id:da543b126c4d4e44b9b2b922cf1f0481)" date="2025-08-27T00:01:13.399" >
      <step title="Collecting changeset information" date="2025-08-27T00:01:13.399" /><!-- duration: 25ms -->
      <step title="Updating submodules" date="2025-08-27T00:01:13.424" >
        <step title="Updating submodules." date="2025-08-27T00:01:13.455" /><!-- duration: 0ms -->
      </step><!-- duration: 31ms -->
      <step title="Preparing deployment for commit id &apos;da543b126c&apos;." date="2025-08-27T00:01:13.502" /><!-- duration: 0ms -->
      <step title="Determining deployment builder" date="2025-08-27T00:01:13.580" >
        <step title="Builder is RunFromZipSiteBuilder" date="2025-08-27T00:01:13.600" /><!-- duration: 0ms -->
      </step><!-- duration: 31ms -->
      <step title="Copying SSH keys" date="2025-08-27T00:01:13.643" /><!-- duration: 16ms -->
      <step title="Building" date="2025-08-27T00:01:13.658" >
        <step title="Skipping build. Project type: Run-From-Zip" date="2025-08-27T00:01:13.689" /><!-- duration: 16ms -->
        <step title="Skipping post build. Project type: Run-From-Zip" date="2025-08-27T00:01:13.721" /><!-- duration: 0ms -->
        <step title="Triggering recycle (preview mode disabled)." date="2025-08-27T00:01:13.768" /><!-- duration: 0ms -->
        <step title="Ignoring FS watcher based recycle request as this is a classic Windows app." date="2025-08-27T00:01:13.783" /><!-- duration: 0ms -->
        <step title="Deployment successful. DEPLOYMENTINFO: deploymentPath = ZipDeploy. Run from package., deployer = ZipDeploy, os = windows, sku = Basic, siteName = 241runnersawareness-api, siteHostName = 241runnersawareness-api.azurewebsites.net, deploymentStatus = Success" date="2025-08-27T00:01:13.814" /><!-- duration: 0ms -->
        <step title="Purge deployment items" date="2025-08-27T00:01:14.002" >
          <step title="Remove de1c46976, Success, received at 8/25/2025 5:33:58 PM" date="2025-08-27T00:01:14.064" /><!-- duration: 16ms -->
        </step><!-- duration: 78ms -->
      </step><!-- duration: 438ms -->
    </step><!-- duration: 697ms -->
    <step title="Cleaning up temp files" date="2025-08-27T00:01:14.096" /><!-- duration: 16ms -->
    <step title="Updating C:\home\data\SitePackages\packagename.txt with deployment 20250827000110.zip" date="2025-08-27T00:01:14.127" /><!-- duration: 94ms -->
    <step title="Skip function trigger and logicapp sync because function is not enabled." date="2025-08-27T00:01:14.221" /><!-- duration: 16ms -->
  </step><!-- duration: 1219ms -->
  <step title="LockFile &apos;C:\home\site\locks\deployments.lock&apos; released" date="2025-08-27T00:01:14.268" /><!-- duration: 0ms -->
  <step title="Deleting shutdown sentinel file" date="2025-08-27T00:01:14.283" SemaphoreCount="8" /><!-- duration: 0ms -->
</step><!-- duration: 1340ms -->
