<step title="Incoming Request" date="2025-09-08T13:50:47.476" instance="a49e0f" url="/api/publish?type=zip" method="POST" type="request" pid="805,1,7" Accept="*/*" Host="241runners-api.scm.azurewebsites.net" User-Agent="AZURECLI/2.76.0 (HOMEBREW)" Accept-Encoding="gzip, deflate" Authorization="Bea..." Cache-Control="no-cache" Content-Type="application/octet-stream" Cookie="ARRAffinity=a49e0f8ab240b39b4907e637cfb2809cc16b82d0b7fafe7739b53cea268e3195; ARRAffinitySameSite=a49e0f8ab240b39b4907e637cfb2809cc16b82d0b7fafe7739b53cea268e3195" Content-Length="6890550" x-ms-client-request-id="c1672758-8cba-11f0-8c8b-5aba6e9e812a" x-ms-artifact-checksum="6f4cd5bf62b0a99a2fe73fb76a4138c70a53f18194d8352798c2a46597e0bccb" X-ARR-LOG-ID="c1672758-8cba-11f0-8c8b-5aba6e9e812a" CLIENT-IP="97.75.150.69:15434" X-SITE-DEPLOYMENT-ID="241runners-api" WAS-DEFAULT-HOSTNAME="241runners-api.scm.azurewebsites.net" X-Forwarded-Proto="https" X-AppService-Proto="https" X-Forwarded-TlsVersion="1.3" X-WAWS-Unencoded-URL="/api/publish?type=zip" X-Client-IP="97.75.150.69" X-Client-Port="15434" >
  <step title="Cleanup Xml Logs" date="2025-09-08T13:50:47.489" /><!-- duration: 28ms -->
  <step title="OneDeploy" date="2025-09-08T13:50:47.779" >
    <step title="Starting PushDeployAsync" date="2025-09-08T13:50:47.797" /><!-- duration: 19ms -->
    <step title="Writing artifact to /tmp/zipdeploy/80452565-0583-46f8-9947-c3db4f6f6a71.zip" date="2025-09-08T13:50:47.859" >
      <step title="Writing multipart request body to /tmp/zipdeploy/80452565-0583-46f8-9947-c3db4f6f6a71.zip" date="2025-09-08T13:50:47.866" /><!-- duration: 7ms -->
    </step><!-- duration: 348ms -->
    <step title="Attempting to fetch target branch HEAD" date="2025-09-08T13:50:48.228" /><!-- duration: 4ms -->
    <step title="Acquiring Deployment Lock" date="2025-09-08T13:50:48.238" /><!-- duration: 4ms -->
    <step title="Acquired Deployment Lock" date="2025-09-08T13:50:48.305" /><!-- duration: 4ms -->
    <step title="Performing fetch based deployment" date="2025-09-08T13:50:48.326" >
      <step title="Creating temporary deployment" date="2025-09-08T13:50:48.334" /><!-- duration: 58ms -->
      <step title="Releasing Deployment Lock" date="2025-09-08T13:50:49.656" /><!-- duration: 7ms -->
      <step title="Cleaning up temp folders from previous zip deployments and extracting pushed zip file /tmp/zipdeploy/80452565-0583-46f8-9947-c3db4f6f6a71.zip (6.57 MB) to /tmp/zipdeploy/extracted" date="2025-09-08T13:50:49.701" >
        <step title="ChmodRecursive Process exited with total time taken in ms: 844" date="2025-09-08T13:50:52.385" /><!-- duration: 31ms -->
      </step><!-- duration: 2744ms -->
      <step title="None repository commit" date="2025-09-08T13:50:52.464" >
        <step title="Commit id: d024ab34-c4be-42f4-86f0-687d0d714b36" date="2025-09-08T13:50:52.510" Message="OneDeploy" AuthorName="N/A" AuthorEmail="N/A" /><!-- duration: 68ms -->
      </step><!-- duration: 158ms -->
      <step title="Deployment timer started" date="2025-09-08T13:50:54.652" >
        <step title="DeploymentManager.Deploy(id:d024ab34-c4be-42f4-86f0-687d0d714b36)" date="2025-09-08T13:50:54.679" >
          <step title="Collecting changeset information" date="2025-09-08T13:50:54.753" /><!-- duration: 193ms -->
          <step title="Updating submodules" date="2025-09-08T13:50:54.984" /><!-- duration: 1154ms -->
          <step title="Determining deployment builder" date="2025-09-08T13:50:56.486" >
            <step title="Builder is OneDeployBuilder" date="2025-09-08T13:50:56.516" /><!-- duration: 16ms -->
          </step><!-- duration: 57ms -->
          <step title="PreDeployment: context.CleanOutputPath False" date="2025-09-08T13:50:56.621" >
            <step title="PreDeployment: context.OutputPath /home/site/wwwroot" date="2025-09-08T13:50:56.860" >
              <step title="Building" date="2025-09-08T13:50:57.130" >
                <step title="Executing external process" date="2025-09-08T13:50:57.928" type="process" path="starter.sh" arguments="/opt/Kudu/Scripts/parallel_rsync.sh /tmp/zipdeploy/extracted /home/site/wwwroot 8 /tmp/ False False  " /><!-- duration: 24881ms -->
                <step title="Modified file to trigger a restart of the app container." date="2025-09-08T13:51:23.756" /><!-- duration: 20ms -->
                <step title="Skip function trigger and logicapp sync because function is not enabled." date="2025-09-08T13:51:23.807" /><!-- duration: 21ms -->
              </step><!-- duration: 27709ms -->
            </step><!-- duration: 28018ms -->
            <step title="Cleaning up temp files" date="2025-09-08T13:51:24.897" /><!-- duration: 37ms -->
            <step title="Cleaning up temp files" date="2025-09-08T13:51:24.945" /><!-- duration: 541ms -->
            <step title="Reloading status file with latest updates" date="2025-09-08T13:51:25.677" >
              <step title="WebHooksManager.PublishEventAsync: PostDeployment" date="2025-09-08T13:51:25.746" /><!-- duration: 177ms -->
            </step><!-- duration: 252ms -->
            <step title="Cleaning up temporary deployment - fetch deployment was successful" date="2025-09-08T13:51:25.937" /><!-- duration: 4ms -->
          </step><!-- duration: 29368ms -->
        </step><!-- duration: 31325ms -->
        <step title="Outgoing response" date="2025-09-08T13:51:26.024" type="response" statusCode="200" statusText="OK" /><!-- duration: 4ms -->
      </step><!-- duration: 31390ms -->
