<step title="Incoming Request" date="2025-08-26T23:47:26.503" instance="7788a4" url="/api/zipdeploy?isAsync=true" method="POST" type="request" pid="4312,2,8" Cache-Control="no-cache" Content-Length="25568167" Content-Type="application/octet-stream" Accept="*/*" Accept-Encoding="gzip, deflate" Authorization="Bea..." Host="241runnersawareness-api.scm.azurewebsites.net" User-Agent="AZURECLI/2.76.0 (MSI)" x-ms-client-request-id="ff980b41-82d6-11f0-bc86-f057a69bc617" X-ARR-LOG-ID="ff980b41-82d6-11f0-bc86-f057a69bc617" CLIENT-IP="97.75.150.66:38604" X-SITE-DEPLOYMENT-ID="241runnersawareness-api" WAS-DEFAULT-HOSTNAME="241runnersawareness-api.scm.azurewebsites.net" X-Forwarded-Proto="https" X-AppService-Proto="https" X-Forwarded-TlsVersion="1.3" X-WAWS-Unencoded-URL="/api/zipdeploy?isAsync=true" >
  <step title="ZipPushDeploy" date="2025-08-26T23:47:27.487" >
    <step title="ZipDeploy. Extract zip. " date="2025-08-26T23:47:27.565" /><!-- duration: 0ms -->
    <step title="Starting PushDeployAsync" date="2025-08-26T23:47:27.581" /><!-- duration: 16ms -->
    <step title="Updating shutdown sentinel last write time" date="2025-08-26T23:47:27.821" SemaphoreCount="7" /><!-- duration: 0ms -->
    <step title="LockFile &apos;C:\home\site\locks\deployments.lock&apos; acquired" date="2025-08-26T23:47:27.821" /><!-- duration: 0ms -->
    <step title="Saving request content to C:\local\Temp\zipdeploy\q4ju0df0.zip" date="2025-08-26T23:47:27.831" >
      <step title="Total 25,568,167 bytes written to C:\local\Temp\zipdeploy\q4ju0df0.zip" date="2025-08-26T23:47:28.551" /><!-- duration: 0ms -->
    </step><!-- duration: 720ms -->
    <step title="LockFile &apos;C:\home\site\locks\deployments.lock&apos; released" date="2025-08-26T23:47:28.565" /><!-- duration: 0ms -->
    <step title="Deleting shutdown sentinel file" date="2025-08-26T23:47:28.582" SemaphoreCount="8" /><!-- duration: 0ms -->
    <step title="Starting FetchDeploy" date="2025-08-26T23:47:28.596" /><!-- duration: 0ms -->
    <step title="Start deployment in the background" date="2025-08-26T23:47:28.596" /><!-- duration: 156ms -->
  </step><!-- duration: 1266ms -->
  <step title="Outgoing response" date="2025-08-26T23:47:28.883" type="response" statusCode="202" statusText="Accepted" Server="Microsoft-IIS/10.0" x-ms-request-id="ff980b41-82d6-11f0-bc86-f057a69bc617" Retry-After="30" Cache-Control="private" X-AspNet-Version="4.0.30319" Location="https://241runnersawareness-api.scm.azurewebsites.net/api/deployments/latest?deployer=ZipDeploy&amp;time=2025-08-26_23-47-28Z" /><!-- duration: 10ms -->
</step><!-- duration: 2391ms -->
