<step title="Incoming Request" date="2025-08-24T21:49:54.498" instance="7788a4" url="/api/zipdeploy?isAsync=true" method="POST" type="request" pid="6708,2,26" Cache-Control="no-cache" Content-Length="23411719" Content-Type="application/octet-stream" Accept="*/*" Accept-Encoding="gzip, deflate" Authorization="Bea..." Host="241runnersawareness-api.scm.azurewebsites.net" User-Agent="AZURECLI/2.76.0 (MSI)" x-ms-client-request-id="420fb5b9-8134-11f0-908b-f057a69bc617" X-ARR-LOG-ID="420fb5b9-8134-11f0-908b-f057a69bc617" CLIENT-IP="97.75.150.66:38440" X-SITE-DEPLOYMENT-ID="241runnersawareness-api" WAS-DEFAULT-HOSTNAME="241runnersawareness-api.scm.azurewebsites.net" X-Forwarded-Proto="https" X-AppService-Proto="https" X-Forwarded-TlsVersion="1.3" X-WAWS-Unencoded-URL="/api/zipdeploy?isAsync=true" >
  <step title="Cleanup Xml Logs" date="2025-08-24T21:49:54.498" /><!-- duration: 16ms -->
  <step title="ZipPushDeploy" date="2025-08-24T21:49:54.529" >
    <step title="ZipDeploy. Extract zip. " date="2025-08-24T21:49:54.529" /><!-- duration: 0ms -->
    <step title="Starting PushDeployAsync" date="2025-08-24T21:49:54.529" /><!-- duration: 16ms -->
    <step title="Updating shutdown sentinel last write time" date="2025-08-24T21:49:54.545" SemaphoreCount="7" /><!-- duration: 0ms -->
    <step title="LockFile &apos;C:\home\site\locks\deployments.lock&apos; acquired" date="2025-08-24T21:49:54.560" /><!-- duration: 0ms -->
    <step title="Saving request content to C:\local\Temp\zipdeploy\oyeqfhdj.zip" date="2025-08-24T21:49:54.579" >
      <step title="Total 23,411,719 bytes written to C:\local\Temp\zipdeploy\oyeqfhdj.zip" date="2025-08-24T21:49:55.108" /><!-- duration: 0ms -->
    </step><!-- duration: 544ms -->
    <step title="LockFile &apos;C:\home\site\locks\deployments.lock&apos; released" date="2025-08-24T21:49:55.123" /><!-- duration: 0ms -->
    <step title="Deleting shutdown sentinel file" date="2025-08-24T21:49:55.138" SemaphoreCount="8" /><!-- duration: 0ms -->
    <step title="Starting FetchDeploy" date="2025-08-24T21:49:55.138" /><!-- duration: 0ms -->
    <step title="Start deployment in the background" date="2025-08-24T21:49:55.138" /><!-- duration: 109ms -->
  </step><!-- duration: 719ms -->
  <step title="Outgoing response" date="2025-08-24T21:49:55.248" type="response" statusCode="202" statusText="Accepted" Server="Microsoft-IIS/10.0" x-ms-request-id="420fb5b9-8134-11f0-908b-f057a69bc617" Retry-After="30" Cache-Control="private" X-AspNet-Version="4.0.30319" Location="https://241runnersawareness-api.scm.azurewebsites.net/api/deployments/latest?deployer=ZipDeploy&amp;time=2025-08-24_21-49-55Z" /><!-- duration: 18ms -->
</step><!-- duration: 798ms -->
