<step title="BackgroundTrace" date="2025-08-25T19:42:52.742" instance="7788a4" url="/api/zipdeploy" method="POST" >
  <step title="Updating shutdown sentinel last write time" date="2025-08-25T19:42:52.757" SemaphoreCount="7" /><!-- duration: 16ms -->
  <step title="LockFile &apos;C:\home\site\locks\deployments.lock&apos; acquired" date="2025-08-25T19:42:52.773" /><!-- duration: 16ms -->
  <step title="Creating temporary deployment" date="2025-08-25T19:42:52.789" /><!-- duration: 31ms -->
  <step title="Performing fetch based deployment" date="2025-08-25T19:42:52.836" >
    <step title="Fetching changes." date="2025-08-25T19:42:52.951" /><!-- duration: 10ms -->
    <step title="Starting LocalZipHandler" date="2025-08-25T19:42:52.961" /><!-- duration: 20ms -->
    <step title="Cleaning up temp folders from previous zip deployments and extracting pushed zip file C:\local\Temp\zipdeploy\4u1mcesd.zip (24.38 MB) to C:\local\Temp\zipdeploy\extracted" date="2025-08-25T19:42:52.992" /><!-- duration: 0ms -->
    <step title="Cleaning up temp folders from previous zip deployments and extracting pushed zip file C:\local\Temp\zipdeploy\4u1mcesd.zip (24.38 MB) to C:\local\Temp\zipdeploy\extracted" date="2025-08-25T19:42:52.992" >
      <step title="Renaming extractTargetDirectory(C:\local\Temp\zipdeploy\extracted) to tempDirectory(C:\local\Temp\zipdeploy\1hjtbhmb.qzp)" date="2025-08-25T19:42:53.007" /><!-- duration: 16ms -->
      <step title="Extracting 178 entries to C:\local\Temp\zipdeploy\extracted directory" date="2025-08-25T19:42:53.322" >
        <step title="Extracting to C:\local\Temp\zipdeploy\extracted\logs\deployments\latest.json ..." date="2025-08-25T19:42:53.336" /><!-- duration: 37ms -->
        <step title="Extracting to C:\local\Temp\zipdeploy\extracted\publish\241RunnersAwareness.BackendAPI.deps.json ..." date="2025-08-25T19:42:53.383" /><!-- duration: 20ms -->
        <step title="Extracting to C:\local\Temp\zipdeploy\extracted\publish\241RunnersAwareness.BackendAPI.runtimeconfig.json ..." date="2025-08-25T19:42:53.433" /><!-- duration: 12ms -->
        <step title="Extracting to C:\local\Temp\zipdeploy\extracted\publish\241RunnersAwareness.BackendAPI.staticwebassets.endpoints.json ..." date="2025-08-25T19:42:53.463" /><!-- duration: 13ms -->
        <step title="Extracting to C:\local\Temp\zipdeploy\extracted\publish\appsettings.Development.json ..." date="2025-08-25T19:42:53.476" /><!-- duration: 17ms -->
        <step title="Omitting extracting file traces ..." date="2025-08-25T19:42:53.513" /><!-- duration: 10ms -->
      </step><!-- duration: 4185ms -->
    </step><!-- duration: 4534ms -->
    <step title="Before sending BuildRequestReceived status to /api/updatedeploystatus" date="2025-08-25T19:42:57.525" /><!-- duration: 13ms -->
    <step title="DeploymentManager.Deploy(id:28272fa0fb2649db944d27ac613ca302)" date="2025-08-25T19:42:57.539" >
      <step title="Collecting changeset information" date="2025-08-25T19:42:57.555" /><!-- duration: 93ms -->
      <step title="Updating submodules" date="2025-08-25T19:42:57.648" >
        <step title="Updating submodules." date="2025-08-25T19:42:57.711" /><!-- duration: 18ms -->
      </step><!-- duration: 94ms -->
      <step title="Preparing deployment for commit id &apos;28272fa0fb&apos;." date="2025-08-25T19:42:57.773" /><!-- duration: 0ms -->
      <step title="Determining deployment builder" date="2025-08-25T19:42:57.851" >
        <step title="Builder is BasicBuilder" date="2025-08-25T19:42:57.870" /><!-- duration: 13ms -->
      </step><!-- duration: 31ms -->
      <step title="Copying SSH keys" date="2025-08-25T19:42:57.930" /><!-- duration: 15ms -->
      <step title="Building" date="2025-08-25T19:42:57.945" >
        <step title="Generating deployment script." date="2025-08-25T19:42:58.070" /><!-- duration: 31ms -->
        <step title="Generating deployment script" date="2025-08-25T19:42:58.101" >
          <step title="Using cached version of the deployment script for command: -y --no-dot-deployment -r &quot;C:\local\Temp\zipdeploy\extracted&quot; -o &quot;C:\home\site\deployments\tools&quot; --basic --sitePath &quot;C:\local\Temp\zipdeploy\extracted&quot;" date="2025-08-25T19:42:58.148" /><!-- duration: 0ms -->
          <step title="Using cached version of deployment script (command: &apos;azure -y --no-dot-deployment -r &quot;C:\local\Temp\zipdeploy\extracted&quot; -o &quot;C:\home\site\deployments\tools&quot; --basic --sitePath &quot;C:\local\Temp\zipdeploy\extracted&quot;&apos;)." date="2025-08-25T19:42:58.148" /><!-- duration: 0ms -->
        </step><!-- duration: 47ms -->
        <step title="Running deployment command..." date="2025-08-25T19:42:58.211" /><!-- duration: 0ms -->
        <step title="Command: &quot;C:\home\site\deployments\tools\deploy.cmd&quot;" date="2025-08-25T19:42:58.226" /><!-- duration: 0ms -->
        <step title="Executing external process" date="2025-08-25T19:42:58.242" type="process" path="starter.cmd" arguments="&quot;C:\home\site\deployments\tools\deploy.cmd&quot;" >
          <step title="Handling Basic Web Site deployment." date="2025-08-25T19:42:58.744" /><!-- duration: 13ms -->
          <step title="Creating app_offline.htm" date="2025-08-25T19:43:02.341" /><!-- duration: 0ms -->
          <step title="KuduSync.NET from: &apos;C:\local\Temp\zipdeploy\extracted&apos; to: &apos;C:\home\site\wwwroot&apos;" date="2025-08-25T19:43:02.356" /><!-- duration: 20ms -->
          <step title="Copying file: &apos;241RunnersAwareness.BackendAPI.dll&apos;" date="2025-08-25T19:43:02.387" /><!-- duration: 0ms -->
          <step title="Copying file: &apos;241RunnersAwareness.BackendAPI.exe&apos;" date="2025-08-25T19:43:02.407" /><!-- duration: 12ms -->
          <step title="Copying file: &apos;241RunnersAwareness.BackendAPI.pdb&apos;" date="2025-08-25T19:43:02.437" /><!-- duration: 0ms -->
          <step title="Copying file: &apos;publish\publish\publish\241RunnersAwareness.BackendAPI.deps.json&apos;" date="2025-08-25T19:43:02.450" /><!-- duration: 17ms -->
          <step title="Copying file: &apos;publish\publish\publish\publish\logs\deployments\latest.json&apos;" date="2025-08-25T19:43:02.497" /><!-- duration: 0ms -->
          <step title="Copying file: &apos;publish\publish\publish\publish\publish\241RunnersAwareness.BackendAPI.deps.json&apos;" date="2025-08-25T19:43:02.517" /><!-- duration: 11ms -->
          <step title="Copying file: &apos;publish\publish\publish\publish\publish\241RunnersAwareness.BackendAPI.runtimeconfig.json&apos;" date="2025-08-25T19:43:02.559" /><!-- duration: 0ms -->
          <step title="Copying file: &apos;publish\publish\publish\publish\publish\241RunnersAwareness.BackendAPI.staticwebassets.endpoints.json&apos;" date="2025-08-25T19:43:02.577" /><!-- duration: 13ms -->
          <step title="Copying file: &apos;publish\publish\publish\publish\publish\appsettings.Development.json&apos;" date="2025-08-25T19:43:02.628" /><!-- duration: 0ms -->
          <step title="Copying file: &apos;publish\publish\publish\publish\publish\appsettings.json&apos;" date="2025-08-25T19:43:02.638" /><!-- duration: 20ms -->
          <step title="Copying file: &apos;publish\publish\publish\publish\publish\appsettings.Production.json&apos;" date="2025-08-25T19:43:02.669" /><!-- duration: 19ms -->
          <step title="Copying file: &apos;publish\publish\publish\publish\publish\web.config&apos;" date="2025-08-25T19:43:02.700" /><!-- duration: 18ms -->
          <step title="Deleting app_offline.htm" date="2025-08-25T19:43:02.731" /><!-- duration: 17ms -->
          <step title="Finished successfully." date="2025-08-25T19:43:02.768" /><!-- duration: 10ms -->
        </step><!-- duration: 4557ms -->
        <step title="Running post deployment command(s)..." date="2025-08-25T19:43:03.156" /><!-- duration: 0ms -->
        <step title="Triggering recycle (preview mode disabled)." date="2025-08-25T19:43:03.262" /><!-- duration: 16ms -->
        <step title="Ignoring FS watcher based recycle request as this is a classic Windows app." date="2025-08-25T19:43:03.278" /><!-- duration: 19ms -->
        <step title="Deployment successful. DEPLOYMENTINFO: deploymentPath = ZipDeploy. Extract zip. , deployer = ZipDeploy, os = windows, sku = Basic, siteName = 241runnersawareness-api, siteHostName = 241runnersawareness-api.azurewebsites.net, deploymentStatus = Success" date="2025-08-25T19:43:03.407" /><!-- duration: 12ms -->
        <step title="Purge deployment items" date="2025-08-25T19:43:03.591" >
          <step title="Remove 1cd0d1380, Success, received at 8/24/2025 9:23:51 PM" date="2025-08-25T19:43:03.653" /><!-- duration: 0ms -->
        </step><!-- duration: 63ms -->
      </step><!-- duration: 5744ms -->
    </step><!-- duration: 6161ms -->
    <step title="Cleaning up temp files" date="2025-08-25T19:43:03.700" /><!-- duration: 0ms -->
    <step title="Skip function trigger and logicapp sync because function is not enabled." date="2025-08-25T19:43:03.719" /><!-- duration: 0ms -->
  </step><!-- duration: 10913ms -->
  <step title="LockFile &apos;C:\home\site\locks\deployments.lock&apos; released" date="2025-08-25T19:43:03.778" /><!-- duration: 0ms -->
  <step title="Deleting shutdown sentinel file" date="2025-08-25T19:43:03.798" SemaphoreCount="8" /><!-- duration: 0ms -->
</step><!-- duration: 11068ms -->
