<step title="BackgroundTrace" date="2025-08-25T17:33:53.906" instance="7788a4" url="/api/zipdeploy" method="POST" >
  <step title="Updating shutdown sentinel last write time" date="2025-08-25T17:33:53.956" SemaphoreCount="7" /><!-- duration: 0ms -->
  <step title="LockFile &apos;C:\home\site\locks\deployments.lock&apos; acquired" date="2025-08-25T17:33:53.956" /><!-- duration: 0ms -->
  <step title="Creating temporary deployment" date="2025-08-25T17:33:53.969" /><!-- duration: 47ms -->
  <step title="Performing fetch based deployment" date="2025-08-25T17:33:54.036" >
    <step title="Fetching changes." date="2025-08-25T17:33:54.297" /><!-- duration: 20ms -->
    <step title="Starting LocalZipHandler" date="2025-08-25T17:33:54.328" /><!-- duration: 0ms -->
    <step title="Cleaning up temp folders from previous zip deployments and extracting pushed zip file C:\local\Temp\zipdeploy\hh4dsj0w.zip (24.28 MB) to C:\local\Temp\zipdeploy\extracted" date="2025-08-25T17:33:54.360" /><!-- duration: 0ms -->
    <step title="Cleaning up temp folders from previous zip deployments and extracting pushed zip file C:\local\Temp\zipdeploy\hh4dsj0w.zip (24.28 MB) to C:\local\Temp\zipdeploy\extracted" date="2025-08-25T17:33:54.375" >
      <step title="Extracting 142 entries to C:\local\Temp\zipdeploy\extracted directory" date="2025-08-25T17:33:54.469" >
        <step title="Extracting to C:\local\Temp\zipdeploy\extracted\logs\deployments\latest.json ..." date="2025-08-25T17:33:54.469" /><!-- duration: 20ms -->
        <step title="Extracting to C:\local\Temp\zipdeploy\extracted\publish\241RunnersAwareness.BackendAPI.deps.json ..." date="2025-08-25T17:33:54.500" /><!-- duration: 19ms -->
        <step title="Extracting to C:\local\Temp\zipdeploy\extracted\publish\241RunnersAwareness.BackendAPI.runtimeconfig.json ..." date="2025-08-25T17:33:54.531" /><!-- duration: 0ms -->
        <step title="Extracting to C:\local\Temp\zipdeploy\extracted\publish\241RunnersAwareness.BackendAPI.staticwebassets.endpoints.json ..." date="2025-08-25T17:33:54.531" /><!-- duration: 0ms -->
        <step title="Extracting to C:\local\Temp\zipdeploy\extracted\publish\appsettings.Development.json ..." date="2025-08-25T17:33:54.547" /><!-- duration: 0ms -->
        <step title="Omitting extracting file traces ..." date="2025-08-25T17:33:54.547" /><!-- duration: 22ms -->
      </step><!-- duration: 4050ms -->
    </step><!-- duration: 4156ms -->
    <step title="Before sending BuildRequestReceived status to /api/updatedeploystatus" date="2025-08-25T17:33:58.547" /><!-- duration: 0ms -->
    <step title="DeploymentManager.Deploy(id:de1c46976aa844dabc0214c9fdd39890)" date="2025-08-25T17:33:58.563" >
      <step title="Collecting changeset information" date="2025-08-25T17:33:58.580" /><!-- duration: 30ms -->
      <step title="Updating submodules" date="2025-08-25T17:33:58.630" >
        <step title="Updating submodules." date="2025-08-25T17:33:58.672" /><!-- duration: 16ms -->
      </step><!-- duration: 57ms -->
      <step title="Preparing deployment for commit id &apos;de1c46976a&apos;." date="2025-08-25T17:33:58.797" /><!-- duration: 16ms -->
      <step title="Determining deployment builder" date="2025-08-25T17:33:58.875" >
        <step title="Builder is BasicBuilder" date="2025-08-25T17:33:58.892" /><!-- duration: 0ms -->
      </step><!-- duration: 31ms -->
      <step title="Copying SSH keys" date="2025-08-25T17:33:58.938" /><!-- duration: 16ms -->
      <step title="Building" date="2025-08-25T17:33:58.953" >
        <step title="Generating deployment script." date="2025-08-25T17:33:59.003" /><!-- duration: 0ms -->
        <step title="Generating deployment script" date="2025-08-25T17:33:59.016" >
          <step title="Using cached version of the deployment script for command: -y --no-dot-deployment -r &quot;C:\local\Temp\zipdeploy\extracted&quot; -o &quot;C:\home\site\deployments\tools&quot; --basic --sitePath &quot;C:\local\Temp\zipdeploy\extracted&quot;" date="2025-08-25T17:33:59.125" /><!-- duration: 18ms -->
          <step title="Using cached version of deployment script (command: &apos;azure -y --no-dot-deployment -r &quot;C:\local\Temp\zipdeploy\extracted&quot; -o &quot;C:\home\site\deployments\tools&quot; --basic --sitePath &quot;C:\local\Temp\zipdeploy\extracted&quot;&apos;)." date="2025-08-25T17:33:59.156" /><!-- duration: 0ms -->
        </step><!-- duration: 141ms -->
        <step title="Running deployment command..." date="2025-08-25T17:33:59.203" /><!-- duration: 16ms -->
        <step title="Command: &quot;C:\home\site\deployments\tools\deploy.cmd&quot;" date="2025-08-25T17:33:59.266" /><!-- duration: 0ms -->
        <step title="Executing external process" date="2025-08-25T17:33:59.317" type="process" path="starter.cmd" arguments="&quot;C:\home\site\deployments\tools\deploy.cmd&quot;" >
          <step title="Handling Basic Web Site deployment." date="2025-08-25T17:34:01.459" /><!-- duration: 0ms -->
          <step title="Creating app_offline.htm" date="2025-08-25T17:34:01.469" /><!-- duration: 0ms -->
          <step title="KuduSync.NET from: &apos;C:\local\Temp\zipdeploy\extracted&apos; to: &apos;C:\home\site\wwwroot&apos;" date="2025-08-25T17:34:01.469" /><!-- duration: 0ms -->
          <step title="Copying file: &apos;241RunnersAwareness.BackendAPI.deps.json&apos;" date="2025-08-25T17:34:01.469" /><!-- duration: 16ms -->
          <step title="Copying file: &apos;241RunnersAwareness.BackendAPI.dll&apos;" date="2025-08-25T17:34:01.485" /><!-- duration: 0ms -->
          <step title="Copying file: &apos;241RunnersAwareness.BackendAPI.exe&apos;" date="2025-08-25T17:34:01.500" /><!-- duration: 0ms -->
          <step title="Copying file: &apos;241RunnersAwareness.BackendAPI.pdb&apos;" date="2025-08-25T17:34:01.516" /><!-- duration: 0ms -->
          <step title="Copying file: &apos;appsettings.Production.json&apos;" date="2025-08-25T17:34:01.516" /><!-- duration: 0ms -->
          <step title="Copying file: &apos;logs\deployments\latest.json&apos;" date="2025-08-25T17:34:01.531" /><!-- duration: 0ms -->
          <step title="Copying file: &apos;publish\241RunnersAwareness.BackendAPI.deps.json&apos;" date="2025-08-25T17:34:01.531" /><!-- duration: 16ms -->
          <step title="Copying file: &apos;publish\241RunnersAwareness.BackendAPI.runtimeconfig.json&apos;" date="2025-08-25T17:34:01.547" /><!-- duration: 0ms -->
          <step title="Copying file: &apos;publish\241RunnersAwareness.BackendAPI.staticwebassets.endpoints.json&apos;" date="2025-08-25T17:34:01.547" /><!-- duration: 16ms -->
          <step title="Copying file: &apos;publish\appsettings.Development.json&apos;" date="2025-08-25T17:34:01.563" /><!-- duration: 0ms -->
          <step title="Copying file: &apos;publish\appsettings.json&apos;" date="2025-08-25T17:34:01.578" /><!-- duration: 0ms -->
          <step title="Copying file: &apos;publish\appsettings.Production.json&apos;" date="2025-08-25T17:34:01.578" /><!-- duration: 0ms -->
          <step title="Copying file: &apos;publish\web.config&apos;" date="2025-08-25T17:34:01.594" /><!-- duration: 0ms -->
          <step title="Deleting app_offline.htm" date="2025-08-25T17:34:01.594" /><!-- duration: 0ms -->
          <step title="Finished successfully." date="2025-08-25T17:34:01.610" /><!-- duration: 0ms -->
        </step><!-- duration: 2293ms -->
        <step title="Running post deployment command(s)..." date="2025-08-25T17:34:02.395" /><!-- duration: 171ms -->
        <step title="Triggering recycle (preview mode disabled)." date="2025-08-25T17:34:03.219" /><!-- duration: 0ms -->
        <step title="Ignoring FS watcher based recycle request as this is a classic Windows app." date="2025-08-25T17:34:03.250" /><!-- duration: 0ms -->
        <step title="Deployment successful. DEPLOYMENTINFO: deploymentPath = ZipDeploy. Extract zip. , deployer = ZipDeploy, os = windows, sku = Basic, siteName = 241runnersawareness-api, siteHostName = 241runnersawareness-api.azurewebsites.net, deploymentStatus = Success" date="2025-08-25T17:34:03.422" /><!-- duration: 19ms -->
        <step title="Purge deployment items" date="2025-08-25T17:34:03.632" >
          <step title="Remove a5a97a403, Success, received at 8/24/2025 8:53:23 PM" date="2025-08-25T17:34:03.735" /><!-- duration: 18ms -->
        </step><!-- duration: 121ms -->
      </step><!-- duration: 4829ms -->
    </step><!-- duration: 5250ms -->
    <step title="Cleaning up temp files" date="2025-08-25T17:34:03.844" /><!-- duration: 19ms -->
    <step title="Skip function trigger and logicapp sync because function is not enabled." date="2025-08-25T17:34:03.875" /><!-- duration: 0ms -->
  </step><!-- duration: 9870ms -->
  <step title="LockFile &apos;C:\home\site\locks\deployments.lock&apos; released" date="2025-08-25T17:34:03.906" /><!-- duration: 0ms -->
  <step title="Deleting shutdown sentinel file" date="2025-08-25T17:34:03.922" SemaphoreCount="8" /><!-- duration: 0ms -->
</step><!-- duration: 10037ms -->
