<step title="Incoming Request" date="2025-08-28T00:52:18.568" instance="7788a4" url="/api/publish?async=true&amp;deployer=GITHUB_ONE_DEPLOY&amp;type=zip&amp;message=%7B%22type%22%3A%22deployment%22%2C%22sha%22%3A%2289dfbbe4109f97963c6f5ee7b504c0a3ba502647%22%2C%22repoName%22%3A%22DekuWorks%2F241RunnersAwareness%22%2C%22actor%22%3A%22DekuWorks%22%2C%22slotName%22%3A%22Production%22%2C%22commitMessage%22%3A%22Fix%20Azure%20deployment%20workflow%3A%20Change%20to%20backend%20directory%20before%20building%22%7D" method="POST" type="request" pid="5604,2,8" Transfer-Encoding="chunked" Content-Type="application/octet-stream" Authorization="Bea..." Cookie="ARRAffinity=7788a455ec154c4663c1b659ef530e471943b5c292ff1be1116a591d0c915669;Path=/;HttpOnly;Secure;Domain=241runnersawareness-api.scm.azurewebsites.net; ARRAffinitySameSite=7788a455ec154c4663c1b659ef530e471943b5c292ff1be1116a591d0c915669;Path=/;HttpOnly;SameSite=None;Secure;Domain=241runnersawareness-api.scm.azurewebsites.net" Host="241runnersawareness-api.scm.azurewebsites.net" User-Agent="GITHUBACTIONS_DeployWebAppToAzure_595ee1b31a2c90a1f7110b9442ef89a098f6ae428a4a7a7da91a41dc86c46f22" X-ARR-LOG-ID="89a991d0-d9e8-4274-a633-df1698eef0a1" CLIENT-IP="40.76.117.225:12296" X-SITE-DEPLOYMENT-ID="241runnersawareness-api" WAS-DEFAULT-HOSTNAME="241runnersawareness-api.scm.azurewebsites.net" X-Forwarded-Proto="https" X-AppService-Proto="https" X-Forwarded-TlsVersion="1.3" X-WAWS-Unencoded-URL="/api/publish?async=true&amp;deployer=GITHUB_ONE_DEPLOY&amp;type=zip&amp;message=%7B%22type%22%3A%22deployment%22%2C%22sha%22%3A%2289dfbbe4109f97963c6f5ee7b504c0a3ba502647%22%2C%22repoName%22%3A%22DekuWorks%2F241RunnersAwareness%22%2C%22actor%22%3A%22DekuWorks%22%2C%22slotName%22%3A%22Production%22%2C%22commitMessage%22%3A%22Fix%20Azure%20deployment%20workflow%3A%20Change%20to%20backend%20directory%20before%20building%22%7D" >
  <step title="OneDeploy" date="2025-08-28T00:52:18.776" >
    <step title="Starting PushDeployAsync" date="2025-08-28T00:52:18.885" /><!-- duration: 0ms -->
    <step title="Updating shutdown sentinel last write time" date="2025-08-28T00:52:19.099" SemaphoreCount="7" /><!-- duration: 0ms -->
    <step title="LockFile &apos;C:\home\site\locks\deployments.lock&apos; acquired" date="2025-08-28T00:52:19.099" /><!-- duration: 16ms -->
    <step title="Deleting outdated zip file C:\home\data\SitePackages\20250827002848.zip" date="2025-08-28T00:52:19.136" /><!-- duration: 0ms -->
    <step title="Saving request content to C:\home\data\SitePackages\20250828005218.zip" date="2025-08-28T00:52:19.146" >
      <step title="Total 28,052,057 bytes written to C:\home\data\SitePackages\20250828005218.zip" date="2025-08-28T00:52:19.913" /><!-- duration: 0ms -->
    </step><!-- duration: 1203ms -->
    <step title="LockFile &apos;C:\home\site\locks\deployments.lock&apos; released" date="2025-08-28T00:52:20.365" /><!-- duration: 0ms -->
    <step title="Deleting shutdown sentinel file" date="2025-08-28T00:52:20.400" SemaphoreCount="8" /><!-- duration: 11ms -->
    <step title="Starting FetchDeploy" date="2025-08-28T00:52:20.443" /><!-- duration: 33ms -->
    <step title="Start deployment in the background" date="2025-08-28T00:52:20.476" /><!-- duration: 139ms -->
  </step><!-- duration: 1857ms -->
  <step title="Outgoing response" date="2025-08-28T00:52:20.646" type="response" statusCode="202" statusText="Accepted" Server="Microsoft-IIS/10.0" x-ms-request-id="89a991d0-d9e8-4274-a633-df1698eef0a1" Retry-After="30" Cache-Control="private" X-AspNet-Version="4.0.30319" Location="https://241runnersawareness-api.scm.azurewebsites.net/api/deployments/latest?deployer=OneDeploy&amp;time=2025-08-28_00-52-20Z" /><!-- duration: 19ms -->
</step><!-- duration: 2109ms -->
