<step title="BackgroundTrace" date="2025-08-24T21:49:55.154" instance="7788a4" url="/api/zipdeploy" method="POST" >
  <step title="Updating shutdown sentinel last write time" date="2025-08-24T21:49:55.190" SemaphoreCount="7" /><!-- duration: 0ms -->
  <step title="LockFile &apos;C:\home\site\locks\deployments.lock&apos; acquired" date="2025-08-24T21:49:55.201" /><!-- duration: 0ms -->
  <step title="Creating temporary deployment" date="2025-08-24T21:49:55.201" /><!-- duration: 47ms -->
  <step title="Performing fetch based deployment" date="2025-08-24T21:49:55.248" >
    <step title="Fetching changes." date="2025-08-24T21:49:55.344" /><!-- duration: 13ms -->
    <step title="Starting LocalZipHandler" date="2025-08-24T21:49:55.375" /><!-- duration: 0ms -->
    <step title="Cleaning up temp folders from previous zip deployments and extracting pushed zip file C:\local\Temp\zipdeploy\oyeqfhdj.zip (22.33 MB) to C:\local\Temp\zipdeploy\extracted" date="2025-08-24T21:49:55.420" /><!-- duration: 0ms -->
    <step title="Cleaning up temp folders from previous zip deployments and extracting pushed zip file C:\local\Temp\zipdeploy\oyeqfhdj.zip (22.33 MB) to C:\local\Temp\zipdeploy\extracted" date="2025-08-24T21:49:55.420" >
      <step title="Renaming extractTargetDirectory(C:\local\Temp\zipdeploy\extracted) to tempDirectory(C:\local\Temp\zipdeploy\iiqxdodt.4rv)" date="2025-08-24T21:49:55.420" /><!-- duration: 0ms -->
      <step title="Extracting 162 entries to C:\local\Temp\zipdeploy\extracted directory" date="2025-08-24T21:49:55.640" >
        <step title="Extracting to C:\local\Temp\zipdeploy\extracted\runtimes\browser-wasm\nativeassets\net8.0\e_sqlite3.a ..." date="2025-08-24T21:49:55.670" /><!-- duration: 79ms -->
        <step title="Extracting to C:\local\Temp\zipdeploy\extracted\runtimes\linux-arm\native\libe_sqlite3.so ..." date="2025-08-24T21:49:55.769" /><!-- duration: 59ms -->
        <step title="Extracting to C:\local\Temp\zipdeploy\extracted\runtimes\linux-arm64\native\libe_sqlite3.so ..." date="2025-08-24T21:49:55.828" /><!-- duration: 138ms -->
        <step title="Extracting to C:\local\Temp\zipdeploy\extracted\runtimes\linux-armel\native\libe_sqlite3.so ..." date="2025-08-24T21:49:55.984" /><!-- duration: 97ms -->
        <step title="Extracting to C:\local\Temp\zipdeploy\extracted\runtimes\linux-mips64\native\libe_sqlite3.so ..." date="2025-08-24T21:49:56.081" /><!-- duration: 91ms -->
        <step title="Omitting extracting file traces ..." date="2025-08-24T21:49:56.171" /><!-- duration: 92ms -->
      </step><!-- duration: 3907ms -->
    </step><!-- duration: 4157ms -->
    <step title="Before sending BuildRequestReceived status to /api/updatedeploystatus" date="2025-08-24T21:49:59.638" /><!-- duration: 19ms -->
    <step title="DeploymentManager.Deploy(id:6e0acdac685c4c0e89961c02bf6b7a82)" date="2025-08-24T21:49:59.670" >
      <step title="Collecting changeset information" date="2025-08-24T21:49:59.701" /><!-- duration: 97ms -->
      <step title="Updating submodules" date="2025-08-24T21:49:59.810" >
        <step title="Updating submodules." date="2025-08-24T21:49:59.895" /><!-- duration: 0ms -->
      </step><!-- duration: 102ms -->
      <step title="Preparing deployment for commit id &apos;6e0acdac68&apos;." date="2025-08-24T21:49:59.973" /><!-- duration: 19ms -->
      <step title="Determining deployment builder" date="2025-08-24T21:50:00.083" >
        <step title="Builder is BasicBuilder" date="2025-08-24T21:50:00.083" /><!-- duration: 20ms -->
      </step><!-- duration: 30ms -->
      <step title="Copying SSH keys" date="2025-08-24T21:50:00.133" /><!-- duration: 0ms -->
      <step title="Building" date="2025-08-24T21:50:00.145" >
        <step title="Generating deployment script." date="2025-08-24T21:50:00.207" /><!-- duration: 16ms -->
        <step title="Generating deployment script" date="2025-08-24T21:50:00.254" >
          <step title="Using cached version of the deployment script for command: -y --no-dot-deployment -r &quot;C:\local\Temp\zipdeploy\extracted&quot; -o &quot;C:\home\site\deployments\tools&quot; --basic --sitePath &quot;C:\local\Temp\zipdeploy\extracted&quot;" date="2025-08-24T21:50:00.316" /><!-- duration: 0ms -->
          <step title="Using cached version of deployment script (command: &apos;azure -y --no-dot-deployment -r &quot;C:\local\Temp\zipdeploy\extracted&quot; -o &quot;C:\home\site\deployments\tools&quot; --basic --sitePath &quot;C:\local\Temp\zipdeploy\extracted&quot;&apos;)." date="2025-08-24T21:50:00.336" /><!-- duration: 12ms -->
        </step><!-- duration: 393ms -->
        <step title="Running deployment command..." date="2025-08-24T21:50:01.069" /><!-- duration: 0ms -->
        <step title="Command: &quot;C:\home\site\deployments\tools\deploy.cmd&quot;" date="2025-08-24T21:50:01.113" /><!-- duration: 0ms -->
        <step title="Executing external process" date="2025-08-24T21:50:01.113" type="process" path="starter.cmd" arguments="&quot;C:\home\site\deployments\tools\deploy.cmd&quot;" >
          <step title="Handling Basic Web Site deployment." date="2025-08-24T21:50:01.617" /><!-- duration: 0ms -->
          <step title="Creating app_offline.htm" date="2025-08-24T21:50:02.442" /><!-- duration: 0ms -->
          <step title="KuduSync.NET from: &apos;C:\local\Temp\zipdeploy\extracted&apos; to: &apos;C:\home\site\wwwroot&apos;" date="2025-08-24T21:50:02.473" /><!-- duration: 0ms -->
          <step title="Deleting app_offline.htm" date="2025-08-24T21:50:02.492" /><!-- duration: 12ms -->
          <step title="Finished successfully." date="2025-08-24T21:50:02.535" /><!-- duration: 0ms -->
        </step><!-- duration: 1439ms -->
        <step title="Running post deployment command(s)..." date="2025-08-24T21:50:02.632" /><!-- duration: 13ms -->
        <step title="Triggering recycle (preview mode disabled)." date="2025-08-24T21:50:02.723" /><!-- duration: 0ms -->
        <step title="Ignoring FS watcher based recycle request as this is a classic Windows app." date="2025-08-24T21:50:02.742" /><!-- duration: 12ms -->
        <step title="Deployment successful. DEPLOYMENTINFO: deploymentPath = ZipDeploy. Extract zip. , deployer = ZipDeploy, os = windows, sku = Basic, siteName = 241runnersawareness-api, siteHostName = 241runnersawareness-api.azurewebsites.net, deploymentStatus = Success" date="2025-08-24T21:50:02.832" /><!-- duration: 0ms -->
        <step title="Purge deployment items" date="2025-08-24T21:50:03.134" >
          <step title="Remove 791ac7400, Success, received at 8/24/2025 8:48:47 PM" date="2025-08-24T21:50:03.301" /><!-- duration: 20ms -->
        </step><!-- duration: 198ms -->
      </step><!-- duration: 3219ms -->
    </step><!-- duration: 3711ms -->
    <step title="Cleaning up temp files" date="2025-08-24T21:50:03.400" /><!-- duration: 10ms -->
    <step title="Skip function trigger and logicapp sync because function is not enabled." date="2025-08-24T21:50:03.410" /><!-- duration: 19ms -->
  </step><!-- duration: 8241ms -->
  <step title="LockFile &apos;C:\home\site\locks\deployments.lock&apos; released" date="2025-08-24T21:50:03.489" /><!-- duration: 15ms -->
  <step title="Deleting shutdown sentinel file" date="2025-08-24T21:50:03.520" SemaphoreCount="8" /><!-- duration: 0ms -->
</step><!-- duration: 8385ms -->
