<step title="BackgroundTrace" date="2025-08-28T00:52:20.492" instance="7788a4" url="/api/publish" method="POST" >
  <step title="Updating shutdown sentinel last write time" date="2025-08-28T00:52:20.522" SemaphoreCount="7" /><!-- duration: 0ms -->
  <step title="LockFile &apos;C:\home\site\locks\deployments.lock&apos; acquired" date="2025-08-28T00:52:20.537" /><!-- duration: 0ms -->
  <step title="Creating temporary deployment" date="2025-08-28T00:52:20.537" /><!-- duration: 47ms -->
  <step title="Performing fetch based deployment" date="2025-08-28T00:52:20.615" >
    <step title="Fetching changes." date="2025-08-28T00:52:20.865" /><!-- duration: 16ms -->
    <step title="Starting LocalZipHandler" date="2025-08-28T00:52:20.896" /><!-- duration: 0ms -->
    <step title="Starting ExtractTriggers" date="2025-08-28T00:52:20.927" /><!-- duration: 0ms -->
    <step title="Before sending BuildRequestReceived status to /api/updatedeploystatus" date="2025-08-28T00:52:20.974" /><!-- duration: 0ms -->
    <step title="DeploymentManager.Deploy(id:841492fc392943f6aa459235e0da0d14)" date="2025-08-28T00:52:20.990" >
      <step title="Collecting changeset information" date="2025-08-28T00:52:21.005" /><!-- duration: 34ms -->
      <step title="Updating submodules" date="2025-08-28T00:52:21.039" >
        <step title="Updating submodules." date="2025-08-28T00:52:21.099" /><!-- duration: 20ms -->
      </step><!-- duration: 80ms -->
      <step title="Preparing deployment for commit id &apos;841492fc39&apos;." date="2025-08-28T00:52:21.209" /><!-- duration: 0ms -->
      <step title="Determining deployment builder" date="2025-08-28T00:52:21.240" >
        <step title="Builder is RunFromZipSiteBuilder" date="2025-08-28T00:52:21.255" /><!-- duration: 16ms -->
      </step><!-- duration: 31ms -->
      <step title="Copying SSH keys" date="2025-08-28T00:52:21.302" /><!-- duration: 31ms -->
      <step title="Building" date="2025-08-28T00:52:21.334" >
        <step title="Skipping build. Project type: Run-From-Zip" date="2025-08-28T00:52:21.511" /><!-- duration: 10ms -->
        <step title="Skipping post build. Project type: Run-From-Zip" date="2025-08-28T00:52:21.569" /><!-- duration: 0ms -->
        <step title="Requesting site restart" date="2025-08-28T00:52:21.615" /><!-- duration: 0ms -->
        <step title="Requesting site restart" date="2025-08-28T00:52:21.615" /><!-- duration: 16ms -->
        <step title="Requesting site restart. Attempt #1" date="2025-08-28T00:52:21.677" /><!-- duration: 0ms -->
        <step title="Requesting site restart. Attempt #1" date="2025-08-28T00:52:21.677" /><!-- duration: 16ms -->
        <step title="Successfully requested a restart. Attempt #1" date="2025-08-28T00:52:22.396" /><!-- duration: 0ms -->
        <step title="Successfully requested a restart. Attempt #1" date="2025-08-28T00:52:22.428" /><!-- duration: 0ms -->
        <step title="Deployment successful. DEPLOYMENTINFO: deploymentPath = OneDeploy, deployer = OneDeploy, os = windows, sku = Basic, siteName = 241runnersawareness-api, siteHostName = 241runnersawareness-api.azurewebsites.net, deploymentStatus = Success" date="2025-08-28T00:52:22.459" /><!-- duration: 0ms -->
        <step title="Purge deployment items" date="2025-08-28T00:52:22.584" >
          <step title="Remove 806bc281d, Success, received at 8/26/2025 11:13:36 PM" date="2025-08-28T00:52:22.646" /><!-- duration: 0ms -->
        </step><!-- duration: 78ms -->
      </step><!-- duration: 1344ms -->
    </step><!-- duration: 1688ms -->
    <step title="Cleaning up temp files" date="2025-08-28T00:52:22.677" /><!-- duration: 16ms -->
    <step title="Updating C:\home\data\SitePackages\packagename.txt with deployment 20250828005218.zip" date="2025-08-28T00:52:22.694" /><!-- duration: 78ms -->
    <step title="Skip function trigger and logicapp sync because function is not enabled." date="2025-08-28T00:52:22.787" /><!-- duration: 0ms -->
  </step><!-- duration: 2203ms -->
  <step title="LockFile &apos;C:\home\site\locks\deployments.lock&apos; released" date="2025-08-28T00:52:22.818" /><!-- duration: 0ms -->
  <step title="Deleting shutdown sentinel file" date="2025-08-28T00:52:22.834" SemaphoreCount="8" /><!-- duration: 0ms -->
</step><!-- duration: 2341ms -->
