<step title="Incoming Request" date="2025-08-24T21:00:57.716" instance="7788a4" url="/api/zipdeploy?isAsync=true" method="POST" type="request" pid="1696,2,21" Cache-Control="no-cache" Content-Length="23408957" Content-Type="application/octet-stream" Accept="*/*" Accept-Encoding="gzip, deflate" Authorization="Bea..." Host="241runnersawareness-api.scm.azurewebsites.net" User-Agent="AZURECLI/2.76.0 (MSI)" x-ms-client-request-id="6ba429c1-812d-11f0-9654-f057a69bc617" X-ARR-LOG-ID="6ba429c1-812d-11f0-9654-f057a69bc617" CLIENT-IP="97.75.150.66:38553" X-SITE-DEPLOYMENT-ID="241runnersawareness-api" WAS-DEFAULT-HOSTNAME="241runnersawareness-api.scm.azurewebsites.net" X-Forwarded-Proto="https" X-AppService-Proto="https" X-Forwarded-TlsVersion="1.3" X-WAWS-Unencoded-URL="/api/zipdeploy?isAsync=true" >
  <step title="Cleanup Xml Logs" date="2025-08-24T21:00:57.716" /><!-- duration: 15ms -->
  <step title="ZipPushDeploy" date="2025-08-24T21:00:57.747" >
    <step title="ZipDeploy. Extract zip. " date="2025-08-24T21:00:57.762" /><!-- duration: 0ms -->
    <step title="Starting PushDeployAsync" date="2025-08-24T21:00:57.762" /><!-- duration: 0ms -->
    <step title="Updating shutdown sentinel last write time" date="2025-08-24T21:00:57.796" SemaphoreCount="7" /><!-- duration: 13ms -->
    <step title="LockFile &apos;C:\home\site\locks\deployments.lock&apos; acquired" date="2025-08-24T21:00:57.809" /><!-- duration: 0ms -->
    <step title="Saving request content to C:\local\Temp\zipdeploy\kro1fa20.zip" date="2025-08-24T21:00:57.825" >
      <step title="Total 23,408,957 bytes written to C:\local\Temp\zipdeploy\kro1fa20.zip" date="2025-08-24T21:00:58.389" /><!-- duration: 20ms -->
    </step><!-- duration: 584ms -->
    <step title="LockFile &apos;C:\home\site\locks\deployments.lock&apos; released" date="2025-08-24T21:00:58.419" /><!-- duration: 0ms -->
    <step title="Deleting shutdown sentinel file" date="2025-08-24T21:00:58.419" SemaphoreCount="8" /><!-- duration: 0ms -->
    <step title="Starting FetchDeploy" date="2025-08-24T21:00:58.434" /><!-- duration: 0ms -->
    <step title="Start deployment in the background" date="2025-08-24T21:00:58.434" /><!-- duration: 78ms -->
  </step><!-- duration: 766ms -->
  <step title="Outgoing response" date="2025-08-24T21:00:58.550" type="response" statusCode="202" statusText="Accepted" Server="Microsoft-IIS/10.0" x-ms-request-id="6ba429c1-812d-11f0-9654-f057a69bc617" Retry-After="30" Cache-Control="private" X-AspNet-Version="4.0.30319" Location="https://241runnersawareness-api.scm.azurewebsites.net/api/deployments/latest?deployer=ZipDeploy&amp;time=2025-08-24_21-00-58Z" /><!-- duration: 10ms -->
</step><!-- duration: 844ms -->
