﻿<?xml version="1.0" encoding="utf-8"?>
<deployment>
  <id>9183210e-4694-446e-92f9-37afb11eee13</id>
  <author>N/A</author>
  <deployer>OneDeploy</deployer>
  <authorEmail>N/A</authorEmail>
  <message>OneDeploy</message>
  <progress></progress>
  <status>Success</status>
  <statusText></statusText>
  <lastSuccessEndTime>2025-08-30T22:12:31.9113099Z</lastSuccessEndTime>
  <receivedTime>2025-08-30T22:12:11.7344352Z</receivedTime>
  <startTime>2025-08-30T22:12:13.5579684Z</startTime>
  <endTime>2025-08-30T22:12:31.9113099Z</endTime>
  <complete>True</complete>
  <is_temp>False</is_temp>
  <is_readonly>True</is_readonly>
  <buildSummary />
</deployment>