﻿<?xml version="1.0" encoding="utf-8"?>
<deployment>
  <id>841492fc392943f6aa459235e0da0d14</id>
  <author>N/A</author>
  <deployer>OneDeploy</deployer>
  <authorEmail>N/A</authorEmail>
  <message>OneDeploy</message>
  <progress></progress>
  <status>Success</status>
  <statusText></statusText>
  <lastSuccessEndTime>2025-08-28T00:52:22.4747555Z</lastSuccessEndTime>
  <receivedTime>2025-08-28T00:52:21.0216044Z</receivedTime>
  <startTime>2025-08-28T00:52:21.2247278Z</startTime>
  <endTime>2025-08-28T00:52:22.4747555Z</endTime>
  <complete>True</complete>
  <is_temp>False</is_temp>
  <is_readonly>True</is_readonly>
  <project_type>Run-From-Zip</project_type>
  <vsproject_id></vsproject_id>
</deployment>