﻿<?xml version="1.0" encoding="utf-8"?>
<deployment>
  <id>238465ea-fa67-438f-9e44-fd59a45332a9</id>
  <author>N/A</author>
  <deployer>OneDeploy</deployer>
  <authorEmail>N/A</authorEmail>
  <message>OneDeploy</message>
  <progress></progress>
  <status>Success</status>
  <statusText></statusText>
  <lastSuccessEndTime>2025-08-30T21:42:53.194087Z</lastSuccessEndTime>
  <receivedTime>2025-08-30T21:42:41.4312714Z</receivedTime>
  <startTime>2025-08-30T21:42:42.8132476Z</startTime>
  <endTime>2025-08-30T21:42:53.194087Z</endTime>
  <complete>True</complete>
  <is_temp>False</is_temp>
  <is_readonly>True</is_readonly>
  <buildSummary />
</deployment>