﻿<?xml version="1.0" encoding="utf-8"?>
<deployment>
  <id>f89933884df8426c925e5950a4a3c8d7</id>
  <author>N/A</author>
  <deployer>OneDeploy</deployer>
  <authorEmail>N/A</authorEmail>
  <message>OneDeploy</message>
  <progress></progress>
  <status>Success</status>
  <statusText></statusText>
  <lastSuccessEndTime>2025-08-29T15:35:13.4997432Z</lastSuccessEndTime>
  <receivedTime>2025-08-29T15:35:12.6200233Z</receivedTime>
  <startTime>2025-08-29T15:35:12.7623798Z</startTime>
  <endTime>2025-08-29T15:35:13.4997432Z</endTime>
  <complete>True</complete>
  <is_temp>False</is_temp>
  <is_readonly>True</is_readonly>
  <project_type>Run-From-Zip</project_type>
  <vsproject_id></vsproject_id>
</deployment>