﻿<?xml version="1.0" encoding="utf-8"?>
<deployment>
  <id>f08ce50f112848cdaef7877787c377fb</id>
  <author>N/A</author>
  <deployer>ZipDeploy</deployer>
  <authorEmail>N/A</authorEmail>
  <message>Created via a push deployment</message>
  <progress></progress>
  <status>Success</status>
  <statusText></statusText>
  <lastSuccessEndTime>2025-08-25T19:03:23.7466082Z</lastSuccessEndTime>
  <receivedTime>2025-08-25T19:03:17.4199787Z</receivedTime>
  <startTime>2025-08-25T19:03:17.6396077Z</startTime>
  <endTime>2025-08-25T19:03:23.7466082Z</endTime>
  <complete>True</complete>
  <is_temp>False</is_temp>
  <is_readonly>True</is_readonly>
  <project_type>BASIC</project_type>
  <vsproject_id></vsproject_id>
</deployment>