﻿<?xml version="1.0" encoding="utf-8"?>
<deployment>
  <id>806bc281d7074180b3134e1ea77b1e8f</id>
  <author>N/A</author>
  <deployer>ZipDeploy</deployer>
  <authorEmail>N/A</authorEmail>
  <message>Created via a push deployment</message>
  <progress></progress>
  <status>Success</status>
  <statusText></statusText>
  <lastSuccessEndTime>2025-08-26T23:13:42.0456371Z</lastSuccessEndTime>
  <receivedTime>2025-08-26T23:13:36.7277387Z</receivedTime>
  <startTime>2025-08-26T23:13:37.0289272Z</startTime>
  <endTime>2025-08-26T23:13:42.0456371Z</endTime>
  <complete>True</complete>
  <is_temp>False</is_temp>
  <is_readonly>True</is_readonly>
  <project_type>BASIC</project_type>
  <vsproject_id></vsproject_id>
</deployment>