﻿<?xml version="1.0" encoding="utf-8"?>
<deployment>
  <id>9a37dbcc-8061-44c9-bc3c-8fb054c47be2</id>
  <author>N/A</author>
  <deployer>OneDeploy</deployer>
  <authorEmail>N/A</authorEmail>
  <message>OneDeploy</message>
  <progress></progress>
  <status>Success</status>
  <statusText></statusText>
  <lastSuccessEndTime>2025-09-08T14:35:36.6297203Z</lastSuccessEndTime>
  <receivedTime>2025-09-08T14:35:30.3004095Z</receivedTime>
  <startTime>2025-09-08T14:35:31.6684441Z</startTime>
  <endTime>2025-09-08T14:35:36.6297203Z</endTime>
  <complete>True</complete>
  <is_temp>False</is_temp>
  <is_readonly>True</is_readonly>
  <buildSummary />
</deployment>