﻿<?xml version="1.0" encoding="utf-8"?>
<deployment>
  <id>723b167155bb44cab5f86f4b08e6cf26</id>
  <author>N/A</author>
  <deployer>OneDeploy</deployer>
  <authorEmail>N/A</authorEmail>
  <message>OneDeploy</message>
  <progress></progress>
  <status>Success</status>
  <statusText></statusText>
  <lastSuccessEndTime>2025-08-29T15:32:41.4378373Z</lastSuccessEndTime>
  <receivedTime>2025-08-29T15:32:40.3909464Z</receivedTime>
  <startTime>2025-08-29T15:32:40.6097506Z</startTime>
  <endTime>2025-08-29T15:32:41.4378373Z</endTime>
  <complete>True</complete>
  <is_temp>False</is_temp>
  <is_readonly>True</is_readonly>
  <project_type>Run-From-Zip</project_type>
  <vsproject_id></vsproject_id>
</deployment>