﻿<?xml version="1.0" encoding="utf-8"?>
<deployment>
  <id>48d6174a-f576-4edd-ab5f-0cc660efd41f</id>
  <author>N/A</author>
  <deployer>OneDeploy</deployer>
  <authorEmail>N/A</authorEmail>
  <message>OneDeploy</message>
  <progress></progress>
  <status>Success</status>
  <statusText></statusText>
  <lastSuccessEndTime>2025-08-30T21:49:15.2923189Z</lastSuccessEndTime>
  <receivedTime>2025-08-30T21:48:54.5606186Z</receivedTime>
  <startTime>2025-08-30T21:48:56.1071503Z</startTime>
  <endTime>2025-08-30T21:49:15.2923189Z</endTime>
  <complete>True</complete>
  <is_temp>False</is_temp>
  <is_readonly>True</is_readonly>
  <buildSummary />
</deployment>