﻿<?xml version="1.0" encoding="utf-8"?>
<deployment>
  <id>68729036b6ef4416961b53d9a4fbca79</id>
  <author>N/A</author>
  <deployer>OneDeploy</deployer>
  <authorEmail>N/A</authorEmail>
  <message>OneDeploy</message>
  <progress></progress>
  <status>Success</status>
  <statusText></statusText>
  <lastSuccessEndTime>2025-08-27T00:33:23.6649848Z</lastSuccessEndTime>
  <receivedTime>2025-08-27T00:33:22.4770925Z</receivedTime>
  <startTime>2025-08-27T00:33:22.6656667Z</startTime>
  <endTime>2025-08-27T00:33:23.6649848Z</endTime>
  <complete>True</complete>
  <is_temp>False</is_temp>
  <is_readonly>True</is_readonly>
  <project_type>Run-From-Zip</project_type>
  <vsproject_id></vsproject_id>
</deployment>