﻿<?xml version="1.0" encoding="utf-8"?>
<deployment>
  <id>267cc2cb-023c-4b6e-a076-5701668fe987</id>
  <author>N/A</author>
  <deployer>OneDeploy</deployer>
  <authorEmail>N/A</authorEmail>
  <message>OneDeploy</message>
  <progress></progress>
  <status>Success</status>
  <statusText></statusText>
  <lastSuccessEndTime>2025-09-08T18:52:23.0090238Z</lastSuccessEndTime>
  <receivedTime>2025-09-08T18:51:58.5803618Z</receivedTime>
  <startTime>2025-09-08T18:51:59.9478659Z</startTime>
  <endTime>2025-09-08T18:52:23.0090238Z</endTime>
  <complete>True</complete>
  <is_temp>False</is_temp>
  <is_readonly>True</is_readonly>
  <buildSummary />
</deployment>