<step title="Incoming Request" date="2025-09-08T16:06:25.748" instance="ad9ceb" url="/api/publish?type=zip" method="POST" type="request" pid="821,1,16" Accept="*/*" Host="241runners-api.scm.azurewebsites.net" User-Agent="AZURECLI/2.76.0 (HOMEBREW)" Accept-Encoding="gzip, deflate" Authorization="Bea..." Cache-Control="no-cache" Content-Type="application/octet-stream" Cookie="ARRAffinity=ad9ceb515c8748b7cb97270621ac42907b31acbad5dca11a4bf0614a2980949a; ARRAffinitySameSite=ad9ceb515c8748b7cb97270621ac42907b31acbad5dca11a4bf0614a2980949a" Content-Length="7073355" x-ms-client-request-id="c024f79a-8ccd-11f0-8f79-5aba6e9e812a" x-ms-artifact-checksum="ed15a290a41b6b24d56925fcd19cf1217b8acd26dd5fe0648def0245e809b79e" X-ARR-LOG-ID="c024f79a-8ccd-11f0-8f79-5aba6e9e812a" CLIENT-IP="97.75.150.69:15507" X-SITE-DEPLOYMENT-ID="241runners-api" WAS-DEFAULT-HOSTNAME="241runners-api.scm.azurewebsites.net" X-Forwarded-Proto="https" X-AppService-Proto="https" X-Forwarded-TlsVersion="1.3" X-WAWS-Unencoded-URL="/api/publish?type=zip" X-Client-IP="97.75.150.69" X-Client-Port="15507" >
  <step title="OneDeploy" date="2025-09-08T16:06:25.796" >
    <step title="None repository commit" date="2025-09-08T16:06:25.809" >
      <step title="Commit id: 6fefe20e-f982-4625-aa6d-b1ac88d0aac3" date="2025-09-08T16:06:25.820" Message="N/A" AuthorName="N/A" AuthorEmail="N/A" /><!-- duration: 4ms -->
    </step><!-- duration: 19ms -->
    <step title="Starting PushDeployAsync" date="2025-09-08T16:06:25.833" /><!-- duration: 4ms -->
    <step title="Writing artifact to /tmp/zipdeploy/2e0060a2-d0b0-41f2-bb22-baa07e1a53e9.zip" date="2025-09-08T16:06:25.856" >
      <step title="Writing multipart request body to /tmp/zipdeploy/2e0060a2-d0b0-41f2-bb22-baa07e1a53e9.zip" date="2025-09-08T16:06:25.861" /><!-- duration: 4ms -->
    </step><!-- duration: 133ms -->
    <step title="Attempting to fetch target branch HEAD" date="2025-09-08T16:06:26.037" /><!-- duration: 4ms -->
    <step title="Acquiring Deployment Lock" date="2025-09-08T16:06:26.046" /><!-- duration: 10ms -->
    <step title="Acquired Deployment Lock" date="2025-09-08T16:06:26.114" /><!-- duration: 6ms -->
    <step title="Performing fetch based deployment" date="2025-09-08T16:06:26.130" >
      <step title="Creating temporary deployment" date="2025-09-08T16:06:26.135" /><!-- duration: 68ms -->
      <step title="Releasing Deployment Lock" date="2025-09-08T16:06:27.371" /><!-- duration: 7ms -->
      <step title="Cleaning up temp folders from previous zip deployments and extracting pushed zip file /tmp/zipdeploy/2e0060a2-d0b0-41f2-bb22-baa07e1a53e9.zip (6.75 MB) to /tmp/zipdeploy/extracted" date="2025-09-08T16:06:27.415" >
        <step title="ChmodRecursive Process exited with total time taken in ms: 240" date="2025-09-08T16:06:27.903" /><!-- duration: 6ms -->
      </step><!-- duration: 499ms -->
      <step title="None repository commit" date="2025-09-08T16:06:27.922" >
        <step title="Commit id: 6fefe20e-f982-4625-aa6d-b1ac88d0aac3" date="2025-09-08T16:06:27.928" Message="OneDeploy" AuthorName="N/A" AuthorEmail="N/A" /><!-- duration: 6ms -->
      </step><!-- duration: 18ms -->
      <step title="Deployment timer started" date="2025-09-08T16:06:29.946" >
        <step title="DeploymentManager.Deploy(id:6fefe20e-f982-4625-aa6d-b1ac88d0aac3)" date="2025-09-08T16:06:29.956" >
          <step title="Collecting changeset information" date="2025-09-08T16:06:29.984" /><!-- duration: 110ms -->
          <step title="Updating submodules" date="2025-09-08T16:06:30.101" /><!-- duration: 1217ms -->
          <step title="Determining deployment builder" date="2025-09-08T16:06:31.593" >
            <step title="Builder is OneDeployBuilder" date="2025-09-08T16:06:31.609" /><!-- duration: 6ms -->
          </step><!-- duration: 28ms -->
          <step title="PreDeployment: context.CleanOutputPath False" date="2025-09-08T16:06:31.667" >
            <step title="PreDeployment: context.OutputPath /home/site/wwwroot" date="2025-09-08T16:06:31.821" >
              <step title="Building" date="2025-09-08T16:06:31.972" >
                <step title="Executing external process" date="2025-09-08T16:06:32.712" type="process" path="starter.sh" arguments="/opt/Kudu/Scripts/parallel_rsync.sh /tmp/zipdeploy/extracted /home/site/wwwroot 8 /tmp/ False False  " /><!-- duration: 4702ms -->
                <step title="Modified file to trigger a restart of the app container." date="2025-09-08T16:06:37.997" /><!-- duration: 4ms -->
                <step title="Skip function trigger and logicapp sync because function is not enabled." date="2025-09-08T16:06:38.010" /><!-- duration: 5ms -->
              </step><!-- duration: 6977ms -->
            </step><!-- duration: 7140ms -->
            <step title="Cleaning up temp files" date="2025-09-08T16:06:38.966" /><!-- duration: 5ms -->
            <step title="Cleaning up temp files" date="2025-09-08T16:06:38.977" /><!-- duration: 506ms -->
            <step title="Reloading status file with latest updates" date="2025-09-08T16:06:39.514" >
              <step title="WebHooksManager.PublishEventAsync: PostDeployment" date="2025-09-08T16:06:39.521" /><!-- duration: 51ms -->
            </step><!-- duration: 63ms -->
            <step title="Cleaning up temporary deployment - fetch deployment was successful" date="2025-09-08T16:06:39.590" /><!-- duration: 4ms -->
          </step><!-- duration: 8013ms -->
        </step><!-- duration: 9736ms -->
        <step title="Outgoing response" date="2025-09-08T16:06:39.704" type="response" statusCode="200" statusText="OK" /><!-- duration: 11ms -->
      </step><!-- duration: 9780ms -->
