<step title="BackgroundTrace" date="2025-09-08T18:19:21.511" instance="ad9ceb" url="/api/zipdeploy" method="POST" >
  <step title="Creating temporary deployment - FetchDeploymentManager" date="2025-09-08T18:19:21.569" /><!-- duration: 3ms -->
  <step title="Creating temporary deployment" date="2025-09-08T18:19:21.577" /><!-- duration: 127ms -->
  <step title="Performing fetch based deployment" date="2025-09-08T18:19:21.746" >
    <step title="Cleaning up temp folders from previous zip deployments and extracting pushed zip file /tmp/zipdeploy/5541c78b-7b28-4e06-b3a4-fee03d0b51e8.zip (6.83 MB) to /tmp/zipdeploy/extracted" date="2025-09-08T18:19:22.930" >
      <step title="ChmodRecursive Process exited with total time taken in ms: 52" date="2025-09-08T18:19:23.529" /><!-- duration: 5ms -->
    </step><!-- duration: 614ms -->
    <step title="Deployment timer started" date="2025-09-08T18:19:26.325" >
      <step title="DeploymentManager.Deploy(id:89fa5f39-d323-4083-a6f5-33a522da7eb8)" date="2025-09-08T18:19:26.381" >
        <step title="Collecting changeset information" date="2025-09-08T18:19:26.401" /><!-- duration: 124ms -->
        <step title="Updating submodules" date="2025-09-08T18:19:26.531" /><!-- duration: 1145ms -->
        <step title="Determining deployment builder" date="2025-09-08T18:19:27.990" >
          <step title="Builder is BasicBuilder" date="2025-09-08T18:19:28.003" /><!-- duration: 5ms -->
        </step><!-- duration: 24ms -->
        <step title="PreDeployment: context.CleanOutputPath False" date="2025-09-08T18:19:28.085" >
          <step title="PreDeployment: context.OutputPath /home/site/wwwroot" date="2025-09-08T18:19:28.280" >
            <step title="Building" date="2025-09-08T18:19:28.432" >
              <step title="Executing external process" date="2025-09-08T18:19:29.566" type="process" path="starter.sh" arguments="/opt/Kudu/Scripts/parallel_rsync.sh /tmp/zipdeploy/extracted /home/site/wwwroot 8 /tmp/ False True  " /><!-- duration: 5527ms -->
              <step title="Triggering recycle (preview mode disabled)." date="2025-09-08T18:19:35.461" /><!-- duration: 6ms -->
              <step title="Modified file to trigger a restart of the app container." date="2025-09-08T18:19:35.509" /><!-- duration: 3ms -->
              <step title="Skip function trigger and logicapp sync because function is not enabled." date="2025-09-08T18:19:35.516" /><!-- duration: 4ms -->
            </step><!-- duration: 8309ms -->
          </step><!-- duration: 8473ms -->
          <step title="Cleaning up temp files" date="2025-09-08T18:19:36.760" /><!-- duration: 10ms -->
          <step title="Cleaning up temp files" date="2025-09-08T18:19:36.775" /><!-- duration: 512ms -->
          <step title="Reloading status file with latest updates" date="2025-09-08T18:19:37.345" >
            <step title="WebHooksManager.PublishEventAsync: PostDeployment" date="2025-09-08T18:19:37.350" /><!-- duration: 44ms -->
          </step><!-- duration: 54ms -->
          <step title="Cleaning up temporary deployment - fetch deployment was successful" date="2025-09-08T18:19:37.426" /><!-- duration: 3ms -->
        </step><!-- duration: 9430ms -->
      </step><!-- duration: 11156ms -->
