<step title="Incoming Request" date="2025-09-08T14:24:55.842" instance="ad9ceb" url="/api/publish?type=zip" method="POST" type="request" pid="821,1,5" Accept="*/*" Host="241runners-api.scm.azurewebsites.net" User-Agent="AZURECLI/2.76.0 (HOMEBREW)" Accept-Encoding="gzip, deflate" Authorization="Bea..." Cache-Control="no-cache" Content-Type="application/octet-stream" Content-Length="6890389" x-ms-client-request-id="6ee39b7e-8cbf-11f0-80bb-5aba6e9e812a" x-ms-artifact-checksum="518277c5ddc92141bcc3ba200bf0e6bf2b12b4bef0f8443da124550f1d4f97a8" X-ARR-LOG-ID="6ee39b7e-8cbf-11f0-80bb-5aba6e9e812a" CLIENT-IP="97.75.150.69:15385" X-SITE-DEPLOYMENT-ID="241runners-api" WAS-DEFAULT-HOSTNAME="241runners-api.scm.azurewebsites.net" X-Forwarded-Proto="https" X-AppService-Proto="https" X-Forwarded-TlsVersion="1.3" X-WAWS-Unencoded-URL="/api/publish?type=zip" X-Client-IP="97.75.150.69" X-Client-Port="15385" >
  <step title="OneDeploy" date="2025-09-08T14:24:56.077" >
    <step title="None repository commit" date="2025-09-08T14:24:56.091" >
      <step title="Commit id: 99e7f043-53a6-461b-906d-af259f7b6b72" date="2025-09-08T14:24:56.099" Message="N/A" AuthorName="N/A" AuthorEmail="N/A" /><!-- duration: 4ms -->
    </step><!-- duration: 17ms -->
    <step title="Starting PushDeployAsync" date="2025-09-08T14:24:56.112" /><!-- duration: 4ms -->
    <step title="Writing artifact to /tmp/zipdeploy/846c4541-2019-436c-87f8-2aaadc9a8b42.zip" date="2025-09-08T14:24:56.140" >
      <step title="Writing multipart request body to /tmp/zipdeploy/846c4541-2019-436c-87f8-2aaadc9a8b42.zip" date="2025-09-08T14:24:56.145" /><!-- duration: 4ms -->
    </step><!-- duration: 71ms -->
    <step title="Attempting to fetch target branch HEAD" date="2025-09-08T14:24:56.283" /><!-- duration: 8ms -->
    <step title="Acquiring Deployment Lock" date="2025-09-08T14:24:56.299" /><!-- duration: 5ms -->
    <step title="Acquired Deployment Lock" date="2025-09-08T14:24:56.405" /><!-- duration: 4ms -->
    <step title="Performing fetch based deployment" date="2025-09-08T14:24:56.418" >
      <step title="Creating temporary deployment" date="2025-09-08T14:24:56.424" /><!-- duration: 223ms -->
      <step title="Releasing Deployment Lock" date="2025-09-08T14:24:57.974" /><!-- duration: 8ms -->
      <step title="Cleaning up temp folders from previous zip deployments and extracting pushed zip file /tmp/zipdeploy/846c4541-2019-436c-87f8-2aaadc9a8b42.zip (6.57 MB) to /tmp/zipdeploy/extracted" date="2025-09-08T14:24:58.031" >
        <step title="ChmodRecursive Process exited with total time taken in ms: 160" date="2025-09-08T14:24:58.704" /><!-- duration: 7ms -->
      </step><!-- duration: 685ms -->
      <step title="None repository commit" date="2025-09-08T14:24:58.721" >
        <step title="Commit id: 99e7f043-53a6-461b-906d-af259f7b6b72" date="2025-09-08T14:24:58.729" Message="OneDeploy" AuthorName="N/A" AuthorEmail="N/A" /><!-- duration: 3ms -->
      </step><!-- duration: 15ms -->
      <step title="Deployment timer started" date="2025-09-08T14:25:00.742" >
        <step title="DeploymentManager.Deploy(id:99e7f043-53a6-461b-906d-af259f7b6b72)" date="2025-09-08T14:25:00.749" >
          <step title="Collecting changeset information" date="2025-09-08T14:25:00.769" /><!-- duration: 104ms -->
          <step title="Updating submodules" date="2025-09-08T14:25:00.880" /><!-- duration: 1132ms -->
          <step title="Determining deployment builder" date="2025-09-08T14:25:02.294" >
            <step title="Builder is OneDeployBuilder" date="2025-09-08T14:25:02.306" /><!-- duration: 4ms -->
          </step><!-- duration: 19ms -->
          <step title="PreDeployment: context.CleanOutputPath False" date="2025-09-08T14:25:02.359" >
            <step title="PreDeployment: context.OutputPath /home/site/wwwroot" date="2025-09-08T14:25:02.504" >
              <step title="Building" date="2025-09-08T14:25:02.671" >
                <step title="Executing external process" date="2025-09-08T14:25:03.277" type="process" path="starter.sh" arguments="/opt/Kudu/Scripts/parallel_rsync.sh /tmp/zipdeploy/extracted /home/site/wwwroot 8 /tmp/ False False  " /><!-- duration: 4042ms -->
                <step title="Modified file to trigger a restart of the app container." date="2025-09-08T14:25:07.841" /><!-- duration: 5ms -->
                <step title="Skip function trigger and logicapp sync because function is not enabled." date="2025-09-08T14:25:07.850" /><!-- duration: 3ms -->
              </step><!-- duration: 5956ms -->
            </step><!-- duration: 6140ms -->
            <step title="Cleaning up temp files" date="2025-09-08T14:25:08.647" /><!-- duration: 7ms -->
            <step title="Cleaning up temp files" date="2025-09-08T14:25:08.658" /><!-- duration: 504ms -->
            <step title="Reloading status file with latest updates" date="2025-09-08T14:25:09.193" >
              <step title="WebHooksManager.PublishEventAsync: PostDeployment" date="2025-09-08T14:25:09.204" /><!-- duration: 66ms -->
            </step><!-- duration: 84ms -->
            <step title="Cleaning up temporary deployment - fetch deployment was successful" date="2025-09-08T14:25:09.290" /><!-- duration: 12ms -->
          </step><!-- duration: 7027ms -->
        </step><!-- duration: 8644ms -->
        <step title="Outgoing response" date="2025-09-08T14:25:09.407" type="response" statusCode="200" statusText="OK" /><!-- duration: 4ms -->
      </step><!-- duration: 8673ms -->
