<step title="Incoming Request" date="2025-09-08T23:01:30.119" instance="93ec31" url="/api/publish?type=zip" method="POST" type="request" pid="801,1,14" Accept="*/*" Host="241runners-api.scm.azurewebsites.net" User-Agent="AZURECLI/2.76.0 (HOMEBREW)" Accept-Encoding="gzip, deflate" Authorization="Bea..." Cache-Control="no-cache" Content-Type="application/octet-stream" Cookie="ARRAffinity=93ec31e1a33d787308b32dd4ce9024d0a491ad82d9245b74f0d4b584a8f7f7d0; ARRAffinitySameSite=93ec31e1a33d787308b32dd4ce9024d0a491ad82d9245b74f0d4b584a8f7f7d0" Content-Length="6957901" x-ms-client-request-id="bd83c95a-8d07-11f0-a257-5aba6e9e812a" x-ms-artifact-checksum="b2142abc148055333eadfe732c8c7a85a6d84930f2f64b470fd00dc37e24f13c" X-ARR-LOG-ID="bd83c95a-8d07-11f0-a257-5aba6e9e812a" CLIENT-IP="97.75.150.69:15409" X-SITE-DEPLOYMENT-ID="241runners-api" WAS-DEFAULT-HOSTNAME="241runners-api.scm.azurewebsites.net" X-Forwarded-Proto="https" X-AppService-Proto="https" X-Forwarded-TlsVersion="1.3" X-WAWS-Unencoded-URL="/api/publish?type=zip" X-Client-IP="97.75.150.69" X-Client-Port="15409" >
  <step title="OneDeploy" date="2025-09-08T23:01:30.158" >
    <step title="None repository commit" date="2025-09-08T23:01:30.170" >
      <step title="Commit id: 6c92d7cf-8df8-456f-a90f-33ce8868a142" date="2025-09-08T23:01:30.175" Message="N/A" AuthorName="N/A" AuthorEmail="N/A" /><!-- duration: 5ms -->
    </step><!-- duration: 15ms -->
    <step title="Starting PushDeployAsync" date="2025-09-08T23:01:30.189" /><!-- duration: 5ms -->
    <step title="Writing artifact to /tmp/zipdeploy/44517433-e337-4071-a7c7-4e0ef65966dc.zip" date="2025-09-08T23:01:30.209" >
      <step title="Writing multipart request body to /tmp/zipdeploy/44517433-e337-4071-a7c7-4e0ef65966dc.zip" date="2025-09-08T23:01:30.216" /><!-- duration: 9ms -->
    </step><!-- duration: 181ms -->
    <step title="Attempting to fetch target branch HEAD" date="2025-09-08T23:01:30.410" /><!-- duration: 4ms -->
    <step title="Acquiring Deployment Lock" date="2025-09-08T23:01:30.418" /><!-- duration: 4ms -->
    <step title="Acquired Deployment Lock" date="2025-09-08T23:01:30.477" /><!-- duration: 4ms -->
    <step title="Performing fetch based deployment" date="2025-09-08T23:01:30.491" >
      <step title="Creating temporary deployment" date="2025-09-08T23:01:30.496" /><!-- duration: 86ms -->
      <step title="Releasing Deployment Lock" date="2025-09-08T23:01:31.768" /><!-- duration: 6ms -->
      <step title="Cleaning up temp folders from previous zip deployments and extracting pushed zip file /tmp/zipdeploy/44517433-e337-4071-a7c7-4e0ef65966dc.zip (6.64 MB) to /tmp/zipdeploy/extracted" date="2025-09-08T23:01:31.807" >
        <step title="ChmodRecursive Process exited with total time taken in ms: 126" date="2025-09-08T23:01:32.069" /><!-- duration: 4ms -->
      </step><!-- duration: 271ms -->
      <step title="None repository commit" date="2025-09-08T23:01:32.082" >
        <step title="Commit id: 6c92d7cf-8df8-456f-a90f-33ce8868a142" date="2025-09-08T23:01:32.087" Message="OneDeploy" AuthorName="N/A" AuthorEmail="N/A" /><!-- duration: 4ms -->
      </step><!-- duration: 13ms -->
      <step title="Deployment timer started" date="2025-09-08T23:01:34.102" >
        <step title="DeploymentManager.Deploy(id:6c92d7cf-8df8-456f-a90f-33ce8868a142)" date="2025-09-08T23:01:34.109" >
          <step title="Collecting changeset information" date="2025-09-08T23:01:34.133" /><!-- duration: 118ms -->
          <step title="Updating submodules" date="2025-09-08T23:01:34.259" /><!-- duration: 1177ms -->
          <step title="Determining deployment builder" date="2025-09-08T23:01:35.694" >
            <step title="Builder is OneDeployBuilder" date="2025-09-08T23:01:35.713" /><!-- duration: 5ms -->
          </step><!-- duration: 28ms -->
          <step title="PreDeployment: context.CleanOutputPath False" date="2025-09-08T23:01:35.772" >
            <step title="PreDeployment: context.OutputPath /home/site/wwwroot" date="2025-09-08T23:01:35.914" >
              <step title="Building" date="2025-09-08T23:01:36.099" >
                <step title="Executing external process" date="2025-09-08T23:01:36.612" type="process" path="starter.sh" arguments="/opt/Kudu/Scripts/parallel_rsync.sh /tmp/zipdeploy/extracted /home/site/wwwroot 8 /tmp/ False False  " /><!-- duration: 2466ms -->
                <step title="Modified file to trigger a restart of the app container." date="2025-09-08T23:01:39.659" /><!-- duration: 4ms -->
                <step title="Skip function trigger and logicapp sync because function is not enabled." date="2025-09-08T23:01:39.668" /><!-- duration: 4ms -->
                <step title="Purge deployment items" date="2025-09-08T23:01:40.865" >
                  <step title="Remove 6fefe20e-, Success, received at 09/08/2025 16:06:30" date="2025-09-08T23:01:40.935" /><!-- duration: 4ms -->
                </step><!-- duration: 78ms -->
              </step><!-- duration: 4917ms -->
            </step><!-- duration: 5117ms -->
            <step title="Cleaning up temp files" date="2025-09-08T23:01:41.036" /><!-- duration: 6ms -->
            <step title="Cleaning up temp files" date="2025-09-08T23:01:41.048" /><!-- duration: 514ms -->
            <step title="Reloading status file with latest updates" date="2025-09-08T23:01:41.608" >
              <step title="WebHooksManager.PublishEventAsync: PostDeployment" date="2025-09-08T23:01:41.614" /><!-- duration: 66ms -->
            </step><!-- duration: 78ms -->
            <step title="Cleaning up temporary deployment - fetch deployment was successful" date="2025-09-08T23:01:41.696" /><!-- duration: 4ms -->
          </step><!-- duration: 6020ms -->
        </step><!-- duration: 7695ms -->
        <step title="Outgoing response" date="2025-09-08T23:01:41.818" type="response" statusCode="200" statusText="OK" /><!-- duration: 4ms -->
      </step><!-- duration: 7725ms -->
