﻿<?xml version="1.0" encoding="utf-8"?>
<deployment>
  <id>5ff6f3f4b7484173911f34a8ace8b37e</id>
  <author>N/A</author>
  <deployer>ZipDeploy</deployer>
  <authorEmail>N/A</authorEmail>
  <message>Created via a push deployment</message>
  <progress></progress>
  <status>Success</status>
  <statusText></statusText>
  <lastSuccessEndTime>2025-08-25T17:11:03.6366337Z</lastSuccessEndTime>
  <receivedTime>2025-08-25T17:10:55.1486901Z</receivedTime>
  <startTime>2025-08-25T17:10:55.4455141Z</startTime>
  <endTime>2025-08-25T17:11:03.6366337Z</endTime>
  <complete>True</complete>
  <is_temp>False</is_temp>
  <is_readonly>True</is_readonly>
  <project_type>BASIC</project_type>
  <vsproject_id></vsproject_id>
</deployment>