﻿<?xml version="1.0" encoding="utf-8"?>
<deployment>
  <id>5d39777987504ff8a76da04068199315</id>
  <author>N/A</author>
  <deployer>OneDeploy</deployer>
  <authorEmail>N/A</authorEmail>
  <message>OneDeploy</message>
  <progress></progress>
  <status>Success</status>
  <statusText></statusText>
  <lastSuccessEndTime>2025-08-25T19:13:53.208544Z</lastSuccessEndTime>
  <receivedTime>2025-08-25T19:13:47.239751Z</receivedTime>
  <startTime>2025-08-25T19:13:47.4761284Z</startTime>
  <endTime>2025-08-25T19:13:53.208544Z</endTime>
  <complete>True</complete>
  <is_temp>False</is_temp>
  <is_readonly>True</is_readonly>
  <project_type>OneDeploy</project_type>
  <vsproject_id></vsproject_id>
</deployment>