﻿<?xml version="1.0" encoding="utf-8"?>
<deployment>
  <id>67751d17300845cc8f5226c72c1da8a0</id>
  <author>N/A</author>
  <deployer>OneDeploy</deployer>
  <authorEmail>N/A</authorEmail>
  <message>OneDeploy</message>
  <progress></progress>
  <status>Success</status>
  <statusText></statusText>
  <lastSuccessEndTime>2025-08-29T15:00:28.8565065Z</lastSuccessEndTime>
  <receivedTime>2025-08-29T15:00:27.8877498Z</receivedTime>
  <startTime>2025-08-29T15:00:28.07525Z</startTime>
  <endTime>2025-08-29T15:00:28.8565065Z</endTime>
  <complete>True</complete>
  <is_temp>False</is_temp>
  <is_readonly>True</is_readonly>
  <project_type>Run-From-Zip</project_type>
  <vsproject_id></vsproject_id>
</deployment>