﻿<?xml version="1.0" encoding="utf-8"?>
<deployment>
  <id>8f051d39-77fa-4c13-88c6-2e0d2c6eb9b2</id>
  <author>N/A</author>
  <deployer>OneDeploy</deployer>
  <authorEmail>N/A</authorEmail>
  <message>OneDeploy</message>
  <progress></progress>
  <status>Success</status>
  <statusText></statusText>
  <lastSuccessEndTime>2025-09-08T15:54:24.4208016Z</lastSuccessEndTime>
  <receivedTime>2025-09-08T15:54:13.9565853Z</receivedTime>
  <startTime>2025-09-08T15:54:15.3606687Z</startTime>
  <endTime>2025-09-08T15:54:24.4208016Z</endTime>
  <complete>True</complete>
  <is_temp>False</is_temp>
  <is_readonly>True</is_readonly>
  <buildSummary />
</deployment>