<step title="Incoming Request" date="2025-08-27T00:19:27.977" instance="7788a4" url="/api/zipdeploy?isAsync=true" method="POST" type="request" pid="3944,2,8" Cache-Control="no-cache" Connection="Keep-Alive" Content-Length="25576274" Content-Type="application/octet-stream" Accept="*/*" Accept-Encoding="gzip, deflate" Authorization="Bea..." Host="241runnersawareness-api.scm.azurewebsites.net" User-Agent="AZURECLI/2.76.0 (MSI)" x-ms-client-request-id="7883181b-82db-11f0-8b04-f057a69bc617" X-ARR-LOG-ID="7883181b-82db-11f0-8b04-f057a69bc617" CLIENT-IP="97.75.150.66:38494" X-SITE-DEPLOYMENT-ID="241runnersawareness-api" WAS-DEFAULT-HOSTNAME="241runnersawareness-api.scm.azurewebsites.net" X-Forwarded-Proto="https" X-AppService-Proto="https" X-Forwarded-TlsVersion="1.3" X-WAWS-Unencoded-URL="/api/zipdeploy?isAsync=true" X-MS-COLDSTART="1" >
  <step title="ZipPushDeploy" date="2025-08-27T00:19:28.822" >
    <step title="ZipDeploy. Run from package." date="2025-08-27T00:19:28.914" /><!-- duration: 0ms -->
    <step title="Starting PushDeployAsync" date="2025-08-27T00:19:28.932" /><!-- duration: 13ms -->
    <step title="Updating shutdown sentinel last write time" date="2025-08-27T00:19:29.164" SemaphoreCount="7" /><!-- duration: 19ms -->
    <step title="LockFile &apos;C:\home\site\locks\deployments.lock&apos; acquired" date="2025-08-27T00:19:29.213" /><!-- duration: 0ms -->
    <step title="Saving request content to C:\home\data\SitePackages\20250827001928.zip" date="2025-08-27T00:19:29.227" >
      <step title="Total 25,576,274 bytes written to C:\home\data\SitePackages\20250827001928.zip" date="2025-08-27T00:19:31.402" /><!-- duration: 0ms -->
    </step><!-- duration: 2425ms -->
    <step title="LockFile &apos;C:\home\site\locks\deployments.lock&apos; released" date="2025-08-27T00:19:31.668" /><!-- duration: 0ms -->
    <step title="Deleting shutdown sentinel file" date="2025-08-27T00:19:31.683" SemaphoreCount="8" /><!-- duration: 0ms -->
    <step title="Starting FetchDeploy" date="2025-08-27T00:19:31.698" /><!-- duration: 0ms -->
    <step title="Start deployment in the background" date="2025-08-27T00:19:31.698" /><!-- duration: 120ms -->
  </step><!-- duration: 3008ms -->
  <step title="Outgoing response" date="2025-08-27T00:19:31.939" type="response" statusCode="202" statusText="Accepted" Server="Microsoft-IIS/10.0" x-ms-request-id="7883181b-82db-11f0-8b04-f057a69bc617" Retry-After="30" Cache-Control="private" X-AspNet-Version="4.0.30319" Location="https://241runnersawareness-api.scm.azurewebsites.net/api/deployments/latest?deployer=ZipDeploy&amp;time=2025-08-27_00-19-31Z" /><!-- duration: 20ms -->
</step><!-- duration: 3993ms -->
