<step title="BackgroundTrace" date="2025-08-28T23:05:31.460" instance="7788a4" url="/api/publish" method="POST" >
  <step title="Updating shutdown sentinel last write time" date="2025-08-28T23:05:31.495" SemaphoreCount="7" /><!-- duration: 12ms -->
  <step title="LockFile &apos;C:\home\site\locks\deployments.lock&apos; acquired" date="2025-08-28T23:05:31.507" /><!-- duration: 0ms -->
  <step title="Creating temporary deployment" date="2025-08-28T23:05:31.507" /><!-- duration: 47ms -->
  <step title="Performing fetch based deployment" date="2025-08-28T23:05:31.570" >
    <step title="Fetching changes." date="2025-08-28T23:05:31.728" /><!-- duration: 30ms -->
    <step title="Starting LocalZipHandler" date="2025-08-28T23:05:31.778" /><!-- duration: 57ms -->
    <step title="Starting ExtractTriggers" date="2025-08-28T23:05:31.867" /><!-- duration: 31ms -->
    <step title="Before sending BuildRequestReceived status to /api/updatedeploystatus" date="2025-08-28T23:05:31.946" /><!-- duration: 0ms -->
    <step title="DeploymentManager.Deploy(id:ed24cb40ac6a4d77a8c2926d75148b20)" date="2025-08-28T23:05:31.976" >
      <step title="Collecting changeset information" date="2025-08-28T23:05:31.997" /><!-- duration: 42ms -->
      <step title="Updating submodules" date="2025-08-28T23:05:32.057" >
        <step title="Updating submodules." date="2025-08-28T23:05:32.351" /><!-- duration: 0ms -->
      </step><!-- duration: 294ms -->
      <step title="Preparing deployment for commit id &apos;ed24cb40ac&apos;." date="2025-08-28T23:05:32.414" /><!-- duration: 0ms -->
      <step title="Determining deployment builder" date="2025-08-28T23:05:32.445" >
        <step title="Builder is RunFromZipSiteBuilder" date="2025-08-28T23:05:32.445" /><!-- duration: 16ms -->
      </step><!-- duration: 16ms -->
      <step title="Copying SSH keys" date="2025-08-28T23:05:32.476" /><!-- duration: 16ms -->
      <step title="Building" date="2025-08-28T23:05:32.492" >
        <step title="Skipping build. Project type: Run-From-Zip" date="2025-08-28T23:05:32.523" /><!-- duration: 0ms -->
        <step title="Skipping post build. Project type: Run-From-Zip" date="2025-08-28T23:05:32.554" /><!-- duration: 0ms -->
        <step title="Requesting site restart" date="2025-08-28T23:05:32.601" /><!-- duration: 0ms -->
        <step title="Requesting site restart" date="2025-08-28T23:05:32.601" /><!-- duration: 16ms -->
        <step title="Requesting site restart. Attempt #1" date="2025-08-28T23:05:32.664" /><!-- duration: 0ms -->
        <step title="Requesting site restart. Attempt #1" date="2025-08-28T23:05:32.664" /><!-- duration: 16ms -->
        <step title="Successfully requested a restart. Attempt #1" date="2025-08-28T23:05:33.117" /><!-- duration: 0ms -->
        <step title="Successfully requested a restart. Attempt #1" date="2025-08-28T23:05:33.117" /><!-- duration: 0ms -->
        <step title="Deployment successful. DEPLOYMENTINFO: deploymentPath = OneDeploy, deployer = OneDeploy, os = windows, sku = Basic, siteName = 241runnersawareness-api, siteHostName = 241runnersawareness-api.azurewebsites.net, deploymentStatus = Success" date="2025-08-28T23:05:33.164" /><!-- duration: 0ms -->
        <step title="Purge deployment items" date="2025-08-28T23:05:33.320" >
          <step title="Remove 28d7b624d, Success, received at 8/27/2025 12:28:56 AM" date="2025-08-28T23:05:33.382" /><!-- duration: 0ms -->
        </step><!-- duration: 78ms -->
      </step><!-- duration: 922ms -->
    </step><!-- duration: 1437ms -->
    <step title="Cleaning up temp files" date="2025-08-28T23:05:33.414" /><!-- duration: 0ms -->
    <step title="Updating C:\home\data\SitePackages\packagename.txt with deployment 20250828230529.zip" date="2025-08-28T23:05:33.429" /><!-- duration: 69ms -->
    <step title="Skip function trigger and logicapp sync because function is not enabled." date="2025-08-28T23:05:33.498" /><!-- duration: 0ms -->
  </step><!-- duration: 1959ms -->
  <step title="LockFile &apos;C:\home\site\locks\deployments.lock&apos; released" date="2025-08-28T23:05:33.529" /><!-- duration: 16ms -->
  <step title="Deleting shutdown sentinel file" date="2025-08-28T23:05:33.547" SemaphoreCount="8" /><!-- duration: 0ms -->
</step><!-- duration: 2087ms -->
