<step title="Incoming Request" date="2025-08-25T19:13:40.314" instance="7788a4" url="/api/publish?type=zip" method="POST" type="request" pid="652,2,31" Cache-Control="no-cache" Content-Length="25536716" Content-Type="application/octet-stream" Accept="*/*" Accept-Encoding="gzip, deflate" Authorization="Bea..." Host="241runnersawareness-api.scm.azurewebsites.net" User-Agent="AZURECLI/2.76.0 (MSI)" x-ms-client-request-id="99178c99-81e7-11f0-8722-f057a69bc617" X-ARR-LOG-ID="99178c99-81e7-11f0-8722-f057a69bc617" CLIENT-IP="97.75.150.66:38586" X-SITE-DEPLOYMENT-ID="241runnersawareness-api" WAS-DEFAULT-HOSTNAME="241runnersawareness-api.scm.azurewebsites.net" X-Forwarded-Proto="https" X-AppService-Proto="https" X-Forwarded-TlsVersion="1.3" X-WAWS-Unencoded-URL="/api/publish?type=zip" >
  <step title="Cleanup Xml Logs" date="2025-08-25T19:13:40.314" /><!-- duration: 0ms -->
  <step title="OneDeploy" date="2025-08-25T19:13:40.394" >
    <step title="Starting PushDeployAsync" date="2025-08-25T19:13:40.404" /><!-- duration: 0ms -->
    <step title="Updating shutdown sentinel last write time" date="2025-08-25T19:13:40.435" SemaphoreCount="7" /><!-- duration: 0ms -->
    <step title="LockFile &apos;C:\home\site\locks\deployments.lock&apos; acquired" date="2025-08-25T19:13:40.451" /><!-- duration: 16ms -->
    <step title="Saving request content to C:\local\Temp\zipdeploy\urptczgt.zip" date="2025-08-25T19:13:40.467" >
      <step title="Total 25,536,716 bytes written to C:\local\Temp\zipdeploy\urptczgt.zip" date="2025-08-25T19:13:42.833" /><!-- duration: 17ms -->
    </step><!-- duration: 2383ms -->
    <step title="LockFile &apos;C:\home\site\locks\deployments.lock&apos; released" date="2025-08-25T19:13:42.864" /><!-- duration: 0ms -->
    <step title="Deleting shutdown sentinel file" date="2025-08-25T19:13:42.864" SemaphoreCount="8" /><!-- duration: 0ms -->
    <step title="Starting FetchDeploy" date="2025-08-25T19:13:42.864" /><!-- duration: 16ms -->
    <step title="Attempting to fetch target branch HEAD" date="2025-08-25T19:13:42.880" /><!-- duration: 16ms -->
    <step title="Updating shutdown sentinel last write time" date="2025-08-25T19:13:42.927" SemaphoreCount="7" /><!-- duration: 0ms -->
    <step title="LockFile &apos;C:\home\site\locks\deployments.lock&apos; acquired" date="2025-08-25T19:13:42.942" /><!-- duration: 0ms -->
    <step title="Performing fetch based deployment" date="2025-08-25T19:13:42.942" >
      <step title="Creating temporary deployment" date="2025-08-25T19:13:42.942" /><!-- duration: 31ms -->
      <step title="Fetching changes." date="2025-08-25T19:13:43.020" /><!-- duration: 0ms -->
      <step title="Starting LocalZipHandler" date="2025-08-25T19:13:43.052" /><!-- duration: 20ms -->
      <step title="Starting LocalZipFetch" date="2025-08-25T19:13:43.083" /><!-- duration: 20ms -->
      <step title="Cleaning up temp folders from previous zip deployments and extracting pushed zip file C:\local\Temp\zipdeploy\urptczgt.zip (24.35 MB) to C:\local\Temp\zipdeploy\extracted" date="2025-08-25T19:13:43.103" /><!-- duration: 12ms -->
      <step title="Cleaning up temp folders from previous zip deployments and extracting pushed zip file C:\local\Temp\zipdeploy\urptczgt.zip (24.35 MB) to C:\local\Temp\zipdeploy\extracted" date="2025-08-25T19:13:43.114" >
        <step title="Renaming extractTargetDirectory(C:\local\Temp\zipdeploy\extracted) to tempDirectory(C:\local\Temp\zipdeploy\pixmfzsi.0hw)" date="2025-08-25T19:13:43.114" /><!-- duration: 16ms -->
        <step title="Extracting 169 entries to C:\local\Temp\zipdeploy\extracted directory" date="2025-08-25T19:13:43.130" >
          <step title="Extracting to C:\local\Temp\zipdeploy\extracted\logs\deployments\latest.json ..." date="2025-08-25T19:13:43.335" /><!-- duration: 20ms -->
          <step title="Extracting to C:\local\Temp\zipdeploy\extracted\publish\241RunnersAwareness.BackendAPI.deps.json ..." date="2025-08-25T19:13:43.365" /><!-- duration: 0ms -->
          <step title="Extracting to C:\local\Temp\zipdeploy\extracted\publish\241RunnersAwareness.BackendAPI.runtimeconfig.json ..." date="2025-08-25T19:13:43.385" /><!-- duration: 11ms -->
          <step title="Extracting to C:\local\Temp\zipdeploy\extracted\publish\241RunnersAwareness.BackendAPI.staticwebassets.endpoints.json ..." date="2025-08-25T19:13:43.395" /><!-- duration: 19ms -->
          <step title="Extracting to C:\local\Temp\zipdeploy\extracted\publish\appsettings.Development.json ..." date="2025-08-25T19:13:43.415" /><!-- duration: 12ms -->
          <step title="Omitting extracting file traces ..." date="2025-08-25T19:13:43.445" /><!-- duration: 0ms -->
        </step><!-- duration: 4004ms -->
      </step><!-- duration: 4050ms -->
      <step title="None repository commit" date="2025-08-25T19:13:47.164" >
        <step title="Commit id: 5d39777987504ff8a76da04068199315" date="2025-08-25T19:13:47.177" Message="OneDeploy" AuthorName="N/A" AuthorEmail="N/A" /><!-- duration: 17ms -->
      </step><!-- duration: 30ms -->
      <step title="Before sending BuildRequestReceived status to /api/updatedeploystatus" date="2025-08-25T19:13:47.214" /><!-- duration: 10ms -->
      <step title="DeploymentManager.Deploy(id:5d39777987504ff8a76da04068199315)" date="2025-08-25T19:13:47.224" >
        <step title="Collecting changeset information" date="2025-08-25T19:13:47.224" /><!-- duration: 62ms -->
        <step title="Updating submodules" date="2025-08-25T19:13:47.302" >
          <step title="Updating submodules." date="2025-08-25T19:13:47.349" /><!-- duration: 0ms -->
        </step><!-- duration: 62ms -->
        <step title="Preparing deployment for commit id &apos;5d39777987&apos;." date="2025-08-25T19:13:47.427" /><!-- duration: 0ms -->
        <step title="Determining deployment builder" date="2025-08-25T19:13:47.506" >
          <step title="Builder is OneDeployBuilder" date="2025-08-25T19:13:47.506" /><!-- duration: 20ms -->
        </step><!-- duration: 20ms -->
        <step title="Copying SSH keys" date="2025-08-25T19:13:47.552" /><!-- duration: 0ms -->
        <step title="Building" date="2025-08-25T19:13:47.552" >
          <step title="Running build. Project type: OneDeploy" date="2025-08-25T19:13:47.614" /><!-- duration: 0ms -->
          <step title="Copying the manifest" date="2025-08-25T19:13:47.692" /><!-- duration: 0ms -->
          <step title="Clean deploying to C:\home\site\wwwroot" date="2025-08-25T19:13:47.789" /><!-- duration: 13ms -->
          <step title="Generating deployment script." date="2025-08-25T19:13:47.900" /><!-- duration: 12ms -->
          <step title="Generating deployment script" date="2025-08-25T19:13:47.930" >
            <step title="Using cached version of the deployment script for command: -y --no-dot-deployment -r &quot;C:\local\Temp\zipdeploy\extracted&quot; -o &quot;C:\home\site\deployments\tools&quot; --basic --sitePath &quot;C:\local\Temp\zipdeploy\extracted&quot;" date="2025-08-25T19:13:47.942" /><!-- duration: 16ms -->
            <step title="Using cached version of deployment script (command: &apos;azure -y --no-dot-deployment -r &quot;C:\local\Temp\zipdeploy\extracted&quot; -o &quot;C:\home\site\deployments\tools&quot; --basic --sitePath &quot;C:\local\Temp\zipdeploy\extracted&quot;&apos;)." date="2025-08-25T19:13:47.974" /><!-- duration: 0ms -->
          </step><!-- duration: 60ms -->
          <step title="Running deployment command..." date="2025-08-25T19:13:48.021" /><!-- duration: 0ms -->
          <step title="Command: &quot;C:\home\site\deployments\tools\deploy.cmd&quot;" date="2025-08-25T19:13:48.052" /><!-- duration: 0ms -->
          <step title="Executing external process" date="2025-08-25T19:13:48.067" type="process" path="starter.cmd" arguments="&quot;C:\home\site\deployments\tools\deploy.cmd&quot;" >
            <step title="Handling Basic Web Site deployment." date="2025-08-25T19:13:48.583" /><!-- duration: 19ms -->
            <step title="Creating app_offline.htm" date="2025-08-25T19:13:50.208" /><!-- duration: 0ms -->
            <step title="KuduSync.NET from: &apos;C:\local\Temp\zipdeploy\extracted&apos; to: &apos;C:\home\site\wwwroot&apos;" date="2025-08-25T19:13:50.243" /><!-- duration: 12ms -->
            <step title="Deleting file: &apos;RunnersDb.db&apos;" date="2025-08-25T19:13:50.273" /><!-- duration: 13ms -->
            <step title="Copying file: &apos;241RunnersAwareness.BackendAPI.dll&apos;" date="2025-08-25T19:13:50.303" /><!-- duration: 0ms -->
            <step title="Copying file: &apos;241RunnersAwareness.BackendAPI.exe&apos;" date="2025-08-25T19:13:50.333" /><!-- duration: 20ms -->
            <step title="Copying file: &apos;241RunnersAwareness.BackendAPI.pdb&apos;" date="2025-08-25T19:13:50.364" /><!-- duration: 16ms -->
            <step title="Deleting file: &apos;logs\app-20250824.txt&apos;" date="2025-08-25T19:13:50.444" /><!-- duration: 0ms -->
            <step title="Deleting file: &apos;logs\app-20250825.txt&apos;" date="2025-08-25T19:13:50.474" /><!-- duration: 0ms -->
            <step title="Copying file: &apos;publish\publish\241RunnersAwareness.BackendAPI.deps.json&apos;" date="2025-08-25T19:13:50.505" /><!-- duration: 0ms -->
            <step title="Copying file: &apos;publish\publish\publish\logs\deployments\latest.json&apos;" date="2025-08-25T19:13:50.536" /><!-- duration: 18ms -->
            <step title="Copying file: &apos;publish\publish\publish\publish\241RunnersAwareness.BackendAPI.deps.json&apos;" date="2025-08-25T19:13:50.567" /><!-- duration: 17ms -->
            <step title="Copying file: &apos;publish\publish\publish\publish\241RunnersAwareness.BackendAPI.runtimeconfig.json&apos;" date="2025-08-25T19:13:50.604" /><!-- duration: 10ms -->
            <step title="Copying file: &apos;publish\publish\publish\publish\241RunnersAwareness.BackendAPI.staticwebassets.endpoints.json&apos;" date="2025-08-25T19:13:50.646" /><!-- duration: 0ms -->
            <step title="Copying file: &apos;publish\publish\publish\publish\appsettings.Development.json&apos;" date="2025-08-25T19:13:50.677" /><!-- duration: 0ms -->
            <step title="Copying file: &apos;publish\publish\publish\publish\appsettings.json&apos;" date="2025-08-25T19:13:50.708" /><!-- duration: 17ms -->
            <step title="Copying file: &apos;publish\publish\publish\publish\appsettings.Production.json&apos;" date="2025-08-25T19:13:50.835" /><!-- duration: 0ms -->
            <step title="Copying file: &apos;publish\publish\publish\publish\web.config&apos;" date="2025-08-25T19:13:50.866" /><!-- duration: 20ms -->
            <step title="Deleting app_offline.htm" date="2025-08-25T19:13:50.896" /><!-- duration: 20ms -->
            <step title="Finished successfully." date="2025-08-25T19:13:51.057" /><!-- duration: 11ms -->
          </step><!-- duration: 3160ms -->
          <step title="Build completed succesfully." date="2025-08-25T19:13:51.851" /><!-- duration: 50ms -->
          <step title="Running post deployment command(s)..." date="2025-08-25T19:13:52.072" /><!-- duration: 11ms -->
          <step title="Requesting site restart" date="2025-08-25T19:13:52.192" /><!-- duration: 0ms -->
          <step title="Requesting site restart" date="2025-08-25T19:13:52.224" /><!-- duration: 19ms -->
          <step title="Requesting site restart. Attempt #1" date="2025-08-25T19:13:52.302" /><!-- duration: 21ms -->
          <step title="Requesting site restart. Attempt #1" date="2025-08-25T19:13:52.353" /><!-- duration: 11ms -->
          <step title="Successfully requested a restart. Attempt #1" date="2025-08-25T19:13:53.146" /><!-- duration: 0ms -->
          <step title="Successfully requested a restart. Attempt #1" date="2025-08-25T19:13:53.146" /><!-- duration: 0ms -->
          <step title="Deployment successful. DEPLOYMENTINFO: deploymentPath = OneDeploy, deployer = OneDeploy, os = windows, sku = Basic, siteName = 241runnersawareness-api, siteHostName = 241runnersawareness-api.azurewebsites.net, deploymentStatus = Success" date="2025-08-25T19:13:53.192" /><!-- duration: 0ms -->
          <step title="Purge deployment items" date="2025-08-25T19:13:53.349" >
            <step title="Remove ccb69536b, Success, received at 8/24/2025 9:22:14 PM" date="2025-08-25T19:13:53.411" /><!-- duration: 16ms -->
          </step><!-- duration: 78ms -->
        </step><!-- duration: 5906ms -->
      </step><!-- duration: 6234ms -->
      <step title="Cleaning up temp files" date="2025-08-25T19:13:53.458" /><!-- duration: 16ms -->
      <step title="Skip function trigger and logicapp sync because function is not enabled." date="2025-08-25T19:13:53.474" /><!-- duration: 0ms -->
    </step><!-- duration: 10578ms -->
    <step title="LockFile &apos;C:\home\site\locks\deployments.lock&apos; released" date="2025-08-25T19:13:53.521" /><!-- duration: 16ms -->
    <step title="Deleting shutdown sentinel file" date="2025-08-25T19:13:53.536" SemaphoreCount="8" /><!-- duration: 0ms -->
  </step><!-- duration: 13142ms -->
  <step title="Outgoing response" date="2025-08-25T19:13:53.552" type="response" statusCode="200" statusText="OK" Server="Microsoft-IIS/10.0" x-ms-request-id="99178c99-81e7-11f0-8722-f057a69bc617" Cache-Control="private" X-AspNet-Version="4.0.30319" /><!-- duration: 31ms -->
</step><!-- duration: 13269ms -->
