<step title="BackgroundTrace" date="2025-08-29T14:41:18.528" instance="7788a4" url="/api/publish" method="POST" >
  <step title="Updating shutdown sentinel last write time" date="2025-08-29T14:41:18.570" SemaphoreCount="7" /><!-- duration: 16ms -->
  <step title="LockFile &apos;C:\home\site\locks\deployments.lock&apos; acquired" date="2025-08-29T14:41:18.586" /><!-- duration: 0ms -->
  <step title="Creating temporary deployment" date="2025-08-29T14:41:18.586" /><!-- duration: 62ms -->
  <step title="Performing fetch based deployment" date="2025-08-29T14:41:18.649" >
    <step title="Fetching changes." date="2025-08-29T14:41:18.930" /><!-- duration: 16ms -->
    <step title="Starting LocalZipHandler" date="2025-08-29T14:41:18.961" /><!-- duration: 0ms -->
    <step title="Starting ExtractTriggers" date="2025-08-29T14:41:19.010" /><!-- duration: 0ms -->
    <step title="Before sending BuildRequestReceived status to /api/updatedeploystatus" date="2025-08-29T14:41:19.102" /><!-- duration: 17ms -->
    <step title="DeploymentManager.Deploy(id:fa2a88fcb3a747549f29351d2c388fa5)" date="2025-08-29T14:41:19.149" >
      <step title="Collecting changeset information" date="2025-08-29T14:41:19.199" /><!-- duration: 74ms -->
      <step title="Updating submodules" date="2025-08-29T14:41:19.274" >
        <step title="Updating submodules." date="2025-08-29T14:41:19.305" /><!-- duration: 0ms -->
      </step><!-- duration: 49ms -->
      <step title="Preparing deployment for commit id &apos;fa2a88fcb3&apos;." date="2025-08-29T14:41:19.352" /><!-- duration: 16ms -->
      <step title="Determining deployment builder" date="2025-08-29T14:41:19.383" >
        <step title="Builder is RunFromZipSiteBuilder" date="2025-08-29T14:41:19.399" /><!-- duration: 0ms -->
      </step><!-- duration: 16ms -->
      <step title="Copying SSH keys" date="2025-08-29T14:41:19.414" /><!-- duration: 0ms -->
      <step title="Building" date="2025-08-29T14:41:19.430" >
        <step title="Skipping build. Project type: Run-From-Zip" date="2025-08-29T14:41:19.461" /><!-- duration: 0ms -->
        <step title="Skipping post build. Project type: Run-From-Zip" date="2025-08-29T14:41:19.477" /><!-- duration: 16ms -->
        <step title="Requesting site restart" date="2025-08-29T14:41:19.524" /><!-- duration: 0ms -->
        <step title="Requesting site restart" date="2025-08-29T14:41:19.524" /><!-- duration: 0ms -->
        <step title="Requesting site restart. Attempt #1" date="2025-08-29T14:41:19.586" /><!-- duration: 0ms -->
        <step title="Requesting site restart. Attempt #1" date="2025-08-29T14:41:19.586" /><!-- duration: 0ms -->
        <step title="Successfully requested a restart. Attempt #1" date="2025-08-29T14:41:20.164" /><!-- duration: 0ms -->
        <step title="Successfully requested a restart. Attempt #1" date="2025-08-29T14:41:20.164" /><!-- duration: 16ms -->
        <step title="Deployment successful. DEPLOYMENTINFO: deploymentPath = OneDeploy, deployer = OneDeploy, os = windows, sku = Basic, siteName = 241runnersawareness-api, siteHostName = 241runnersawareness-api.azurewebsites.net, deploymentStatus = Success" date="2025-08-29T14:41:20.198" /><!-- duration: 13ms -->
        <step title="Purge deployment items" date="2025-08-29T14:41:20.320" >
          <step title="Remove 841492fc3, Success, received at 8/28/2025 12:52:21 AM" date="2025-08-29T14:41:20.383" /><!-- duration: 0ms -->
        </step><!-- duration: 62ms -->
      </step><!-- duration: 970ms -->
    </step><!-- duration: 1251ms -->
    <step title="Cleaning up temp files" date="2025-08-29T14:41:20.400" /><!-- duration: 15ms -->
    <step title="Updating C:\home\data\SitePackages\packagename.txt with deployment 20250829144116.zip" date="2025-08-29T14:41:20.430" /><!-- duration: 63ms -->
    <step title="Skip function trigger and logicapp sync because function is not enabled." date="2025-08-29T14:41:20.492" /><!-- duration: 0ms -->
  </step><!-- duration: 1891ms -->
  <step title="LockFile &apos;C:\home\site\locks\deployments.lock&apos; released" date="2025-08-29T14:41:20.539" /><!-- duration: 16ms -->
  <step title="Deleting shutdown sentinel file" date="2025-08-29T14:41:20.555" SemaphoreCount="8" /><!-- duration: 0ms -->
</step><!-- duration: 2027ms -->
