<step title="Incoming Request" date="2025-08-29T14:50:05.367" instance="7788a4" url="/api/publish?async=true&amp;deployer=GITHUB_ONE_DEPLOY&amp;type=zip&amp;message=%7B%22type%22%3A%22deployment%22%2C%22sha%22%3A%221fddd502904058b198e5be0299927c4c2ce9e8b2%22%2C%22repoName%22%3A%22DekuWorks%2F241RunnersAwareness%22%2C%22actor%22%3A%22DekuWorks%22%2C%22slotName%22%3A%22Production%22%2C%22commitMessage%22%3A%22Fix%20signup%20form%20API%20integration%5C%5Cn%5C%5Cn-%20Update%20signup%20form%20to%20use%20proper%20API%20URL%20from%20config%5C%5Cn-%20Use%20authUtils.fetchJson()%20for%20consistent%20API%20communication%5C%5Cn-%20Add%20config%20loading%20to%20ensure%20API%20URL%20is%20available%5C%5Cn-%20Improve%20error%20handling%20and%20response%20processing%5C%5Cn-%20Fix%20registration%20endpoint%20to%20use%20production%20API%20URL%22%7D" method="POST" type="request" pid="2144,2,7" Transfer-Encoding="chunked" Content-Type="application/octet-stream" Authorization="Bea..." Cookie="ARRAffinity=7788a455ec154c4663c1b659ef530e471943b5c292ff1be1116a591d0c915669;Path=/;HttpOnly;Secure;Domain=241runnersawareness-api.scm.azurewebsites.net; ARRAffinitySameSite=7788a455ec154c4663c1b659ef530e471943b5c292ff1be1116a591d0c915669;Path=/;HttpOnly;SameSite=None;Secure;Domain=241runnersawareness-api.scm.azurewebsites.net" Host="241runnersawareness-api.scm.azurewebsites.net" User-Agent="GITHUBACTIONS_DeployWebAppToAzure_595ee1b31a2c90a1f7110b9442ef89a098f6ae428a4a7a7da91a41dc86c46f22" X-ARR-LOG-ID="3a8b8ea0-9600-4d00-a8f8-239cb14c0ccf" CLIENT-IP="74.249.78.160:58368" X-SITE-DEPLOYMENT-ID="241runnersawareness-api" WAS-DEFAULT-HOSTNAME="241runnersawareness-api.scm.azurewebsites.net" X-Forwarded-Proto="https" X-AppService-Proto="https" X-Forwarded-TlsVersion="1.3" X-WAWS-Unencoded-URL="/api/publish?async=true&amp;deployer=GITHUB_ONE_DEPLOY&amp;type=zip&amp;message=%7B%22type%22%3A%22deployment%22%2C%22sha%22%3A%221fddd502904058b198e5be0299927c4c2ce9e8b2%22%2C%22repoName%22%3A%22DekuWorks%2F241RunnersAwareness%22%2C%22actor%22%3A%22DekuWorks%22%2C%22slotName%22%3A%22Production%22%2C%22commitMessage%22%3A%22Fix%20signup%20form%20API%20integration%5C%5Cn%5C%5Cn-%20Update%20signup%20form%20to%20use%20proper%20API%20URL%20from%20config%5C%5Cn-%20Use%20authUtils.fetchJson()%20for%20consistent%20API%20communication%5C%5Cn-%20Add%20config%20loading%20to%20ensure%20API%20URL%20is%20available%5C%5Cn-%20Improve%20error%20handling%20and%20response%20processing%5C%5Cn-%20Fix%20registration%20endpoint%20to%20use%20production%20API%20URL%22%7D" >
  <step title="OneDeploy" date="2025-08-29T14:50:05.602" >
    <step title="Starting PushDeployAsync" date="2025-08-29T14:50:05.710" /><!-- duration: 19ms -->
    <step title="Updating shutdown sentinel last write time" date="2025-08-29T14:50:05.918" SemaphoreCount="7" /><!-- duration: 0ms -->
    <step title="LockFile &apos;C:\home\site\locks\deployments.lock&apos; acquired" date="2025-08-29T14:50:05.929" /><!-- duration: 19ms -->
    <step title="Deleting outdated zip file C:\home\data\SitePackages\20250829133123.zip" date="2025-08-29T14:50:05.978" /><!-- duration: 30ms -->
    <step title="Saving request content to C:\home\data\SitePackages\20250829145005.zip" date="2025-08-29T14:50:06.008" >
      <step title="Total 28,394,011 bytes written to C:\home\data\SitePackages\20250829145005.zip" date="2025-08-29T14:50:08.277" /><!-- duration: 0ms -->
    </step><!-- duration: 2597ms -->
    <step title="LockFile &apos;C:\home\site\locks\deployments.lock&apos; released" date="2025-08-29T14:50:08.605" /><!-- duration: 16ms -->
    <step title="Deleting shutdown sentinel file" date="2025-08-29T14:50:08.621" SemaphoreCount="8" /><!-- duration: 0ms -->
    <step title="Starting FetchDeploy" date="2025-08-29T14:50:08.637" /><!-- duration: 0ms -->
    <step title="Start deployment in the background" date="2025-08-29T14:50:08.654" /><!-- duration: 1425ms -->
  </step><!-- duration: 4509ms -->
  <step title="Outgoing response" date="2025-08-29T14:50:10.189" type="response" statusCode="202" statusText="Accepted" Server="Microsoft-IIS/10.0" x-ms-request-id="3a8b8ea0-9600-4d00-a8f8-239cb14c0ccf" Retry-After="30" Cache-Control="private" X-AspNet-Version="4.0.30319" Location="https://241runnersawareness-api.scm.azurewebsites.net/api/deployments/latest?deployer=OneDeploy&amp;time=2025-08-29_14-50-10Z" /><!-- duration: 31ms -->
</step><!-- duration: 4853ms -->
