<step title="BackgroundTrace" date="2025-08-15T17:48:33.599" instance="7788a4" url="/api/zipdeploy" method="POST" >
  <step title="Updating shutdown sentinel last write time" date="2025-08-15T17:48:33.660" SemaphoreCount="7" /><!-- duration: 16ms -->
  <step title="LockFile &apos;C:\home\site\locks\deployments.lock&apos; acquired" date="2025-08-15T17:48:33.676" /><!-- duration: 0ms -->
  <step title="Creating temporary deployment" date="2025-08-15T17:48:33.676" /><!-- duration: 109ms -->
  <step title="Performing fetch based deployment" date="2025-08-15T17:48:33.801" >
    <step title="Fetching changes." date="2025-08-15T17:48:34.019" /><!-- duration: 16ms -->
    <step title="Starting LocalZipHandler" date="2025-08-15T17:48:34.035" /><!-- duration: 0ms -->
    <step title="Cleaning up temp folders from previous zip deployments and extracting pushed zip file C:\local\Temp\zipdeploy\4pftygtn.zip (9.95 MB) to C:\local\Temp\zipdeploy\extracted" date="2025-08-15T17:48:34.082" /><!-- duration: 0ms -->
    <step title="Cleaning up temp folders from previous zip deployments and extracting pushed zip file C:\local\Temp\zipdeploy\4pftygtn.zip (9.95 MB) to C:\local\Temp\zipdeploy\extracted" date="2025-08-15T17:48:34.082" >
      <step title="Extracting 94 entries to C:\local\Temp\zipdeploy\extracted directory" date="2025-08-15T17:48:34.129" >
        <step title="Extracting to C:\local\Temp\zipdeploy\extracted\runtimes\browser\lib\net8.0\System.Text.Encodings.Web.dll ..." date="2025-08-15T17:48:34.129" /><!-- duration: 15ms -->
        <step title="Extracting to C:\local\Temp\zipdeploy\extracted\runtimes\unix\lib\net6.0\Microsoft.Data.SqlClient.dll ..." date="2025-08-15T17:48:34.160" /><!-- duration: 63ms -->
        <step title="Extracting to C:\local\Temp\zipdeploy\extracted\runtimes\unix\lib\net6.0\System.Drawing.Common.dll ..." date="2025-08-15T17:48:34.240" /><!-- duration: 30ms -->
        <step title="Extracting to C:\local\Temp\zipdeploy\extracted\runtimes\win\lib\net6.0\Microsoft.Data.SqlClient.dll ..." date="2025-08-15T17:48:34.270" /><!-- duration: 80ms -->
        <step title="Extracting to C:\local\Temp\zipdeploy\extracted\runtimes\win\lib\net6.0\Microsoft.Win32.SystemEvents.dll ..." date="2025-08-15T17:48:34.363" /><!-- duration: 16ms -->
        <step title="Omitting extracting file traces ..." date="2025-08-15T17:48:34.379" /><!-- duration: 34ms -->
      </step><!-- duration: 1750ms -->
    </step><!-- duration: 1798ms -->
    <step title="Before sending BuildRequestReceived status to /api/updatedeploystatus" date="2025-08-15T17:48:35.879" /><!-- duration: 15ms -->
    <step title="DeploymentManager.Deploy(id:d9709b278c2a4834866ebdfa25075c87)" date="2025-08-15T17:48:35.910" >
      <step title="Collecting changeset information" date="2025-08-15T17:48:35.930" /><!-- duration: 58ms -->
      <step title="Updating submodules" date="2025-08-15T17:48:35.988" >
        <step title="Updating submodules." date="2025-08-15T17:48:36.019" /><!-- duration: 0ms -->
      </step><!-- duration: 47ms -->
      <step title="Preparing deployment for commit id &apos;d9709b278c&apos;." date="2025-08-15T17:48:36.085" /><!-- duration: 0ms -->
      <step title="Determining deployment builder" date="2025-08-15T17:48:36.101" >
        <step title="Builder is BasicBuilder" date="2025-08-15T17:48:36.119" /><!-- duration: 0ms -->
      </step><!-- duration: 18ms -->
      <step title="Copying SSH keys" date="2025-08-15T17:48:36.132" /><!-- duration: 16ms -->
      <step title="Building" date="2025-08-15T17:48:36.149" >
        <step title="Generating deployment script." date="2025-08-15T17:48:36.179" /><!-- duration: 0ms -->
        <step title="Generating deployment script" date="2025-08-15T17:48:36.195" >
          <step title="Using the following command to generate deployment script: &apos;azure site deploymentscript -y --no-dot-deployment -r &quot;C:\local\Temp\zipdeploy\extracted&quot; -o &quot;C:\home\site\deployments\tools&quot; --basic --sitePath &quot;C:\local\Temp\zipdeploy\extracted&quot;&apos;." date="2025-08-15T17:48:36.289" /><!-- duration: 15ms -->
          <step title="Executing external process" date="2025-08-15T17:48:36.507" type="process" path="starter.cmd" arguments="&quot;C:\Program Files (x86)\SiteExtensions\Kudu\2025.06.2.6\bin\node_modules\.bin\kuduscript.cmd&quot; -y --no-dot-deployment -r &quot;C:\local\Temp\zipdeploy\extracted&quot; -o &quot;C:\home\site\deployments\tools&quot; --basic --sitePath &quot;C:\local\Temp\zipdeploy\extracted&quot;" >
            <step title="Generating deployment script for Web Site" date="2025-08-15T17:48:37.507" /><!-- duration: 0ms -->
          </step><!-- duration: 1016ms -->
          <step title="Saved cached version of the deployment script for command -y --no-dot-deployment -r &quot;C:\local\Temp\zipdeploy\extracted&quot; -o &quot;C:\home\site\deployments\tools&quot; --basic --sitePath &quot;C:\local\Temp\zipdeploy\extracted&quot;" date="2025-08-15T17:48:37.539" /><!-- duration: 0ms -->
        </step><!-- duration: 1360ms -->
        <step title="Running deployment command..." date="2025-08-15T17:48:37.617" /><!-- duration: 0ms -->
        <step title="Command: &quot;C:\home\site\deployments\tools\deploy.cmd&quot;" date="2025-08-15T17:48:37.617" /><!-- duration: 0ms -->
        <step title="Executing external process" date="2025-08-15T17:48:37.648" type="process" path="starter.cmd" arguments="&quot;C:\home\site\deployments\tools\deploy.cmd&quot;" >
          <step title="Handling Basic Web Site deployment." date="2025-08-15T17:48:39.023" /><!-- duration: 0ms -->
          <step title="Creating app_offline.htm" date="2025-08-15T17:48:39.039" /><!-- duration: 0ms -->
          <step title="KuduSync.NET from: &apos;C:\local\Temp\zipdeploy\extracted&apos; to: &apos;C:\home\site\wwwroot&apos;" date="2025-08-15T17:48:39.039" /><!-- duration: 47ms -->
          <step title="Deleting file: &apos;hostingstart.html&apos;" date="2025-08-15T17:48:39.101" /><!-- duration: 0ms -->
          <step title="Copying file: &apos;241RunnersAwareness.BackendAPI.deps.json&apos;" date="2025-08-15T17:48:39.117" /><!-- duration: 0ms -->
          <step title="Copying file: &apos;241RunnersAwareness.BackendAPI.dll&apos;" date="2025-08-15T17:48:39.117" /><!-- duration: 0ms -->
          <step title="Copying file: &apos;241RunnersAwareness.BackendAPI.exe&apos;" date="2025-08-15T17:48:39.132" /><!-- duration: 0ms -->
          <step title="Copying file: &apos;241RunnersAwareness.BackendAPI.pdb&apos;" date="2025-08-15T17:48:39.132" /><!-- duration: 0ms -->
          <step title="Copying file: &apos;241RunnersAwareness.BackendAPI.runtimeconfig.json&apos;" date="2025-08-15T17:48:39.148" /><!-- duration: 0ms -->
          <step title="Copying file: &apos;241RunnersAwareness.BackendAPI.staticwebassets.endpoints.json&apos;" date="2025-08-15T17:48:39.164" /><!-- duration: 0ms -->
          <step title="Copying file: &apos;appsettings.Development.json&apos;" date="2025-08-15T17:48:39.164" /><!-- duration: 16ms -->
          <step title="Copying file: &apos;appsettings.json&apos;" date="2025-08-15T17:48:39.197" /><!-- duration: 0ms -->
          <step title="Copying file: &apos;appsettings.Production.json&apos;" date="2025-08-15T17:48:39.211" /><!-- duration: 0ms -->
          <step title="Copying file: &apos;Azure.Core.dll&apos;" date="2025-08-15T17:48:39.242" /><!-- duration: 0ms -->
          <step title="Copying file: &apos;Azure.Identity.dll&apos;" date="2025-08-15T17:48:39.258" /><!-- duration: 0ms -->
          <step title="Copying file: &apos;BCrypt.Net-Next.dll&apos;" date="2025-08-15T17:48:39.258" /><!-- duration: 15ms -->
          <step title="Copying file: &apos;Google.Apis.Auth.dll&apos;" date="2025-08-15T17:48:39.289" /><!-- duration: 0ms -->
          <step title="Copying file: &apos;Google.Apis.Core.dll&apos;" date="2025-08-15T17:48:39.289" /><!-- duration: 0ms -->
          <step title="Copying file: &apos;Google.Apis.dll&apos;" date="2025-08-15T17:48:39.304" /><!-- duration: 0ms -->
          <step title="Copying file: &apos;Microsoft.AspNetCore.Authentication.JwtBearer.dll&apos;" date="2025-08-15T17:48:39.320" /><!-- duration: 16ms -->
          <step title="Copying file: &apos;Microsoft.Bcl.AsyncInterfaces.dll&apos;" date="2025-08-15T17:48:39.351" /><!-- duration: 0ms -->
          <step title="Copying file: &apos;Microsoft.Bcl.Memory.dll&apos;" date="2025-08-15T17:48:39.367" /><!-- duration: 0ms -->
          <step title="Copying file: &apos;Microsoft.Data.SqlClient.dll&apos;" date="2025-08-15T17:48:39.367" /><!-- duration: 0ms -->
          <step title="Copying file: &apos;Microsoft.EntityFrameworkCore.Abstractions.dll&apos;" date="2025-08-15T17:48:39.382" /><!-- duration: 0ms -->
          <step title="Copying file: &apos;Microsoft.EntityFrameworkCore.dll&apos;" date="2025-08-15T17:48:39.401" /><!-- duration: 0ms -->
          <step title="Copying file: &apos;Microsoft.EntityFrameworkCore.Relational.dll&apos;" date="2025-08-15T17:48:39.401" /><!-- duration: 0ms -->
          <step title="Copying file: &apos;Microsoft.EntityFrameworkCore.SqlServer.dll&apos;" date="2025-08-15T17:48:39.414" /><!-- duration: 0ms -->
          <step title="Copying file: &apos;Microsoft.Extensions.Caching.Abstractions.dll&apos;" date="2025-08-15T17:48:39.429" /><!-- duration: 16ms -->
          <step title="Copying file: &apos;Microsoft.Extensions.Caching.Memory.dll&apos;" date="2025-08-15T17:48:39.461" /><!-- duration: 0ms -->
          <step title="Copying file: &apos;Microsoft.Extensions.Configuration.Abstractions.dll&apos;" date="2025-08-15T17:48:39.461" /><!-- duration: 0ms -->
          <step title="Copying file: &apos;Microsoft.Extensions.DependencyInjection.Abstractions.dll&apos;" date="2025-08-15T17:48:39.461" /><!-- duration: 16ms -->
          <step title="Copying file: &apos;Microsoft.Extensions.DependencyInjection.dll&apos;" date="2025-08-15T17:48:39.476" /><!-- duration: 0ms -->
          <step title="Copying file: &apos;Microsoft.Extensions.Diagnostics.HealthChecks.EntityFrameworkCore.dll&apos;" date="2025-08-15T17:48:39.492" /><!-- duration: 0ms -->
          <step title="Copying file: &apos;Microsoft.Extensions.Logging.Abstractions.dll&apos;" date="2025-08-15T17:48:39.757" /><!-- duration: 20ms -->
          <step title="Copying file: &apos;Microsoft.Extensions.Logging.dll&apos;" date="2025-08-15T17:48:39.820" /><!-- duration: 18ms -->
          <step title="Copying file: &apos;Microsoft.Extensions.Options.dll&apos;" date="2025-08-15T17:48:39.888" /><!-- duration: 10ms -->
          <step title="Copying file: &apos;Microsoft.Extensions.Primitives.dll&apos;" date="2025-08-15T17:48:39.918" /><!-- duration: 11ms -->
          <step title="Copying file: &apos;Microsoft.Identity.Client.dll&apos;" date="2025-08-15T17:48:39.961" /><!-- duration: 18ms -->
          <step title="Copying file: &apos;Microsoft.Identity.Client.Extensions.Msal.dll&apos;" date="2025-08-15T17:48:39.992" /><!-- duration: 17ms -->
          <step title="Copying file: &apos;Microsoft.IdentityModel.Abstractions.dll&apos;" date="2025-08-15T17:48:40.023" /><!-- duration: 0ms -->
          <step title="Copying file: &apos;Microsoft.IdentityModel.JsonWebTokens.dll&apos;" date="2025-08-15T17:48:40.039" /><!-- duration: 16ms -->
          <step title="Copying file: &apos;Microsoft.IdentityModel.Logging.dll&apos;" date="2025-08-15T17:48:40.070" /><!-- duration: 0ms -->
          <step title="Copying file: &apos;Microsoft.IdentityModel.Protocols.dll&apos;" date="2025-08-15T17:48:40.089" /><!-- duration: 0ms -->
          <step title="Copying file: &apos;Microsoft.IdentityModel.Protocols.OpenIdConnect.dll&apos;" date="2025-08-15T17:48:40.101" /><!-- duration: 0ms -->
          <step title="Copying file: &apos;Microsoft.IdentityModel.Tokens.dll&apos;" date="2025-08-15T17:48:40.117" /><!-- duration: 0ms -->
          <step title="Copying file: &apos;Microsoft.OpenApi.dll&apos;" date="2025-08-15T17:48:40.117" /><!-- duration: 0ms -->
          <step title="Copying file: &apos;Microsoft.SqlServer.Server.dll&apos;" date="2025-08-15T17:48:40.132" /><!-- duration: 0ms -->
          <step title="Copying file: &apos;Microsoft.Win32.SystemEvents.dll&apos;" date="2025-08-15T17:48:40.132" /><!-- duration: 17ms -->
          <step title="Copying file: &apos;Newtonsoft.Json.dll&apos;" date="2025-08-15T17:48:40.149" /><!-- duration: 50ms -->
          <step title="Copying file: &apos;SendGrid.dll&apos;" date="2025-08-15T17:48:40.199" /><!-- duration: 11ms -->
          <step title="Copying file: &apos;SixLabors.ImageSharp.dll&apos;" date="2025-08-15T17:48:40.211" /><!-- duration: 16ms -->
          <step title="Omitting next output lines..." date="2025-08-15T17:48:40.226" /><!-- duration: 0ms -->
          <step title="Finished successfully." date="2025-08-15T17:48:40.386" /><!-- duration: 12ms -->
        </step><!-- duration: 2766ms -->
        <step title="Running post deployment command(s)..." date="2025-08-15T17:48:40.619" /><!-- duration: 0ms -->
        <step title="Triggering recycle (preview mode disabled)." date="2025-08-15T17:48:41.054" /><!-- duration: 0ms -->
        <step title="Ignoring FS watcher based recycle request as this is a classic Windows app." date="2025-08-15T17:48:41.054" /><!-- duration: 16ms -->
        <step title="Deployment successful. DEPLOYMENTINFO: deploymentPath = ZipDeploy. Extract zip. , deployer = ZipDeploy, os = windows, sku = Basic, siteName = 241runnersawareness-api, siteHostName = 241runnersawareness-api.azurewebsites.net, deploymentStatus = Success" date="2025-08-15T17:48:41.101" /><!-- duration: 16ms -->
      </step><!-- duration: 5046ms -->
    </step><!-- duration: 5300ms -->
    <step title="Cleaning up temp files" date="2025-08-15T17:48:41.211" /><!-- duration: 0ms -->
    <step title="Skip function trigger and logicapp sync because function is not enabled." date="2025-08-15T17:48:41.226" /><!-- duration: 0ms -->
  </step><!-- duration: 7441ms -->
  <step title="LockFile &apos;C:\home\site\locks\deployments.lock&apos; released" date="2025-08-15T17:48:41.257" /><!-- duration: 0ms -->
  <step title="Deleting shutdown sentinel file" date="2025-08-15T17:48:41.257" SemaphoreCount="8" /><!-- duration: 16ms -->
</step><!-- duration: 7674ms -->
