<step title="Incoming Request" date="2025-08-29T15:26:41.986" instance="7788a4" url="/api/zipdeploy?isAsync=true" method="POST" type="request" pid="5992,2,8" Cache-Control="no-cache" Content-Length="25659231" Content-Type="application/octet-stream" Accept="*/*" Accept-Encoding="gzip, deflate" Authorization="Bea..." Host="241runnersawareness-api.scm.azurewebsites.net" User-Agent="AZURECLI/2.76.0 (HOMEBREW)" x-ms-client-request-id="8e7503cc-84ec-11f0-b6d4-5aba6e9e812a" X-ARR-LOG-ID="8e7503cc-84ec-11f0-b6d4-5aba6e9e812a" CLIENT-IP="97.75.150.66:38467" X-SITE-DEPLOYMENT-ID="241runnersawareness-api" WAS-DEFAULT-HOSTNAME="241runnersawareness-api.scm.azurewebsites.net" X-Forwarded-Proto="https" X-AppService-Proto="https" X-Forwarded-TlsVersion="1.3" X-WAWS-Unencoded-URL="/api/zipdeploy?isAsync=true" >
  <step title="Cleanup Xml Logs" date="2025-08-29T15:26:42.004" /><!-- duration: 13ms -->
  <step title="ZipPushDeploy" date="2025-08-29T15:26:42.223" >
    <step title="ZipDeploy. Run from package." date="2025-08-29T15:26:42.314" /><!-- duration: 0ms -->
    <step title="Starting PushDeployAsync" date="2025-08-29T15:26:42.333" /><!-- duration: 12ms -->
    <step title="Updating shutdown sentinel last write time" date="2025-08-29T15:26:42.504" SemaphoreCount="7" /><!-- duration: 20ms -->
    <step title="LockFile &apos;C:\home\site\locks\deployments.lock&apos; acquired" date="2025-08-29T15:26:42.524" /><!-- duration: 9ms -->
    <step title="Deleting outdated zip file C:\home\data\SitePackages\20250829144116.zip" date="2025-08-29T15:26:42.549" /><!-- duration: 0ms -->
    <step title="Saving request content to C:\home\data\SitePackages\20250829152642.zip" date="2025-08-29T15:26:42.580" >
      <step title="Total 25,659,231 bytes written to C:\home\data\SitePackages\20250829152642.zip" date="2025-08-29T15:26:43.205" /><!-- duration: 0ms -->
    </step><!-- duration: 1067ms -->
    <step title="LockFile &apos;C:\home\site\locks\deployments.lock&apos; released" date="2025-08-29T15:26:43.658" /><!-- duration: 0ms -->
    <step title="Deleting shutdown sentinel file" date="2025-08-29T15:26:43.658" SemaphoreCount="8" /><!-- duration: 16ms -->
    <step title="Starting FetchDeploy" date="2025-08-29T15:26:43.674" /><!-- duration: 16ms -->
    <step title="Start deployment in the background" date="2025-08-29T15:26:43.689" /><!-- duration: 141ms -->
  </step><!-- duration: 1607ms -->
  <step title="Outgoing response" date="2025-08-29T15:26:43.861" type="response" statusCode="202" statusText="Accepted" Server="Microsoft-IIS/10.0" x-ms-request-id="8e7503cc-84ec-11f0-b6d4-5aba6e9e812a" Retry-After="30" Cache-Control="private" X-AspNet-Version="4.0.30319" Location="https://241runnersawareness-api.scm.azurewebsites.net/api/deployments/latest?deployer=ZipDeploy&amp;time=2025-08-29_15-26-43Z" /><!-- duration: 18ms -->
</step><!-- duration: 1906ms -->
