<step title="Incoming Request" date="2025-08-24T20:52:21.730" instance="7788a4" url="/api/zipdeploy?isAsync=true" method="POST" type="request" pid="1696,2,11" Cache-Control="no-cache" Content-Length="23405525" Content-Type="application/octet-stream" Accept="*/*" Accept-Encoding="gzip, deflate" Authorization="Bea..." Host="241runnersawareness-api.scm.azurewebsites.net" User-Agent="AZURECLI/2.76.0 (MSI)" x-ms-client-request-id="37b08a50-812c-11f0-ad02-f057a69bc617" X-ARR-LOG-ID="37b08a50-812c-11f0-ad02-f057a69bc617" CLIENT-IP="97.75.150.66:38509" X-SITE-DEPLOYMENT-ID="241runnersawareness-api" WAS-DEFAULT-HOSTNAME="241runnersawareness-api.scm.azurewebsites.net" X-Forwarded-Proto="https" X-AppService-Proto="https" X-Forwarded-TlsVersion="1.3" X-WAWS-Unencoded-URL="/api/zipdeploy?isAsync=true" >
  <step title="Cleanup Xml Logs" date="2025-08-24T20:52:21.730" /><!-- duration: 13ms -->
  <step title="ZipPushDeploy" date="2025-08-24T20:52:21.760" >
    <step title="ZipDeploy. Extract zip. " date="2025-08-24T20:52:21.774" /><!-- duration: 0ms -->
    <step title="Starting PushDeployAsync" date="2025-08-24T20:52:21.774" /><!-- duration: 0ms -->
    <step title="Updating shutdown sentinel last write time" date="2025-08-24T20:52:21.790" SemaphoreCount="7" /><!-- duration: 0ms -->
    <step title="LockFile &apos;C:\home\site\locks\deployments.lock&apos; acquired" date="2025-08-24T20:52:21.806" /><!-- duration: 16ms -->
    <step title="Saving request content to C:\local\Temp\zipdeploy\5zqcoj30.zip" date="2025-08-24T20:52:21.821" >
      <step title="Total 23,405,525 bytes written to C:\local\Temp\zipdeploy\5zqcoj30.zip" date="2025-08-24T20:52:22.354" /><!-- duration: 30ms -->
    </step><!-- duration: 563ms -->
    <step title="LockFile &apos;C:\home\site\locks\deployments.lock&apos; released" date="2025-08-24T20:52:22.384" /><!-- duration: 0ms -->
    <step title="Deleting shutdown sentinel file" date="2025-08-24T20:52:22.384" SemaphoreCount="8" /><!-- duration: 16ms -->
    <step title="Starting FetchDeploy" date="2025-08-24T20:52:22.399" /><!-- duration: 0ms -->
    <step title="Start deployment in the background" date="2025-08-24T20:52:22.399" /><!-- duration: 78ms -->
  </step><!-- duration: 717ms -->
  <step title="Outgoing response" date="2025-08-24T20:52:22.494" type="response" statusCode="202" statusText="Accepted" Server="Microsoft-IIS/10.0" x-ms-request-id="37b08a50-812c-11f0-ad02-f057a69bc617" Retry-After="30" Cache-Control="private" X-AspNet-Version="4.0.30319" Location="https://241runnersawareness-api.scm.azurewebsites.net/api/deployments/latest?deployer=ZipDeploy&amp;time=2025-08-24_20-52-22Z" /><!-- duration: 14ms -->
</step><!-- duration: 779ms -->
