<step title="Incoming Request" date="2025-08-27T00:15:16.629" instance="7788a4" url="/api/zipdeploy?isAsync=true" method="POST" type="request" pid="924,2,8" Cache-Control="no-cache" Connection="Keep-Alive" Content-Length="25548811" Content-Type="application/octet-stream" Accept="*/*" Accept-Encoding="gzip, deflate" Authorization="Bea..." Host="241runnersawareness-api.scm.azurewebsites.net" User-Agent="AZURECLI/2.76.0 (MSI)" x-ms-client-request-id="e16fbe0f-82da-11f0-99d4-f057a69bc617" X-ARR-LOG-ID="e16fbe0f-82da-11f0-99d4-f057a69bc617" CLIENT-IP="97.75.150.66:38513" X-SITE-DEPLOYMENT-ID="241runnersawareness-api" WAS-DEFAULT-HOSTNAME="241runnersawareness-api.scm.azurewebsites.net" X-Forwarded-Proto="https" X-AppService-Proto="https" X-Forwarded-TlsVersion="1.3" X-WAWS-Unencoded-URL="/api/zipdeploy?isAsync=true" X-MS-COLDSTART="1" >
  <step title="ZipPushDeploy" date="2025-08-27T00:15:17.448" >
    <step title="ZipDeploy. Run from package." date="2025-08-27T00:15:17.520" /><!-- duration: 16ms -->
    <step title="Starting PushDeployAsync" date="2025-08-27T00:15:17.554" /><!-- duration: 12ms -->
    <step title="Updating shutdown sentinel last write time" date="2025-08-27T00:15:17.724" SemaphoreCount="7" /><!-- duration: 0ms -->
    <step title="LockFile &apos;C:\home\site\locks\deployments.lock&apos; acquired" date="2025-08-27T00:15:17.738" /><!-- duration: 0ms -->
    <step title="Saving request content to C:\home\data\SitePackages\20250827001517.zip" date="2025-08-27T00:15:17.755" >
      <step title="Total 25,548,811 bytes written to C:\home\data\SitePackages\20250827001517.zip" date="2025-08-27T00:15:19.238" /><!-- duration: 18ms -->
    </step><!-- duration: 1862ms -->
    <step title="LockFile &apos;C:\home\site\locks\deployments.lock&apos; released" date="2025-08-27T00:15:19.645" /><!-- duration: 0ms -->
    <step title="Deleting shutdown sentinel file" date="2025-08-27T00:15:19.645" SemaphoreCount="8" /><!-- duration: 16ms -->
    <step title="Starting FetchDeploy" date="2025-08-27T00:15:19.660" /><!-- duration: 0ms -->
    <step title="Start deployment in the background" date="2025-08-27T00:15:19.676" /><!-- duration: 825ms -->
  </step><!-- duration: 3053ms -->
  <step title="Outgoing response" date="2025-08-27T00:15:20.581" type="response" statusCode="202" statusText="Accepted" Server="Microsoft-IIS/10.0" x-ms-request-id="e16fbe0f-82da-11f0-99d4-f057a69bc617" Retry-After="30" Cache-Control="private" X-AspNet-Version="4.0.30319" Location="https://241runnersawareness-api.scm.azurewebsites.net/api/deployments/latest?deployer=ZipDeploy&amp;time=2025-08-27_00-15-20Z" /><!-- duration: 50ms -->
</step><!-- duration: 4012ms -->
