<step title="Incoming Request" date="2025-08-28T22:43:49.475" instance="7788a4" url="/api/publish?async=true&amp;deployer=GITHUB_ONE_DEPLOY&amp;type=zip&amp;message=%7B%22type%22%3A%22deployment%22%2C%22sha%22%3A%2259dbc174eaecf0bbf46831bbd830c3dfed341343%22%2C%22repoName%22%3A%22DekuWorks%2F241RunnersAwareness%22%2C%22actor%22%3A%22DekuWorks%22%2C%22slotName%22%3A%22Production%22%2C%22commitMessage%22%3A%22Update%20cache-busting%20parameters%20to%20v%3D20250128b%20for%20all%20HTML%20files%22%7D" method="POST" type="request" pid="2656,2,8" Transfer-Encoding="chunked" Content-Type="application/octet-stream" Authorization="Bea..." Cookie="ARRAffinity=7788a455ec154c4663c1b659ef530e471943b5c292ff1be1116a591d0c915669;Path=/;HttpOnly;Secure;Domain=241runnersawareness-api.scm.azurewebsites.net; ARRAffinitySameSite=7788a455ec154c4663c1b659ef530e471943b5c292ff1be1116a591d0c915669;Path=/;HttpOnly;SameSite=None;Secure;Domain=241runnersawareness-api.scm.azurewebsites.net" Host="241runnersawareness-api.scm.azurewebsites.net" User-Agent="GITHUBACTIONS_DeployWebAppToAzure_595ee1b31a2c90a1f7110b9442ef89a098f6ae428a4a7a7da91a41dc86c46f22" X-ARR-LOG-ID="9a1030ee-0edf-4d33-8b8a-658020b6f3b1" CLIENT-IP="52.159.229.64:50176" X-SITE-DEPLOYMENT-ID="241runnersawareness-api" WAS-DEFAULT-HOSTNAME="241runnersawareness-api.scm.azurewebsites.net" X-Forwarded-Proto="https" X-AppService-Proto="https" X-Forwarded-TlsVersion="1.3" X-WAWS-Unencoded-URL="/api/publish?async=true&amp;deployer=GITHUB_ONE_DEPLOY&amp;type=zip&amp;message=%7B%22type%22%3A%22deployment%22%2C%22sha%22%3A%2259dbc174eaecf0bbf46831bbd830c3dfed341343%22%2C%22repoName%22%3A%22DekuWorks%2F241RunnersAwareness%22%2C%22actor%22%3A%22DekuWorks%22%2C%22slotName%22%3A%22Production%22%2C%22commitMessage%22%3A%22Update%20cache-busting%20parameters%20to%20v%3D20250128b%20for%20all%20HTML%20files%22%7D" >
  <step title="OneDeploy" date="2025-08-28T22:43:49.709" >
    <step title="Starting PushDeployAsync" date="2025-08-28T22:43:49.789" /><!-- duration: 14ms -->
    <step title="Updating shutdown sentinel last write time" date="2025-08-28T22:43:50.131" SemaphoreCount="7" /><!-- duration: 19ms -->
    <step title="LockFile &apos;C:\home\site\locks\deployments.lock&apos; acquired" date="2025-08-28T22:43:50.150" /><!-- duration: 12ms -->
    <step title="Deleting outdated zip file C:\home\data\SitePackages\20250828204301.zip" date="2025-08-28T22:43:50.180" /><!-- duration: 13ms -->
    <step title="Saving request content to C:\home\data\SitePackages\20250828224349.zip" date="2025-08-28T22:43:50.193" >
      <step title="Total 28,393,687 bytes written to C:\home\data\SitePackages\20250828224349.zip" date="2025-08-28T22:43:51.305" /><!-- duration: 16ms -->
    </step><!-- duration: 1455ms -->
    <step title="LockFile &apos;C:\home\site\locks\deployments.lock&apos; released" date="2025-08-28T22:43:51.648" /><!-- duration: 0ms -->
    <step title="Deleting shutdown sentinel file" date="2025-08-28T22:43:51.666" SemaphoreCount="8" /><!-- duration: 0ms -->
    <step title="Starting FetchDeploy" date="2025-08-28T22:43:51.680" /><!-- duration: 16ms -->
    <step title="Start deployment in the background" date="2025-08-28T22:43:51.696" /><!-- duration: 202ms -->
  </step><!-- duration: 2208ms -->
  <step title="Outgoing response" date="2025-08-28T22:43:51.947" type="response" statusCode="202" statusText="Accepted" Server="Microsoft-IIS/10.0" x-ms-request-id="9a1030ee-0edf-4d33-8b8a-658020b6f3b1" Retry-After="30" Cache-Control="private" X-AspNet-Version="4.0.30319" Location="https://241runnersawareness-api.scm.azurewebsites.net/api/deployments/latest?deployer=OneDeploy&amp;time=2025-08-28_22-43-51Z" /><!-- duration: 30ms -->
</step><!-- duration: 2503ms -->
