<step title="BackgroundTrace" date="2025-08-28T20:55:58.323" instance="7788a4" url="/api/publish" method="POST" >
  <step title="Updating shutdown sentinel last write time" date="2025-08-28T20:55:58.355" SemaphoreCount="7" /><!-- duration: 16ms -->
  <step title="LockFile &apos;C:\home\site\locks\deployments.lock&apos; acquired" date="2025-08-28T20:55:58.370" /><!-- duration: 0ms -->
  <step title="Creating temporary deployment" date="2025-08-28T20:55:58.386" /><!-- duration: 47ms -->
  <step title="Performing fetch based deployment" date="2025-08-28T20:55:58.448" >
    <step title="Fetching changes." date="2025-08-28T20:55:58.607" /><!-- duration: 29ms -->
    <step title="Starting LocalZipHandler" date="2025-08-28T20:55:58.656" /><!-- duration: 11ms -->
    <step title="Starting ExtractTriggers" date="2025-08-28T20:55:58.698" /><!-- duration: 0ms -->
    <step title="Before sending BuildRequestReceived status to /api/updatedeploystatus" date="2025-08-28T20:55:58.716" /><!-- duration: 0ms -->
    <step title="DeploymentManager.Deploy(id:c1de15f02e124015a5a8eaa69e6acde9)" date="2025-08-28T20:55:58.746" >
      <step title="Collecting changeset information" date="2025-08-28T20:55:58.761" /><!-- duration: 31ms -->
      <step title="Updating submodules" date="2025-08-28T20:55:58.792" >
        <step title="Updating submodules." date="2025-08-28T20:55:58.839" /><!-- duration: 0ms -->
      </step><!-- duration: 47ms -->
      <step title="Preparing deployment for commit id &apos;c1de15f02e&apos;." date="2025-08-28T20:55:58.901" /><!-- duration: 16ms -->
      <step title="Determining deployment builder" date="2025-08-28T20:55:58.948" >
        <step title="Builder is RunFromZipSiteBuilder" date="2025-08-28T20:55:58.948" /><!-- duration: 0ms -->
      </step><!-- duration: 16ms -->
      <step title="Copying SSH keys" date="2025-08-28T20:55:58.980" /><!-- duration: 15ms -->
      <step title="Building" date="2025-08-28T20:55:58.995" >
        <step title="Skipping build. Project type: Run-From-Zip" date="2025-08-28T20:55:59.026" /><!-- duration: 0ms -->
        <step title="Skipping post build. Project type: Run-From-Zip" date="2025-08-28T20:55:59.061" /><!-- duration: 0ms -->
        <step title="Requesting site restart" date="2025-08-28T20:55:59.139" /><!-- duration: 0ms -->
        <step title="Requesting site restart" date="2025-08-28T20:55:59.139" /><!-- duration: 0ms -->
        <step title="Requesting site restart. Attempt #1" date="2025-08-28T20:55:59.252" /><!-- duration: 12ms -->
        <step title="Requesting site restart. Attempt #1" date="2025-08-28T20:55:59.281" /><!-- duration: 0ms -->
        <step title="Successfully requested a restart. Attempt #1" date="2025-08-28T20:56:00.280" /><!-- duration: 16ms -->
        <step title="Successfully requested a restart. Attempt #1" date="2025-08-28T20:56:00.295" /><!-- duration: 0ms -->
        <step title="Deployment successful. DEPLOYMENTINFO: deploymentPath = OneDeploy, deployer = OneDeploy, os = windows, sku = Basic, siteName = 241runnersawareness-api, siteHostName = 241runnersawareness-api.azurewebsites.net, deploymentStatus = Success" date="2025-08-28T20:56:00.327" /><!-- duration: 0ms -->
        <step title="Purge deployment items" date="2025-08-28T20:56:00.453" >
          <step title="Remove 3fd71a474, Success, received at 8/27/2025 12:19:32 AM" date="2025-08-28T20:56:00.499" /><!-- duration: 0ms -->
        </step><!-- duration: 46ms -->
      </step><!-- duration: 1519ms -->
    </step><!-- duration: 1784ms -->
    <step title="Cleaning up temp files" date="2025-08-28T20:56:00.530" /><!-- duration: 0ms -->
    <step title="Updating C:\home\data\SitePackages\packagename.txt with deployment 20250828205556.zip" date="2025-08-28T20:56:00.545" /><!-- duration: 78ms -->
    <step title="Skip function trigger and logicapp sync because function is not enabled." date="2025-08-28T20:56:00.624" /><!-- duration: 0ms -->
  </step><!-- duration: 2207ms -->
  <step title="LockFile &apos;C:\home\site\locks\deployments.lock&apos; released" date="2025-08-28T20:56:00.655" /><!-- duration: 0ms -->
  <step title="Deleting shutdown sentinel file" date="2025-08-28T20:56:00.671" SemaphoreCount="8" /><!-- duration: 0ms -->
</step><!-- duration: 2347ms -->
