<step title="Incoming Request" date="2025-08-26T23:13:18.451" instance="7788a4" url="/api/zipdeploy?isAsync=true" method="POST" type="request" pid="1172,2,12" Cache-Control="no-cache" Content-Length="25568167" Content-Type="application/octet-stream" Accept="*/*" Accept-Encoding="gzip, deflate" Authorization="Bea..." Host="241runnersawareness-api.scm.azurewebsites.net" User-Agent="AZURECLI/2.76.0 (MSI)" x-ms-client-request-id="3d116041-82d2-11f0-900c-f057a69bc617" X-ARR-LOG-ID="3d116041-82d2-11f0-900c-f057a69bc617" CLIENT-IP="97.75.150.66:38586" X-SITE-DEPLOYMENT-ID="241runnersawareness-api" WAS-DEFAULT-HOSTNAME="241runnersawareness-api.scm.azurewebsites.net" X-Forwarded-Proto="https" X-AppService-Proto="https" X-Forwarded-TlsVersion="1.3" X-WAWS-Unencoded-URL="/api/zipdeploy?isAsync=true" >
  <step title="Cleanup Xml Logs" date="2025-08-26T23:13:18.451" /><!-- duration: 15ms -->
  <step title="ZipPushDeploy" date="2025-08-26T23:13:18.638" >
    <step title="ZipDeploy. Extract zip. " date="2025-08-26T23:13:18.720" /><!-- duration: 12ms -->
    <step title="Starting PushDeployAsync" date="2025-08-26T23:13:18.732" /><!-- duration: 18ms -->
    <step title="Updating shutdown sentinel last write time" date="2025-08-26T23:13:18.982" SemaphoreCount="7" /><!-- duration: 0ms -->
    <step title="LockFile &apos;C:\home\site\locks\deployments.lock&apos; acquired" date="2025-08-26T23:13:18.998" /><!-- duration: 16ms -->
    <step title="Saving request content to C:\local\Temp\zipdeploy\ry1dju00.zip" date="2025-08-26T23:13:19.013" >
      <step title="Total 25,568,167 bytes written to C:\local\Temp\zipdeploy\ry1dju00.zip" date="2025-08-26T23:13:31.006" /><!-- duration: 0ms -->
    </step><!-- duration: 12008ms -->
    <step title="LockFile &apos;C:\home\site\locks\deployments.lock&apos; released" date="2025-08-26T23:13:31.022" /><!-- duration: 16ms -->
    <step title="Deleting shutdown sentinel file" date="2025-08-26T23:13:31.053" SemaphoreCount="8" /><!-- duration: 16ms -->
    <step title="Starting FetchDeploy" date="2025-08-26T23:13:31.117" /><!-- duration: 14ms -->
    <step title="Start deployment in the background" date="2025-08-26T23:13:31.131" >
      <step title="Starting LocalZipFetch" date="2025-08-26T23:13:31.522" /><!-- duration: 16ms -->
    </step><!-- duration: 799ms -->
  </step><!-- duration: 13292ms -->
  <step title="Outgoing response" date="2025-08-26T23:13:35.118" type="response" statusCode="202" statusText="Accepted" Server="Microsoft-IIS/10.0" x-ms-request-id="3d116041-82d2-11f0-900c-f057a69bc617" Retry-After="30" Cache-Control="private" X-AspNet-Version="4.0.30319" Location="https://241runnersawareness-api.scm.azurewebsites.net/api/deployments/latest?deployer=ZipDeploy&amp;time=2025-08-26_23-13-31Z" /><!-- duration: 20ms -->
</step><!-- duration: 16698ms -->
