<step title="BackgroundTrace" date="2025-08-29T13:31:25.242" instance="7788a4" url="/api/publish" method="POST" >
  <step title="Updating shutdown sentinel last write time" date="2025-08-29T13:31:25.276" SemaphoreCount="7" /><!-- duration: 14ms -->
  <step title="LockFile &apos;C:\home\site\locks\deployments.lock&apos; acquired" date="2025-08-29T13:31:25.289" /><!-- duration: 0ms -->
  <step title="Creating temporary deployment" date="2025-08-29T13:31:25.289" /><!-- duration: 47ms -->
  <step title="Performing fetch based deployment" date="2025-08-29T13:31:25.352" >
    <step title="Fetching changes." date="2025-08-29T13:31:25.619" /><!-- duration: 30ms -->
    <step title="Starting LocalZipHandler" date="2025-08-29T13:31:25.669" /><!-- duration: 11ms -->
    <step title="Starting ExtractTriggers" date="2025-08-29T13:31:25.729" /><!-- duration: 0ms -->
    <step title="Before sending BuildRequestReceived status to /api/updatedeploystatus" date="2025-08-29T13:31:25.759" /><!-- duration: 0ms -->
    <step title="DeploymentManager.Deploy(id:6026609724fa4cb5a05283573553d7a8)" date="2025-08-29T13:31:25.789" >
      <step title="Collecting changeset information" date="2025-08-29T13:31:25.789" /><!-- duration: 31ms -->
      <step title="Updating submodules" date="2025-08-29T13:31:25.821" >
        <step title="Updating submodules." date="2025-08-29T13:31:25.914" /><!-- duration: 0ms -->
      </step><!-- duration: 94ms -->
      <step title="Preparing deployment for commit id &apos;6026609724&apos;." date="2025-08-29T13:31:25.977" /><!-- duration: 0ms -->
      <step title="Determining deployment builder" date="2025-08-29T13:31:26.008" >
        <step title="Builder is RunFromZipSiteBuilder" date="2025-08-29T13:31:26.008" /><!-- duration: 18ms -->
      </step><!-- duration: 18ms -->
      <step title="Copying SSH keys" date="2025-08-29T13:31:26.106" /><!-- duration: 42ms -->
      <step title="Building" date="2025-08-29T13:31:26.167" >
        <step title="Skipping build. Project type: Run-From-Zip" date="2025-08-29T13:31:26.399" /><!-- duration: 16ms -->
        <step title="Skipping post build. Project type: Run-From-Zip" date="2025-08-29T13:31:26.446" /><!-- duration: 0ms -->
        <step title="Requesting site restart" date="2025-08-29T13:31:26.524" /><!-- duration: 0ms -->
        <step title="Requesting site restart" date="2025-08-29T13:31:26.524" /><!-- duration: 0ms -->
        <step title="Requesting site restart. Attempt #1" date="2025-08-29T13:31:26.602" /><!-- duration: 17ms -->
        <step title="Requesting site restart. Attempt #1" date="2025-08-29T13:31:26.619" /><!-- duration: 0ms -->
        <step title="Successfully requested a restart. Attempt #1" date="2025-08-29T13:31:27.164" /><!-- duration: 0ms -->
        <step title="Successfully requested a restart. Attempt #1" date="2025-08-29T13:31:27.164" /><!-- duration: 0ms -->
        <step title="Deployment successful. DEPLOYMENTINFO: deploymentPath = OneDeploy, deployer = OneDeploy, os = windows, sku = Basic, siteName = 241runnersawareness-api, siteHostName = 241runnersawareness-api.azurewebsites.net, deploymentStatus = Success" date="2025-08-29T13:31:27.211" /><!-- duration: 0ms -->
        <step title="Purge deployment items" date="2025-08-29T13:31:27.383" >
          <step title="Remove 68729036b, Success, received at 8/27/2025 12:33:22 AM" date="2025-08-29T13:31:27.446" /><!-- duration: 0ms -->
        </step><!-- duration: 63ms -->
      </step><!-- duration: 1310ms -->
    </step><!-- duration: 1688ms -->
    <step title="Cleaning up temp files" date="2025-08-29T13:31:27.477" /><!-- duration: 16ms -->
    <step title="Updating C:\home\data\SitePackages\packagename.txt with deployment 20250829133123.zip" date="2025-08-29T13:31:27.492" /><!-- duration: 63ms -->
    <step title="Skip function trigger and logicapp sync because function is not enabled." date="2025-08-29T13:31:27.571" /><!-- duration: 0ms -->
  </step><!-- duration: 2250ms -->
  <step title="LockFile &apos;C:\home\site\locks\deployments.lock&apos; released" date="2025-08-29T13:31:27.602" /><!-- duration: 0ms -->
  <step title="Deleting shutdown sentinel file" date="2025-08-29T13:31:27.617" SemaphoreCount="8" /><!-- duration: 0ms -->
</step><!-- duration: 2375ms -->
