<step title="BackgroundTrace" date="2025-08-27T00:24:42.763" instance="7788a4" url="/api/zipdeploy" method="POST" >
  <step title="Updating shutdown sentinel last write time" date="2025-08-27T00:24:42.798" SemaphoreCount="7" /><!-- duration: 11ms -->
  <step title="LockFile &apos;C:\home\site\locks\deployments.lock&apos; acquired" date="2025-08-27T00:24:42.809" /><!-- duration: 0ms -->
  <step title="Creating temporary deployment" date="2025-08-27T00:24:42.809" /><!-- duration: 31ms -->
  <step title="Performing fetch based deployment" date="2025-08-27T00:24:42.873" >
    <step title="Fetching changes." date="2025-08-27T00:24:43.075" /><!-- duration: 19ms -->
    <step title="Starting LocalZipHandler" date="2025-08-27T00:24:43.124" /><!-- duration: 0ms -->
    <step title="Starting ExtractTriggers" date="2025-08-27T00:24:43.154" /><!-- duration: 0ms -->
    <step title="Before sending BuildRequestReceived status to /api/updatedeploystatus" date="2025-08-27T00:24:43.204" /><!-- duration: 12ms -->
    <step title="DeploymentManager.Deploy(id:afef9729fe9049abbe7eaca1fc51c5c7)" date="2025-08-27T00:24:43.234" >
      <step title="Collecting changeset information" date="2025-08-27T00:24:43.247" /><!-- duration: 31ms -->
      <step title="Updating submodules" date="2025-08-27T00:24:43.278" >
        <step title="Updating submodules." date="2025-08-27T00:24:43.309" /><!-- duration: 0ms -->
      </step><!-- duration: 31ms -->
      <step title="Preparing deployment for commit id &apos;afef9729fe&apos;." date="2025-08-27T00:24:43.356" /><!-- duration: 0ms -->
      <step title="Determining deployment builder" date="2025-08-27T00:24:43.403" >
        <step title="Builder is RunFromZipSiteBuilder" date="2025-08-27T00:24:43.403" /><!-- duration: 0ms -->
      </step><!-- duration: 16ms -->
      <step title="Copying SSH keys" date="2025-08-27T00:24:43.437" /><!-- duration: 0ms -->
      <step title="Building" date="2025-08-27T00:24:43.450" >
        <step title="Skipping build. Project type: Run-From-Zip" date="2025-08-27T00:24:43.466" /><!-- duration: 0ms -->
        <step title="Skipping post build. Project type: Run-From-Zip" date="2025-08-27T00:24:43.513" /><!-- duration: 0ms -->
        <step title="Triggering recycle (preview mode disabled)." date="2025-08-27T00:24:43.544" /><!-- duration: 16ms -->
        <step title="Ignoring FS watcher based recycle request as this is a classic Windows app." date="2025-08-27T00:24:43.559" /><!-- duration: 0ms -->
        <step title="Deployment successful. DEPLOYMENTINFO: deploymentPath = ZipDeploy. Run from package., deployer = ZipDeploy, os = windows, sku = Basic, siteName = 241runnersawareness-api, siteHostName = 241runnersawareness-api.azurewebsites.net, deploymentStatus = Success" date="2025-08-27T00:24:43.591" /><!-- duration: 0ms -->
        <step title="Purge deployment items" date="2025-08-27T00:24:43.794" >
          <step title="Remove 28272fa0f, Success, received at 8/25/2025 7:42:57 PM" date="2025-08-27T00:24:43.841" /><!-- duration: 16ms -->
        </step><!-- duration: 66ms -->
      </step><!-- duration: 425ms -->
    </step><!-- duration: 641ms -->
    <step title="Cleaning up temp files" date="2025-08-27T00:24:43.875" /><!-- duration: 0ms -->
    <step title="Updating C:\home\data\SitePackages\packagename.txt with deployment 20250827002435.zip" date="2025-08-27T00:24:43.891" /><!-- duration: 78ms -->
    <step title="Skip function trigger and logicapp sync because function is not enabled." date="2025-08-27T00:24:43.969" /><!-- duration: 0ms -->
  </step><!-- duration: 1128ms -->
  <step title="LockFile &apos;C:\home\site\locks\deployments.lock&apos; released" date="2025-08-27T00:24:44.016" /><!-- duration: 0ms -->
  <step title="Deleting shutdown sentinel file" date="2025-08-27T00:24:44.016" SemaphoreCount="8" /><!-- duration: 0ms -->
</step><!-- duration: 1269ms -->
