<step title="BackgroundTrace" date="2025-08-24T20:52:22.415" instance="7788a4" url="/api/zipdeploy" method="POST" >
  <step title="Updating shutdown sentinel last write time" date="2025-08-24T20:52:22.415" SemaphoreCount="7" /><!-- duration: 0ms -->
  <step title="LockFile &apos;C:\home\site\locks\deployments.lock&apos; acquired" date="2025-08-24T20:52:22.431" /><!-- duration: 0ms -->
  <step title="Creating temporary deployment" date="2025-08-24T20:52:22.431" /><!-- duration: 47ms -->
  <step title="Performing fetch based deployment" date="2025-08-24T20:52:22.478" >
    <step title="Fetching changes." date="2025-08-24T20:52:22.556" /><!-- duration: 31ms -->
    <step title="Starting LocalZipHandler" date="2025-08-24T20:52:22.587" /><!-- duration: 18ms -->
    <step title="Cleaning up temp folders from previous zip deployments and extracting pushed zip file C:\local\Temp\zipdeploy\5zqcoj30.zip (22.32 MB) to C:\local\Temp\zipdeploy\extracted" date="2025-08-24T20:52:22.655" /><!-- duration: 10ms -->
    <step title="Cleaning up temp folders from previous zip deployments and extracting pushed zip file C:\local\Temp\zipdeploy\5zqcoj30.zip (22.32 MB) to C:\local\Temp\zipdeploy\extracted" date="2025-08-24T20:52:22.681" >
      <step title="Renaming extractTargetDirectory(C:\local\Temp\zipdeploy\extracted) to tempDirectory(C:\local\Temp\zipdeploy\yxpd0dfc.xub)" date="2025-08-24T20:52:22.681" /><!-- duration: 16ms -->
      <step title="Extracting 159 entries to C:\local\Temp\zipdeploy\extracted directory" date="2025-08-24T20:52:22.899" >
        <step title="Extracting to C:\local\Temp\zipdeploy\extracted\runtimes\browser-wasm\nativeassets\net8.0\e_sqlite3.a ..." date="2025-08-24T20:52:22.931" /><!-- duration: 78ms -->
        <step title="Extracting to C:\local\Temp\zipdeploy\extracted\runtimes\linux-arm\native\libe_sqlite3.so ..." date="2025-08-24T20:52:23.009" /><!-- duration: 79ms -->
        <step title="Extracting to C:\local\Temp\zipdeploy\extracted\runtimes\linux-arm64\native\libe_sqlite3.so ..." date="2025-08-24T20:52:23.118" /><!-- duration: 94ms -->
        <step title="Extracting to C:\local\Temp\zipdeploy\extracted\runtimes\linux-armel\native\libe_sqlite3.so ..." date="2025-08-24T20:52:23.249" /><!-- duration: 119ms -->
        <step title="Extracting to C:\local\Temp\zipdeploy\extracted\runtimes\linux-mips64\native\libe_sqlite3.so ..." date="2025-08-24T20:52:23.385" /><!-- duration: 79ms -->
        <step title="Omitting extracting file traces ..." date="2025-08-24T20:52:23.478" /><!-- duration: 78ms -->
      </step><!-- duration: 3751ms -->
    </step><!-- duration: 4020ms -->
    <step title="Before sending BuildRequestReceived status to /api/updatedeploystatus" date="2025-08-24T20:52:26.743" /><!-- duration: 48ms -->
    <step title="DeploymentManager.Deploy(id:6cc275fea61a4c4d8f0ab4fec8824ce8)" date="2025-08-24T20:52:26.792" >
      <step title="Collecting changeset information" date="2025-08-24T20:52:26.822" /><!-- duration: 62ms -->
      <step title="Updating submodules" date="2025-08-24T20:52:26.884" >
        <step title="Updating submodules." date="2025-08-24T20:52:26.978" /><!-- duration: 0ms -->
      </step><!-- duration: 94ms -->
      <step title="Preparing deployment for commit id &apos;6cc275fea6&apos;." date="2025-08-24T20:52:27.024" /><!-- duration: 16ms -->
      <step title="Determining deployment builder" date="2025-08-24T20:52:27.165" >
        <step title="Builder is BasicBuilder" date="2025-08-24T20:52:27.165" /><!-- duration: 18ms -->
      </step><!-- duration: 18ms -->
      <step title="Copying SSH keys" date="2025-08-24T20:52:27.213" /><!-- duration: 20ms -->
      <step title="Building" date="2025-08-24T20:52:27.244" >
        <step title="Generating deployment script." date="2025-08-24T20:52:27.290" /><!-- duration: 0ms -->
        <step title="Generating deployment script" date="2025-08-24T20:52:27.306" >
          <step title="Using cached version of the deployment script for command: -y --no-dot-deployment -r &quot;C:\local\Temp\zipdeploy\extracted&quot; -o &quot;C:\home\site\deployments\tools&quot; --basic --sitePath &quot;C:\local\Temp\zipdeploy\extracted&quot;" date="2025-08-24T20:52:27.337" /><!-- duration: 17ms -->
          <step title="Using cached version of deployment script (command: &apos;azure -y --no-dot-deployment -r &quot;C:\local\Temp\zipdeploy\extracted&quot; -o &quot;C:\home\site\deployments\tools&quot; --basic --sitePath &quot;C:\local\Temp\zipdeploy\extracted&quot;&apos;)." date="2025-08-24T20:52:27.354" /><!-- duration: 20ms -->
        </step><!-- duration: 69ms -->
        <step title="Running deployment command..." date="2025-08-24T20:52:27.415" /><!-- duration: 0ms -->
        <step title="Command: &quot;C:\home\site\deployments\tools\deploy.cmd&quot;" date="2025-08-24T20:52:27.431" /><!-- duration: 0ms -->
        <step title="Executing external process" date="2025-08-24T20:52:27.446" type="process" path="starter.cmd" arguments="&quot;C:\home\site\deployments\tools\deploy.cmd&quot;" >
          <step title="Handling Basic Web Site deployment." date="2025-08-24T20:52:28.028" /><!-- duration: 0ms -->
          <step title="Creating app_offline.htm" date="2025-08-24T20:52:30.603" /><!-- duration: 17ms -->
          <step title="KuduSync.NET from: &apos;C:\local\Temp\zipdeploy\extracted&apos; to: &apos;C:\home\site\wwwroot&apos;" date="2025-08-24T20:52:30.650" /><!-- duration: 0ms -->
          <step title="Copying file: &apos;241RunnersAwareness.BackendAPI.staticwebassets.endpoints.json&apos;" date="2025-08-24T20:52:30.712" /><!-- duration: 0ms -->
          <step title="Copying file: &apos;wwwroot\config.json&apos;" date="2025-08-24T20:52:30.728" /><!-- duration: 0ms -->
          <step title="Deleting app_offline.htm" date="2025-08-24T20:52:30.728" /><!-- duration: 0ms -->
          <step title="Finished successfully." date="2025-08-24T20:52:30.743" /><!-- duration: 0ms -->
        </step><!-- duration: 3314ms -->
        <step title="Running post deployment command(s)..." date="2025-08-24T20:52:30.837" /><!-- duration: 0ms -->
        <step title="Triggering recycle (preview mode disabled)." date="2025-08-24T20:52:30.935" /><!-- duration: 11ms -->
        <step title="Ignoring FS watcher based recycle request as this is a classic Windows app." date="2025-08-24T20:52:30.946" /><!-- duration: 19ms -->
        <step title="Deployment successful. DEPLOYMENTINFO: deploymentPath = ZipDeploy. Extract zip. , deployer = ZipDeploy, os = windows, sku = Basic, siteName = 241runnersawareness-api, siteHostName = 241runnersawareness-api.azurewebsites.net, deploymentStatus = Success" date="2025-08-24T20:52:31.040" /><!-- duration: 0ms -->
      </step><!-- duration: 4718ms -->
    </step><!-- duration: 5295ms -->
    <step title="Cleaning up temp files" date="2025-08-24T20:52:32.136" /><!-- duration: 30ms -->
    <step title="Skip function trigger and logicapp sync because function is not enabled." date="2025-08-24T20:52:32.166" /><!-- duration: 62ms -->
  </step><!-- duration: 9829ms -->
  <step title="LockFile &apos;C:\home\site\locks\deployments.lock&apos; released" date="2025-08-24T20:52:32.307" /><!-- duration: 0ms -->
  <step title="Deleting shutdown sentinel file" date="2025-08-24T20:52:32.337" SemaphoreCount="8" /><!-- duration: 0ms -->
</step><!-- duration: 9922ms -->
