<step title="Incoming Request" date="2025-08-28T20:55:56.167" instance="7788a4" url="/api/publish?async=true&amp;deployer=GITHUB_ONE_DEPLOY&amp;type=zip&amp;message=%7B%22type%22%3A%22deployment%22%2C%22sha%22%3A%22f3582bc704165ab7ac09aef8fe7e7fa03645809e%22%2C%22repoName%22%3A%22DekuWorks%2F241RunnersAwareness%22%2C%22actor%22%3A%22DekuWorks%22%2C%22slotName%22%3A%22Production%22%2C%22commitMessage%22%3A%22Update%20name%20fields%20to%20match%20database%20structure%20-%20Split%20fullName%20into%20firstName%20and%20lastName%20fields%20across%20all%20forms%20-%20Updated%20signup.html%2C%20RegisterPage.jsx%2C%20and%20related%20CSS%20-%20Added%20form-row%20layout%20for%20side-by-side%20name%20fields%20-%20Fixed%20backend%20Program.cs%20database%20seeding%20to%20be%20non-blocking%20-%20Cleaned%20up%20deployment%20artifacts%22%7D" method="POST" type="request" pid="6192,2,8" Transfer-Encoding="chunked" Content-Type="application/octet-stream" Authorization="Bea..." Cookie="ARRAffinity=7788a455ec154c4663c1b659ef530e471943b5c292ff1be1116a591d0c915669;Path=/;HttpOnly;Secure;Domain=241runnersawareness-api.scm.azurewebsites.net; ARRAffinitySameSite=7788a455ec154c4663c1b659ef530e471943b5c292ff1be1116a591d0c915669;Path=/;HttpOnly;SameSite=None;Secure;Domain=241runnersawareness-api.scm.azurewebsites.net" Host="241runnersawareness-api.scm.azurewebsites.net" User-Agent="GITHUBACTIONS_DeployWebAppToAzure_595ee1b31a2c90a1f7110b9442ef89a098f6ae428a4a7a7da91a41dc86c46f22" X-ARR-LOG-ID="e953e904-e8bb-4fba-828a-916dcf34eab3" CLIENT-IP="40.65.58.134:24616" X-SITE-DEPLOYMENT-ID="241runnersawareness-api" WAS-DEFAULT-HOSTNAME="241runnersawareness-api.scm.azurewebsites.net" X-Forwarded-Proto="https" X-AppService-Proto="https" X-Forwarded-TlsVersion="1.3" X-WAWS-Unencoded-URL="/api/publish?async=true&amp;deployer=GITHUB_ONE_DEPLOY&amp;type=zip&amp;message=%7B%22type%22%3A%22deployment%22%2C%22sha%22%3A%22f3582bc704165ab7ac09aef8fe7e7fa03645809e%22%2C%22repoName%22%3A%22DekuWorks%2F241RunnersAwareness%22%2C%22actor%22%3A%22DekuWorks%22%2C%22slotName%22%3A%22Production%22%2C%22commitMessage%22%3A%22Update%20name%20fields%20to%20match%20database%20structure%20-%20Split%20fullName%20into%20firstName%20and%20lastName%20fields%20across%20all%20forms%20-%20Updated%20signup.html%2C%20RegisterPage.jsx%2C%20and%20related%20CSS%20-%20Added%20form-row%20layout%20for%20side-by-side%20name%20fields%20-%20Fixed%20backend%20Program.cs%20database%20seeding%20to%20be%20non-blocking%20-%20Cleaned%20up%20deployment%20artifacts%22%7D" >
  <step title="OneDeploy" date="2025-08-28T20:55:56.448" >
    <step title="Starting PushDeployAsync" date="2025-08-28T20:55:56.528" /><!-- duration: 20ms -->
    <step title="Updating shutdown sentinel last write time" date="2025-08-28T20:55:56.761" SemaphoreCount="7" /><!-- duration: 0ms -->
    <step title="LockFile &apos;C:\home\site\locks\deployments.lock&apos; acquired" date="2025-08-28T20:55:56.776" /><!-- duration: 0ms -->
    <step title="Deleting outdated zip file C:\home\data\SitePackages\20250828194113.zip" date="2025-08-28T20:55:56.808" /><!-- duration: 0ms -->
    <step title="Saving request content to C:\home\data\SitePackages\20250828205556.zip" date="2025-08-28T20:55:56.808" >
      <step title="Total 27,747,816 bytes written to C:\home\data\SitePackages\20250828205556.zip" date="2025-08-28T20:55:57.797" /><!-- duration: 11ms -->
    </step><!-- duration: 1469ms -->
    <step title="LockFile &apos;C:\home\site\locks\deployments.lock&apos; released" date="2025-08-28T20:55:58.276" /><!-- duration: 0ms -->
    <step title="Deleting shutdown sentinel file" date="2025-08-28T20:55:58.292" SemaphoreCount="8" /><!-- duration: 0ms -->
    <step title="Starting FetchDeploy" date="2025-08-28T20:55:58.308" /><!-- duration: 0ms -->
    <step title="Start deployment in the background" date="2025-08-28T20:55:58.308" /><!-- duration: 878ms -->
  </step><!-- duration: 2738ms -->
  <step title="Outgoing response" date="2025-08-28T20:55:59.186" type="response" statusCode="202" statusText="Accepted" Server="Microsoft-IIS/10.0" x-ms-request-id="e953e904-e8bb-4fba-828a-916dcf34eab3" Retry-After="30" Cache-Control="private" X-AspNet-Version="4.0.30319" Location="https://241runnersawareness-api.scm.azurewebsites.net/api/deployments/latest?deployer=OneDeploy&amp;time=2025-08-28_20-55-59Z" /><!-- duration: 47ms -->
</step><!-- duration: 3066ms -->
