<step title="Incoming Request" date="2025-08-25T19:42:51.147" instance="7788a4" url="/api/zipdeploy?isAsync=true" method="POST" type="request" pid="652,2,68" Cache-Control="no-cache" Content-Length="25568167" Content-Type="application/octet-stream" Accept="*/*" Accept-Encoding="gzip, deflate" Authorization="Bea..." Host="241runnersawareness-api.scm.azurewebsites.net" User-Agent="AZURECLI/2.76.0 (MSI)" x-ms-client-request-id="accb23f9-81eb-11f0-8d17-f057a69bc617" X-ARR-LOG-ID="accb23f9-81eb-11f0-8d17-f057a69bc617" CLIENT-IP="97.75.150.66:38426" X-SITE-DEPLOYMENT-ID="241runnersawareness-api" WAS-DEFAULT-HOSTNAME="241runnersawareness-api.scm.azurewebsites.net" X-Forwarded-Proto="https" X-AppService-Proto="https" X-Forwarded-TlsVersion="1.3" X-WAWS-Unencoded-URL="/api/zipdeploy?isAsync=true" >
  <step title="Cleanup Xml Logs" date="2025-08-25T19:42:51.147" /><!-- duration: 16ms -->
  <step title="ZipPushDeploy" date="2025-08-25T19:42:51.194" >
    <step title="ZipDeploy. Extract zip. " date="2025-08-25T19:42:51.194" /><!-- duration: 0ms -->
    <step title="Starting PushDeployAsync" date="2025-08-25T19:42:51.210" /><!-- duration: 0ms -->
    <step title="Updating shutdown sentinel last write time" date="2025-08-25T19:42:51.272" SemaphoreCount="7" /><!-- duration: 16ms -->
    <step title="LockFile &apos;C:\home\site\locks\deployments.lock&apos; acquired" date="2025-08-25T19:42:51.288" /><!-- duration: 0ms -->
    <step title="Saving request content to C:\local\Temp\zipdeploy\4u1mcesd.zip" date="2025-08-25T19:42:51.304" >
      <step title="Total 25,568,167 bytes written to C:\local\Temp\zipdeploy\4u1mcesd.zip" date="2025-08-25T19:42:52.695" /><!-- duration: 0ms -->
    </step><!-- duration: 1407ms -->
    <step title="LockFile &apos;C:\home\site\locks\deployments.lock&apos; released" date="2025-08-25T19:42:52.711" /><!-- duration: 0ms -->
    <step title="Deleting shutdown sentinel file" date="2025-08-25T19:42:52.726" SemaphoreCount="8" /><!-- duration: 0ms -->
    <step title="Starting FetchDeploy" date="2025-08-25T19:42:52.726" /><!-- duration: 16ms -->
    <step title="Start deployment in the background" date="2025-08-25T19:42:52.742" /><!-- duration: 94ms -->
  </step><!-- duration: 1641ms -->
  <step title="Outgoing response" date="2025-08-25T19:42:52.870" type="response" statusCode="202" statusText="Accepted" Server="Microsoft-IIS/10.0" x-ms-request-id="accb23f9-81eb-11f0-8d17-f057a69bc617" Retry-After="30" Cache-Control="private" X-AspNet-Version="4.0.30319" Location="https://241runnersawareness-api.scm.azurewebsites.net/api/deployments/latest?deployer=ZipDeploy&amp;time=2025-08-25_19-42-52Z" /><!-- duration: 12ms -->
</step><!-- duration: 1735ms -->
