<step title="BackgroundTrace" date="2025-08-24T20:57:37.657" instance="7788a4" url="/api/zipdeploy" method="POST" >
  <step title="Updating shutdown sentinel last write time" date="2025-08-24T20:57:37.673" SemaphoreCount="7" /><!-- duration: 0ms -->
  <step title="LockFile &apos;C:\home\site\locks\deployments.lock&apos; acquired" date="2025-08-24T20:57:37.688" /><!-- duration: 0ms -->
  <step title="Creating temporary deployment" date="2025-08-24T20:57:37.688" /><!-- duration: 50ms -->
  <step title="Performing fetch based deployment" date="2025-08-24T20:57:37.739" >
    <step title="Fetching changes." date="2025-08-24T20:57:37.799" /><!-- duration: 15ms -->
    <step title="Starting LocalZipHandler" date="2025-08-24T20:57:37.813" /><!-- duration: 16ms -->
    <step title="Cleaning up temp folders from previous zip deployments and extracting pushed zip file C:\local\Temp\zipdeploy\n5ezd52j.zip (22.32 MB) to C:\local\Temp\zipdeploy\extracted" date="2025-08-24T20:57:37.829" /><!-- duration: 0ms -->
    <step title="Cleaning up temp folders from previous zip deployments and extracting pushed zip file C:\local\Temp\zipdeploy\n5ezd52j.zip (22.32 MB) to C:\local\Temp\zipdeploy\extracted" date="2025-08-24T20:57:37.845" >
      <step title="Renaming extractTargetDirectory(C:\local\Temp\zipdeploy\extracted) to tempDirectory(C:\local\Temp\zipdeploy\txovndoy.c11)" date="2025-08-24T20:57:37.845" /><!-- duration: 16ms -->
      <step title="Extracting 160 entries to C:\local\Temp\zipdeploy\extracted directory" date="2025-08-24T20:57:38.820" >
        <step title="Extracting to C:\local\Temp\zipdeploy\extracted\runtimes\browser-wasm\nativeassets\net8.0\e_sqlite3.a ..." date="2025-08-24T20:57:38.851" /><!-- duration: 80ms -->
        <step title="Extracting to C:\local\Temp\zipdeploy\extracted\runtimes\linux-arm\native\libe_sqlite3.so ..." date="2025-08-24T20:57:38.931" /><!-- duration: 60ms -->
        <step title="Extracting to C:\local\Temp\zipdeploy\extracted\runtimes\linux-arm64\native\libe_sqlite3.so ..." date="2025-08-24T20:57:38.991" /><!-- duration: 94ms -->
        <step title="Extracting to C:\local\Temp\zipdeploy\extracted\runtimes\linux-armel\native\libe_sqlite3.so ..." date="2025-08-24T20:57:39.102" /><!-- duration: 92ms -->
        <step title="Extracting to C:\local\Temp\zipdeploy\extracted\runtimes\linux-mips64\native\libe_sqlite3.so ..." date="2025-08-24T20:57:39.212" /><!-- duration: 91ms -->
        <step title="Omitting extracting file traces ..." date="2025-08-24T20:57:39.304" /><!-- duration: 79ms -->
      </step><!-- duration: 3970ms -->
    </step><!-- duration: 4976ms -->
    <step title="Before sending BuildRequestReceived status to /api/updatedeploystatus" date="2025-08-24T20:57:42.851" /><!-- duration: 20ms -->
    <step title="DeploymentManager.Deploy(id:5ee9ec260fde4fac9a692e2a3c4fb15e)" date="2025-08-24T20:57:42.882" >
      <step title="Collecting changeset information" date="2025-08-24T20:57:42.901" /><!-- duration: 43ms -->
      <step title="Updating submodules" date="2025-08-24T20:57:42.961" >
        <step title="Updating submodules." date="2025-08-24T20:57:42.992" /><!-- duration: 20ms -->
      </step><!-- duration: 50ms -->
      <step title="Preparing deployment for commit id &apos;5ee9ec260f&apos;." date="2025-08-24T20:57:43.116" /><!-- duration: 0ms -->
      <step title="Determining deployment builder" date="2025-08-24T20:57:43.179" >
        <step title="Builder is BasicBuilder" date="2025-08-24T20:57:43.196" /><!-- duration: 0ms -->
      </step><!-- duration: 31ms -->
      <step title="Copying SSH keys" date="2025-08-24T20:57:43.246" /><!-- duration: 11ms -->
      <step title="Building" date="2025-08-24T20:57:43.257" >
        <step title="Generating deployment script." date="2025-08-24T20:57:43.288" /><!-- duration: 16ms -->
        <step title="Generating deployment script" date="2025-08-24T20:57:43.304" >
          <step title="Using cached version of the deployment script for command: -y --no-dot-deployment -r &quot;C:\local\Temp\zipdeploy\extracted&quot; -o &quot;C:\home\site\deployments\tools&quot; --basic --sitePath &quot;C:\local\Temp\zipdeploy\extracted&quot;" date="2025-08-24T20:57:43.319" /><!-- duration: 0ms -->
          <step title="Using cached version of deployment script (command: &apos;azure -y --no-dot-deployment -r &quot;C:\local\Temp\zipdeploy\extracted&quot; -o &quot;C:\home\site\deployments\tools&quot; --basic --sitePath &quot;C:\local\Temp\zipdeploy\extracted&quot;&apos;)." date="2025-08-24T20:57:43.337" /><!-- duration: 0ms -->
        </step><!-- duration: 47ms -->
        <step title="Running deployment command..." date="2025-08-24T20:57:43.382" /><!-- duration: 0ms -->
        <step title="Command: &quot;C:\home\site\deployments\tools\deploy.cmd&quot;" date="2025-08-24T20:57:43.397" /><!-- duration: 0ms -->
        <step title="Executing external process" date="2025-08-24T20:57:43.429" type="process" path="starter.cmd" arguments="&quot;C:\home\site\deployments\tools\deploy.cmd&quot;" >
          <step title="Handling Basic Web Site deployment." date="2025-08-24T20:57:45.491" /><!-- duration: 159ms -->
          <step title="Creating app_offline.htm" date="2025-08-24T20:57:45.680" /><!-- duration: 30ms -->
          <step title="KuduSync.NET from: &apos;C:\local\Temp\zipdeploy\extracted&apos; to: &apos;C:\home\site\wwwroot&apos;" date="2025-08-24T20:57:45.772" /><!-- duration: 31ms -->
          <step title="Copying file: &apos;241RunnersAwareness.BackendAPI.dll&apos;" date="2025-08-24T20:57:45.882" /><!-- duration: 19ms -->
          <step title="Copying file: &apos;241RunnersAwareness.BackendAPI.exe&apos;" date="2025-08-24T20:57:45.931" /><!-- duration: 0ms -->
          <step title="Copying file: &apos;241RunnersAwareness.BackendAPI.pdb&apos;" date="2025-08-24T20:57:45.961" /><!-- duration: 0ms -->
          <step title="Copying file: &apos;241RunnersAwareness.BackendAPI.staticwebassets.endpoints.json&apos;" date="2025-08-24T20:57:45.991" /><!-- duration: 0ms -->
          <step title="Copying file: &apos;wwwroot\config.json&apos;" date="2025-08-24T20:57:46.011" /><!-- duration: 11ms -->
          <step title="Deleting app_offline.htm" date="2025-08-24T20:57:46.022" /><!-- duration: 19ms -->
          <step title="Finished successfully." date="2025-08-24T20:57:46.054" /><!-- duration: 18ms -->
        </step><!-- duration: 2656ms -->
        <step title="Running post deployment command(s)..." date="2025-08-24T20:57:46.323" /><!-- duration: 12ms -->
        <step title="Triggering recycle (preview mode disabled)." date="2025-08-24T20:57:46.476" /><!-- duration: 18ms -->
        <step title="Ignoring FS watcher based recycle request as this is a classic Windows app." date="2025-08-24T20:57:46.538" /><!-- duration: 0ms -->
        <step title="Deployment successful. DEPLOYMENTINFO: deploymentPath = ZipDeploy. Extract zip. , deployer = ZipDeploy, os = windows, sku = Basic, siteName = 241runnersawareness-api, siteHostName = 241runnersawareness-api.azurewebsites.net, deploymentStatus = Success" date="2025-08-24T20:57:46.649" /><!-- duration: 20ms -->
      </step><!-- duration: 3613ms -->
    </step><!-- duration: 4016ms -->
    <step title="Cleaning up temp files" date="2025-08-24T20:57:46.898" /><!-- duration: 18ms -->
    <step title="Skip function trigger and logicapp sync because function is not enabled." date="2025-08-24T20:57:46.945" /><!-- duration: 0ms -->
  </step><!-- duration: 9299ms -->
  <step title="LockFile &apos;C:\home\site\locks\deployments.lock&apos; released" date="2025-08-24T20:57:47.076" /><!-- duration: 10ms -->
  <step title="Deleting shutdown sentinel file" date="2025-08-24T20:57:47.147" SemaphoreCount="8" /><!-- duration: 0ms -->
</step><!-- duration: 9522ms -->
