<step title="Incoming Request" date="2025-08-27T00:22:05.695" instance="7788a4" url="/api/zipdeploy?isAsync=true" method="POST" type="request" pid="348,2,8" Cache-Control="no-cache" Content-Length="25576274" Content-Type="application/octet-stream" Accept="*/*" Accept-Encoding="gzip, deflate" Authorization="Bea..." Host="241runnersawareness-api.scm.azurewebsites.net" User-Agent="AZURECLI/2.76.0 (MSI)" x-ms-client-request-id="d741c0ff-82db-11f0-a21b-f057a69bc617" X-ARR-LOG-ID="d741c0ff-82db-11f0-a21b-f057a69bc617" CLIENT-IP="97.75.150.66:38555" X-SITE-DEPLOYMENT-ID="241runnersawareness-api" WAS-DEFAULT-HOSTNAME="241runnersawareness-api.scm.azurewebsites.net" X-Forwarded-Proto="https" X-AppService-Proto="https" X-Forwarded-TlsVersion="1.3" X-WAWS-Unencoded-URL="/api/zipdeploy?isAsync=true" >
  <step title="ZipPushDeploy" date="2025-08-27T00:22:06.319" >
    <step title="ZipDeploy. Run from package." date="2025-08-27T00:22:06.429" /><!-- duration: 31ms -->
    <step title="Starting PushDeployAsync" date="2025-08-27T00:22:06.478" /><!-- duration: 14ms -->
    <step title="Updating shutdown sentinel last write time" date="2025-08-27T00:22:06.648" SemaphoreCount="7" /><!-- duration: 0ms -->
    <step title="LockFile &apos;C:\home\site\locks\deployments.lock&apos; acquired" date="2025-08-27T00:22:06.648" /><!-- duration: 0ms -->
    <step title="Deleting outdated zip file C:\home\data\SitePackages\20250827000110.zip" date="2025-08-27T00:22:06.679" /><!-- duration: 0ms -->
    <step title="Saving request content to C:\home\data\SitePackages\20250827002206.zip" date="2025-08-27T00:22:06.694" >
      <step title="Total 25,576,274 bytes written to C:\home\data\SitePackages\20250827002206.zip" date="2025-08-27T00:22:15.057" /><!-- duration: 17ms -->
    </step><!-- duration: 8425ms -->
    <step title="LockFile &apos;C:\home\site\locks\deployments.lock&apos; released" date="2025-08-27T00:22:15.136" /><!-- duration: 0ms -->
    <step title="Deleting shutdown sentinel file" date="2025-08-27T00:22:15.136" SemaphoreCount="8" /><!-- duration: 15ms -->
    <step title="Starting FetchDeploy" date="2025-08-27T00:22:15.166" /><!-- duration: 0ms -->
    <step title="Start deployment in the background" date="2025-08-27T00:22:15.166" /><!-- duration: 142ms -->
  </step><!-- duration: 8989ms -->
  <step title="Outgoing response" date="2025-08-27T00:22:15.419" type="response" statusCode="202" statusText="Accepted" Server="Microsoft-IIS/10.0" x-ms-request-id="d741c0ff-82db-11f0-a21b-f057a69bc617" Retry-After="30" Cache-Control="private" X-AspNet-Version="4.0.30319" Location="https://241runnersawareness-api.scm.azurewebsites.net/api/deployments/latest?deployer=ZipDeploy&amp;time=2025-08-27_00-22-15Z" /><!-- duration: 13ms -->
</step><!-- duration: 9737ms -->
