<step title="Incoming Request" date="2025-08-25T20:08:16.002" instance="7788a4" url="/api/publish?type=zip" method="POST" type="request" pid="5328,2,8" Cache-Control="no-cache" Content-Length="25595642" Content-Type="application/octet-stream" Accept="*/*" Accept-Encoding="gzip, deflate" Authorization="Bea..." Host="241runnersawareness-api.scm.azurewebsites.net" User-Agent="AZURECLI/2.76.0 (MSI)" x-ms-client-request-id="36b059f3-81ef-11f0-bc69-f057a69bc617" X-ARR-LOG-ID="36b059f3-81ef-11f0-bc69-f057a69bc617" CLIENT-IP="97.75.150.66:38514" X-SITE-DEPLOYMENT-ID="241runnersawareness-api" WAS-DEFAULT-HOSTNAME="241runnersawareness-api.scm.azurewebsites.net" X-Forwarded-Proto="https" X-AppService-Proto="https" X-Forwarded-TlsVersion="1.3" X-WAWS-Unencoded-URL="/api/publish?type=zip" >
  <step title="OneDeploy" date="2025-08-25T20:08:16.738" >
    <step title="Starting PushDeployAsync" date="2025-08-25T20:08:16.849" /><!-- duration: 11ms -->
    <step title="Updating shutdown sentinel last write time" date="2025-08-25T20:08:17.050" SemaphoreCount="7" /><!-- duration: 14ms -->
    <step title="LockFile &apos;C:\home\site\locks\deployments.lock&apos; acquired" date="2025-08-25T20:08:17.064" /><!-- duration: 0ms -->
    <step title="Saving request content to C:\local\Temp\zipdeploy\pppusxpc.zip" date="2025-08-25T20:08:17.080" >
      <step title="Total 25,595,642 bytes written to C:\local\Temp\zipdeploy\pppusxpc.zip" date="2025-08-25T20:08:17.663" /><!-- duration: 0ms -->
    </step><!-- duration: 593ms -->
    <step title="LockFile &apos;C:\home\site\locks\deployments.lock&apos; released" date="2025-08-25T20:08:17.689" /><!-- duration: 0ms -->
    <step title="Deleting shutdown sentinel file" date="2025-08-25T20:08:17.689" SemaphoreCount="8" /><!-- duration: 0ms -->
    <step title="Starting FetchDeploy" date="2025-08-25T20:08:17.704" /><!-- duration: 0ms -->
    <step title="Attempting to fetch target branch HEAD" date="2025-08-25T20:08:17.724" /><!-- duration: 11ms -->
    <step title="Updating shutdown sentinel last write time" date="2025-08-25T20:08:17.876" SemaphoreCount="7" /><!-- duration: 0ms -->
    <step title="LockFile &apos;C:\home\site\locks\deployments.lock&apos; acquired" date="2025-08-25T20:08:17.876" /><!-- duration: 0ms -->
    <step title="Performing fetch based deployment" date="2025-08-25T20:08:17.907" >
      <step title="Creating temporary deployment" date="2025-08-25T20:08:17.907" /><!-- duration: 68ms -->
      <step title="Fetching changes." date="2025-08-25T20:08:18.189" /><!-- duration: 16ms -->
      <step title="Starting LocalZipHandler" date="2025-08-25T20:08:18.204" /><!-- duration: 16ms -->
      <step title="Starting LocalZipFetch" date="2025-08-25T20:08:18.236" /><!-- duration: 0ms -->
      <step title="Cleaning up temp folders from previous zip deployments and extracting pushed zip file C:\local\Temp\zipdeploy\pppusxpc.zip (24.41 MB) to C:\local\Temp\zipdeploy\extracted" date="2025-08-25T20:08:18.251" /><!-- duration: 0ms -->
      <step title="Cleaning up temp folders from previous zip deployments and extracting pushed zip file C:\local\Temp\zipdeploy\pppusxpc.zip (24.41 MB) to C:\local\Temp\zipdeploy\extracted" date="2025-08-25T20:08:18.251" >
        <step title="Renaming extractTargetDirectory(C:\local\Temp\zipdeploy\extracted) to tempDirectory(C:\local\Temp\zipdeploy\oshc2zwc.l3m)" date="2025-08-25T20:08:18.267" /><!-- duration: 0ms -->
        <step title="Extracting 187 entries to C:\local\Temp\zipdeploy\extracted directory" date="2025-08-25T20:08:18.298" >
          <step title="Extracting to C:\local\Temp\zipdeploy\extracted\logs\deployments\latest.json ..." date="2025-08-25T20:08:18.298" /><!-- duration: 16ms -->
          <step title="Extracting to C:\local\Temp\zipdeploy\extracted\publish\241RunnersAwareness.BackendAPI.deps.json ..." date="2025-08-25T20:08:18.314" /><!-- duration: 0ms -->
          <step title="Extracting to C:\local\Temp\zipdeploy\extracted\publish\241RunnersAwareness.BackendAPI.runtimeconfig.json ..." date="2025-08-25T20:08:18.329" /><!-- duration: 0ms -->
          <step title="Extracting to C:\local\Temp\zipdeploy\extracted\publish\241RunnersAwareness.BackendAPI.staticwebassets.endpoints.json ..." date="2025-08-25T20:08:18.329" /><!-- duration: 0ms -->
          <step title="Extracting to C:\local\Temp\zipdeploy\extracted\publish\appsettings.Development.json ..." date="2025-08-25T20:08:18.345" /><!-- duration: 0ms -->
          <step title="Omitting extracting file traces ..." date="2025-08-25T20:08:18.345" /><!-- duration: 0ms -->
        </step><!-- duration: 4234ms -->
      </step><!-- duration: 4329ms -->
      <step title="None repository commit" date="2025-08-25T20:08:22.600" >
        <step title="Commit id: adecb10ae42343efad6da05dcfc2b582" date="2025-08-25T20:08:22.611" Message="OneDeploy" AuthorName="N/A" AuthorEmail="N/A" /><!-- duration: 0ms -->
      </step><!-- duration: 11ms -->
      <step title="Before sending BuildRequestReceived status to /api/updatedeploystatus" date="2025-08-25T20:08:22.611" /><!-- duration: 16ms -->
      <step title="DeploymentManager.Deploy(id:adecb10ae42343efad6da05dcfc2b582)" date="2025-08-25T20:08:22.626" >
        <step title="Collecting changeset information" date="2025-08-25T20:08:22.642" /><!-- duration: 49ms -->
        <step title="Updating submodules" date="2025-08-25T20:08:22.711" >
          <step title="Updating submodules." date="2025-08-25T20:08:22.783" /><!-- duration: 20ms -->
        </step><!-- duration: 103ms -->
        <step title="Preparing deployment for commit id &apos;adecb10ae4&apos;." date="2025-08-25T20:08:22.909" /><!-- duration: 0ms -->
        <step title="Determining deployment builder" date="2025-08-25T20:08:22.989" >
          <step title="Builder is OneDeployBuilder" date="2025-08-25T20:08:23.001" /><!-- duration: 18ms -->
        </step><!-- duration: 30ms -->
        <step title="Copying SSH keys" date="2025-08-25T20:08:23.098" /><!-- duration: 13ms -->
        <step title="Building" date="2025-08-25T20:08:23.111" >
          <step title="Running build. Project type: OneDeploy" date="2025-08-25T20:08:23.142" /><!-- duration: 16ms -->
          <step title="Copying the manifest" date="2025-08-25T20:08:23.220" /><!-- duration: 18ms -->
          <step title="Clean deploying to C:\home\site\wwwroot" date="2025-08-25T20:08:23.314" /><!-- duration: 0ms -->
          <step title="Generating deployment script." date="2025-08-25T20:08:23.392" /><!-- duration: 0ms -->
          <step title="Generating deployment script" date="2025-08-25T20:08:23.423" >
            <step title="Using cached version of the deployment script for command: -y --no-dot-deployment -r &quot;C:\local\Temp\zipdeploy\extracted&quot; -o &quot;C:\home\site\deployments\tools&quot; --basic --sitePath &quot;C:\local\Temp\zipdeploy\extracted&quot;" date="2025-08-25T20:08:23.532" /><!-- duration: 0ms -->
            <step title="Using cached version of deployment script (command: &apos;azure -y --no-dot-deployment -r &quot;C:\local\Temp\zipdeploy\extracted&quot; -o &quot;C:\home\site\deployments\tools&quot; --basic --sitePath &quot;C:\local\Temp\zipdeploy\extracted&quot;&apos;)." date="2025-08-25T20:08:23.548" /><!-- duration: 0ms -->
          </step><!-- duration: 172ms -->
          <step title="Running deployment command..." date="2025-08-25T20:08:23.626" /><!-- duration: 20ms -->
          <step title="Command: &quot;C:\home\site\deployments\tools\deploy.cmd&quot;" date="2025-08-25T20:08:23.657" /><!-- duration: 0ms -->
          <step title="Executing external process" date="2025-08-25T20:08:23.704" type="process" path="starter.cmd" arguments="&quot;C:\home\site\deployments\tools\deploy.cmd&quot;" >
            <step title="Handling Basic Web Site deployment." date="2025-08-25T20:08:27.457" /><!-- duration: 30ms -->
            <step title="Creating app_offline.htm" date="2025-08-25T20:08:27.720" /><!-- duration: 0ms -->
            <step title="KuduSync.NET from: &apos;C:\local\Temp\zipdeploy\extracted&apos; to: &apos;C:\home\site\wwwroot&apos;" date="2025-08-25T20:08:27.769" /><!-- duration: 0ms -->
            <step title="Deleting file: &apos;RunnersDb.db&apos;" date="2025-08-25T20:08:27.799" /><!-- duration: 20ms -->
            <step title="Copying file: &apos;241RunnersAwareness.BackendAPI.deps.json&apos;" date="2025-08-25T20:08:27.829" /><!-- duration: 20ms -->
            <step title="Copying file: &apos;241RunnersAwareness.BackendAPI.dll&apos;" date="2025-08-25T20:08:27.861" /><!-- duration: 18ms -->
            <step title="Copying file: &apos;241RunnersAwareness.BackendAPI.exe&apos;" date="2025-08-25T20:08:27.909" /><!-- duration: 0ms -->
            <step title="Copying file: &apos;241RunnersAwareness.BackendAPI.pdb&apos;" date="2025-08-25T20:08:27.939" /><!-- duration: 0ms -->
            <step title="Copying file: &apos;241RunnersAwareness.BackendAPI.runtimeconfig.json&apos;" date="2025-08-25T20:08:27.970" /><!-- duration: 0ms -->
            <step title="Copying file: &apos;241RunnersAwareness.BackendAPI.staticwebassets.endpoints.json&apos;" date="2025-08-25T20:08:28.001" /><!-- duration: 18ms -->
            <step title="Deleting file: &apos;logs\app-20250825.txt&apos;" date="2025-08-25T20:08:28.050" /><!-- duration: 0ms -->
            <step title="Copying file: &apos;publish\publish\publish\publish\241RunnersAwareness.BackendAPI.deps.json&apos;" date="2025-08-25T20:08:28.080" /><!-- duration: 20ms -->
            <step title="Copying file: &apos;publish\publish\publish\publish\publish\logs\deployments\latest.json&apos;" date="2025-08-25T20:08:28.130" /><!-- duration: 0ms -->
            <step title="Copying file: &apos;publish\publish\publish\publish\publish\publish\241RunnersAwareness.BackendAPI.deps.json&apos;" date="2025-08-25T20:08:28.160" /><!-- duration: 0ms -->
            <step title="Copying file: &apos;publish\publish\publish\publish\publish\publish\241RunnersAwareness.BackendAPI.runtimeconfig.json&apos;" date="2025-08-25T20:08:28.191" /><!-- duration: 0ms -->
            <step title="Copying file: &apos;publish\publish\publish\publish\publish\publish\241RunnersAwareness.BackendAPI.staticwebassets.endpoints.json&apos;" date="2025-08-25T20:08:30.822" /><!-- duration: 20ms -->
            <step title="Copying file: &apos;publish\publish\publish\publish\publish\publish\appsettings.Development.json&apos;" date="2025-08-25T20:08:30.872" /><!-- duration: 0ms -->
            <step title="Copying file: &apos;publish\publish\publish\publish\publish\publish\appsettings.json&apos;" date="2025-08-25T20:08:30.902" /><!-- duration: 0ms -->
            <step title="Copying file: &apos;publish\publish\publish\publish\publish\publish\appsettings.Production.json&apos;" date="2025-08-25T20:08:30.932" /><!-- duration: 0ms -->
            <step title="Copying file: &apos;publish\publish\publish\publish\publish\publish\web.config&apos;" date="2025-08-25T20:08:30.932" /><!-- duration: 15ms -->
            <step title="Deleting app_offline.htm" date="2025-08-25T20:08:30.946" /><!-- duration: 0ms -->
            <step title="Finished successfully." date="2025-08-25T20:08:30.962" /><!-- duration: 0ms -->
          </step><!-- duration: 7273ms -->
          <step title="Build completed succesfully." date="2025-08-25T20:08:31.040" /><!-- duration: 0ms -->
          <step title="Running post deployment command(s)..." date="2025-08-25T20:08:31.118" /><!-- duration: 16ms -->
          <step title="Requesting site restart" date="2025-08-25T20:08:31.212" /><!-- duration: 0ms -->
          <step title="Requesting site restart" date="2025-08-25T20:08:31.228" /><!-- duration: 0ms -->
          <step title="Requesting site restart. Attempt #1" date="2025-08-25T20:08:31.337" /><!-- duration: 0ms -->
          <step title="Requesting site restart. Attempt #1" date="2025-08-25T20:08:31.337" /><!-- duration: 0ms -->
          <step title="Successfully requested a restart. Attempt #1" date="2025-08-25T20:08:31.806" /><!-- duration: 0ms -->
          <step title="Successfully requested a restart. Attempt #1" date="2025-08-25T20:08:31.806" /><!-- duration: 16ms -->
          <step title="Deployment successful. DEPLOYMENTINFO: deploymentPath = OneDeploy, deployer = OneDeploy, os = windows, sku = Basic, siteName = 241runnersawareness-api, siteHostName = 241runnersawareness-api.azurewebsites.net, deploymentStatus = Success" date="2025-08-25T20:08:31.884" /><!-- duration: 16ms -->
          <step title="Purge deployment items" date="2025-08-25T20:08:32.214" >
            <step title="Remove c4c9c9050, Success, received at 8/24/2025 9:35:51 PM" date="2025-08-25T20:08:32.306" /><!-- duration: 0ms -->
          </step><!-- duration: 111ms -->
        </step><!-- duration: 9245ms -->
      </step><!-- duration: 9742ms -->
      <step title="Cleaning up temp files" date="2025-08-25T20:08:32.386" /><!-- duration: 0ms -->
      <step title="Skip function trigger and logicapp sync because function is not enabled." date="2025-08-25T20:08:32.416" /><!-- duration: 20ms -->
    </step><!-- duration: 14602ms -->
    <step title="LockFile &apos;C:\home\site\locks\deployments.lock&apos; released" date="2025-08-25T20:08:32.525" /><!-- duration: 0ms -->
    <step title="Deleting shutdown sentinel file" date="2025-08-25T20:08:32.525" SemaphoreCount="8" /><!-- duration: 16ms -->
  </step><!-- duration: 15802ms -->
  <step title="Outgoing response" date="2025-08-25T20:08:32.653" type="response" statusCode="200" statusText="OK" Server="Microsoft-IIS/10.0" x-ms-request-id="36b059f3-81ef-11f0-bc69-f057a69bc617" Cache-Control="private" X-AspNet-Version="4.0.30319" /><!-- duration: 0ms -->
</step><!-- duration: 16651ms -->
