<step title="BackgroundTrace" date="2025-08-24T21:00:58.450" instance="7788a4" url="/api/zipdeploy" method="POST" >
  <step title="Updating shutdown sentinel last write time" date="2025-08-24T21:00:58.450" SemaphoreCount="7" /><!-- duration: 0ms -->
  <step title="LockFile &apos;C:\home\site\locks\deployments.lock&apos; acquired" date="2025-08-24T21:00:58.466" /><!-- duration: 0ms -->
  <step title="Creating temporary deployment" date="2025-08-24T21:00:58.481" /><!-- duration: 16ms -->
  <step title="Performing fetch based deployment" date="2025-08-24T21:00:58.512" >
    <step title="Fetching changes." date="2025-08-24T21:00:58.622" /><!-- duration: 31ms -->
    <step title="Starting LocalZipHandler" date="2025-08-24T21:00:58.671" /><!-- duration: 14ms -->
    <step title="Cleaning up temp folders from previous zip deployments and extracting pushed zip file C:\local\Temp\zipdeploy\kro1fa20.zip (22.32 MB) to C:\local\Temp\zipdeploy\extracted" date="2025-08-24T21:00:58.701" /><!-- duration: 46ms -->
    <step title="Cleaning up temp folders from previous zip deployments and extracting pushed zip file C:\local\Temp\zipdeploy\kro1fa20.zip (22.32 MB) to C:\local\Temp\zipdeploy\extracted" date="2025-08-24T21:00:58.747" >
      <step title="Renaming extractTargetDirectory(C:\local\Temp\zipdeploy\extracted) to tempDirectory(C:\local\Temp\zipdeploy\qjpkyb2x.g4h)" date="2025-08-24T21:00:58.747" /><!-- duration: 16ms -->
      <step title="Extracting 160 entries to C:\local\Temp\zipdeploy\extracted directory" date="2025-08-24T21:00:58.797" >
        <step title="Extracting to C:\local\Temp\zipdeploy\extracted\runtimes\browser-wasm\nativeassets\net8.0\e_sqlite3.a ..." date="2025-08-24T21:00:58.981" /><!-- duration: 78ms -->
        <step title="Extracting to C:\local\Temp\zipdeploy\extracted\runtimes\linux-arm\native\libe_sqlite3.so ..." date="2025-08-24T21:00:59.078" /><!-- duration: 60ms -->
        <step title="Extracting to C:\local\Temp\zipdeploy\extracted\runtimes\linux-arm64\native\libe_sqlite3.so ..." date="2025-08-24T21:00:59.139" /><!-- duration: 124ms -->
        <step title="Extracting to C:\local\Temp\zipdeploy\extracted\runtimes\linux-armel\native\libe_sqlite3.so ..." date="2025-08-24T21:00:59.279" /><!-- duration: 92ms -->
        <step title="Extracting to C:\local\Temp\zipdeploy\extracted\runtimes\linux-mips64\native\libe_sqlite3.so ..." date="2025-08-24T21:00:59.403" /><!-- duration: 98ms -->
        <step title="Omitting extracting file traces ..." date="2025-08-24T21:00:59.512" /><!-- duration: 79ms -->
      </step><!-- duration: 3810ms -->
    </step><!-- duration: 3922ms -->
    <step title="Before sending BuildRequestReceived status to /api/updatedeploystatus" date="2025-08-24T21:01:02.687" /><!-- duration: 13ms -->
    <step title="DeploymentManager.Deploy(id:9fea587f636c47c2a263a342d61658c6)" date="2025-08-24T21:01:02.718" >
      <step title="Collecting changeset information" date="2025-08-24T21:01:02.738" /><!-- duration: 103ms -->
      <step title="Updating submodules" date="2025-08-24T21:01:02.856" >
        <step title="Updating submodules." date="2025-08-24T21:01:02.950" /><!-- duration: 0ms -->
      </step><!-- duration: 94ms -->
      <step title="Preparing deployment for commit id &apos;9fea587f63&apos;." date="2025-08-24T21:01:03.044" /><!-- duration: 0ms -->
      <step title="Determining deployment builder" date="2025-08-24T21:01:03.375" >
        <step title="Builder is BasicBuilder" date="2025-08-24T21:01:03.375" /><!-- duration: 0ms -->
      </step><!-- duration: 0ms -->
      <step title="Copying SSH keys" date="2025-08-24T21:01:03.388" /><!-- duration: 16ms -->
      <step title="Building" date="2025-08-24T21:01:03.403" >
        <step title="Generating deployment script." date="2025-08-24T21:01:03.466" /><!-- duration: 20ms -->
        <step title="Generating deployment script" date="2025-08-24T21:01:03.486" >
          <step title="Using cached version of the deployment script for command: -y --no-dot-deployment -r &quot;C:\local\Temp\zipdeploy\extracted&quot; -o &quot;C:\home\site\deployments\tools&quot; --basic --sitePath &quot;C:\local\Temp\zipdeploy\extracted&quot;" date="2025-08-24T21:01:03.528" /><!-- duration: 18ms -->
          <step title="Using cached version of deployment script (command: &apos;azure -y --no-dot-deployment -r &quot;C:\local\Temp\zipdeploy\extracted&quot; -o &quot;C:\home\site\deployments\tools&quot; --basic --sitePath &quot;C:\local\Temp\zipdeploy\extracted&quot;&apos;)." date="2025-08-24T21:01:03.546" /><!-- duration: 0ms -->
        </step><!-- duration: 60ms -->
        <step title="Running deployment command..." date="2025-08-24T21:01:03.575" /><!-- duration: 16ms -->
        <step title="Command: &quot;C:\home\site\deployments\tools\deploy.cmd&quot;" date="2025-08-24T21:01:03.607" /><!-- duration: 50ms -->
        <step title="Executing external process" date="2025-08-24T21:01:03.687" type="process" path="starter.cmd" arguments="&quot;C:\home\site\deployments\tools\deploy.cmd&quot;" >
          <step title="Handling Basic Web Site deployment." date="2025-08-24T21:01:04.231" /><!-- duration: 172ms -->
          <step title="Creating app_offline.htm" date="2025-08-24T21:01:04.684" /><!-- duration: 16ms -->
          <step title="KuduSync.NET from: &apos;C:\local\Temp\zipdeploy\extracted&apos; to: &apos;C:\home\site\wwwroot&apos;" date="2025-08-24T21:01:04.736" /><!-- duration: 0ms -->
          <step title="Deleting app_offline.htm" date="2025-08-24T21:01:04.747" /><!-- duration: 31ms -->
          <step title="Finished successfully." date="2025-08-24T21:01:04.809" /><!-- duration: 17ms -->
        </step><!-- duration: 1139ms -->
        <step title="Running post deployment command(s)..." date="2025-08-24T21:01:04.907" /><!-- duration: 12ms -->
        <step title="Triggering recycle (preview mode disabled)." date="2025-08-24T21:01:04.983" /><!-- duration: 14ms -->
        <step title="Ignoring FS watcher based recycle request as this is a classic Windows app." date="2025-08-24T21:01:04.997" /><!-- duration: 0ms -->
        <step title="Deployment successful. DEPLOYMENTINFO: deploymentPath = ZipDeploy. Extract zip. , deployer = ZipDeploy, os = windows, sku = Basic, siteName = 241runnersawareness-api, siteHostName = 241runnersawareness-api.azurewebsites.net, deploymentStatus = Success" date="2025-08-24T21:01:05.028" /><!-- duration: 0ms -->
      </step><!-- duration: 1828ms -->
    </step><!-- duration: 2514ms -->
    <step title="Cleaning up temp files" date="2025-08-24T21:01:05.247" /><!-- duration: 0ms -->
    <step title="Skip function trigger and logicapp sync because function is not enabled." date="2025-08-24T21:01:05.247" /><!-- duration: 21ms -->
  </step><!-- duration: 6781ms -->
  <step title="LockFile &apos;C:\home\site\locks\deployments.lock&apos; released" date="2025-08-24T21:01:05.294" /><!-- duration: 0ms -->
  <step title="Deleting shutdown sentinel file" date="2025-08-24T21:01:05.309" SemaphoreCount="8" /><!-- duration: 0ms -->
</step><!-- duration: 6859ms -->
