<step title="Incoming Request" date="2025-08-29T14:41:16.633" instance="7788a4" url="/api/publish?async=true&amp;deployer=GITHUB_ONE_DEPLOY&amp;type=zip&amp;message=%7B%22type%22%3A%22deployment%22%2C%22sha%22%3A%2284d0403e54bb50a7dbc26c508844adda0099e4f5%22%2C%22repoName%22%3A%22DekuWorks%2F241RunnersAwareness%22%2C%22actor%22%3A%22DekuWorks%22%2C%22slotName%22%3A%22Production%22%2C%22commitMessage%22%3A%22Enable%20GitHub%20Pages%20connection%20and%20add%20API%20test%20page%5Cn%5Cn-%20Add%20GitHub%20Pages%20URLs%20to%20CORS%20configuration%20in%20appsettings.json%5Cn-%20Update%20Program.cs%20CORS%20policy%20to%20allow%20GitHub%20Pages%20domains%5Cn-%20Create%20test-connection.html%20page%20for%20testing%20API%20connectivity%5Cn-%20Add%20comprehensive%20test%20functions%20for%20basic%20connection%2C%20database%2C%20and%20registration%5Cn-%20Enable%20cross-origin%20requests%20from%20https%3A%2F%2Fdekuworks.github.io%2F241RunnersAwareness%5Cn-%20Prepare%20for%20static%20site%20deployment%20and%20backend%20integration%20testing%22%7D" method="POST" type="request" pid="4992,2,17" Transfer-Encoding="chunked" Content-Type="application/octet-stream" Authorization="Bea..." Cookie="ARRAffinity=7788a455ec154c4663c1b659ef530e471943b5c292ff1be1116a591d0c915669;Path=/;HttpOnly;Secure;Domain=241runnersawareness-api.scm.azurewebsites.net; ARRAffinitySameSite=7788a455ec154c4663c1b659ef530e471943b5c292ff1be1116a591d0c915669;Path=/;HttpOnly;SameSite=None;Secure;Domain=241runnersawareness-api.scm.azurewebsites.net" Host="241runnersawareness-api.scm.azurewebsites.net" User-Agent="GITHUBACTIONS_DeployWebAppToAzure_595ee1b31a2c90a1f7110b9442ef89a098f6ae428a4a7a7da91a41dc86c46f22" X-ARR-LOG-ID="470bd6c7-b2e6-4943-8378-9e19c2437efe" CLIENT-IP="135.119.38.49:57352" X-SITE-DEPLOYMENT-ID="241runnersawareness-api" WAS-DEFAULT-HOSTNAME="241runnersawareness-api.scm.azurewebsites.net" X-Forwarded-Proto="https" X-AppService-Proto="https" X-Forwarded-TlsVersion="1.3" X-WAWS-Unencoded-URL="/api/publish?async=true&amp;deployer=GITHUB_ONE_DEPLOY&amp;type=zip&amp;message=%7B%22type%22%3A%22deployment%22%2C%22sha%22%3A%2284d0403e54bb50a7dbc26c508844adda0099e4f5%22%2C%22repoName%22%3A%22DekuWorks%2F241RunnersAwareness%22%2C%22actor%22%3A%22DekuWorks%22%2C%22slotName%22%3A%22Production%22%2C%22commitMessage%22%3A%22Enable%20GitHub%20Pages%20connection%20and%20add%20API%20test%20page%5Cn%5Cn-%20Add%20GitHub%20Pages%20URLs%20to%20CORS%20configuration%20in%20appsettings.json%5Cn-%20Update%20Program.cs%20CORS%20policy%20to%20allow%20GitHub%20Pages%20domains%5Cn-%20Create%20test-connection.html%20page%20for%20testing%20API%20connectivity%5Cn-%20Add%20comprehensive%20test%20functions%20for%20basic%20connection%2C%20database%2C%20and%20registration%5Cn-%20Enable%20cross-origin%20requests%20from%20https%3A%2F%2Fdekuworks.github.io%2F241RunnersAwareness%5Cn-%20Prepare%20for%20static%20site%20deployment%20and%20backend%20integration%20testing%22%7D" >
  <step title="OneDeploy" date="2025-08-29T14:41:16.852" >
    <step title="Starting PushDeployAsync" date="2025-08-29T14:41:16.932" /><!-- duration: 0ms -->
    <step title="Updating shutdown sentinel last write time" date="2025-08-29T14:41:17.180" SemaphoreCount="7" /><!-- duration: 0ms -->
    <step title="LockFile &apos;C:\home\site\locks\deployments.lock&apos; acquired" date="2025-08-29T14:41:17.195" /><!-- duration: 0ms -->
    <step title="Deleting outdated zip file C:\home\data\SitePackages\20250828230529.zip" date="2025-08-29T14:41:17.214" /><!-- duration: 13ms -->
    <step title="Saving request content to C:\home\data\SitePackages\20250829144116.zip" date="2025-08-29T14:41:17.227" >
      <step title="Total 28,394,021 bytes written to C:\home\data\SitePackages\20250829144116.zip" date="2025-08-29T14:41:17.946" /><!-- duration: 15ms -->
    </step><!-- duration: 1203ms -->
    <step title="LockFile &apos;C:\home\site\locks\deployments.lock&apos; released" date="2025-08-29T14:41:18.445" /><!-- duration: 0ms -->
    <step title="Deleting shutdown sentinel file" date="2025-08-29T14:41:18.461" SemaphoreCount="8" /><!-- duration: 16ms -->
    <step title="Starting FetchDeploy" date="2025-08-29T14:41:18.497" /><!-- duration: 11ms -->
    <step title="Start deployment in the background" date="2025-08-29T14:41:18.508" /><!-- duration: 141ms -->
  </step><!-- duration: 1817ms -->
  <step title="Outgoing response" date="2025-08-29T14:41:18.698" type="response" statusCode="202" statusText="Accepted" Server="Microsoft-IIS/10.0" x-ms-request-id="470bd6c7-b2e6-4943-8378-9e19c2437efe" Retry-After="30" Cache-Control="private" X-AspNet-Version="4.0.30319" Location="https://241runnersawareness-api.scm.azurewebsites.net/api/deployments/latest?deployer=OneDeploy&amp;time=2025-08-29_14-41-18Z" /><!-- duration: 0ms -->
</step><!-- duration: 2078ms -->
