<step title="Incoming Request" date="2025-08-24T21:36:31.251" instance="7788a4" url="/api/zipdeploy?isAsync=true" method="POST" type="request" pid="6708,2,28" Cache-Control="no-cache" Content-Length="23409400" Content-Type="application/octet-stream" Accept="*/*" Accept-Encoding="gzip, deflate" Authorization="Bea..." Host="241runnersawareness-api.scm.azurewebsites.net" User-Agent="AZURECLI/2.76.0 (MSI)" x-ms-client-request-id="6309387f-8132-11f0-9829-f057a69bc617" X-ARR-LOG-ID="6309387f-8132-11f0-9829-f057a69bc617" CLIENT-IP="97.75.150.66:61313" X-SITE-DEPLOYMENT-ID="241runnersawareness-api" WAS-DEFAULT-HOSTNAME="241runnersawareness-api.scm.azurewebsites.net" X-Forwarded-Proto="https" X-AppService-Proto="https" X-Forwarded-TlsVersion="1.3" X-WAWS-Unencoded-URL="/api/zipdeploy?isAsync=true" >
  <step title="Cleanup Xml Logs" date="2025-08-24T21:36:31.270" /><!-- duration: 12ms -->
  <step title="ZipPushDeploy" date="2025-08-24T21:36:31.282" >
    <step title="ZipDeploy. Extract zip. " date="2025-08-24T21:36:31.300" /><!-- duration: 0ms -->
    <step title="Starting PushDeployAsync" date="2025-08-24T21:36:31.300" /><!-- duration: 0ms -->
    <step title="Updating shutdown sentinel last write time" date="2025-08-24T21:36:31.313" SemaphoreCount="7" /><!-- duration: 0ms -->
    <step title="LockFile &apos;C:\home\site\locks\deployments.lock&apos; acquired" date="2025-08-24T21:36:31.330" /><!-- duration: 0ms -->
    <step title="Saving request content to C:\local\Temp\zipdeploy\evcgb1mu.zip" date="2025-08-24T21:36:31.330" >
      <step title="Total 23,409,400 bytes written to C:\local\Temp\zipdeploy\evcgb1mu.zip" date="2025-08-24T21:36:33.755" /><!-- duration: 0ms -->
    </step><!-- duration: 2437ms -->
    <step title="LockFile &apos;C:\home\site\locks\deployments.lock&apos; released" date="2025-08-24T21:36:33.767" /><!-- duration: 0ms -->
    <step title="Deleting shutdown sentinel file" date="2025-08-24T21:36:33.767" SemaphoreCount="8" /><!-- duration: 0ms -->
    <step title="Starting FetchDeploy" date="2025-08-24T21:36:33.782" /><!-- duration: 0ms -->
    <step title="Start deployment in the background" date="2025-08-24T21:36:33.798" >
      <step title="Starting LocalZipFetch" date="2025-08-24T21:36:33.954" /><!-- duration: 0ms -->
    </step><!-- duration: 656ms -->
  </step><!-- duration: 3172ms -->
  <step title="Outgoing response" date="2025-08-24T21:36:38.023" type="response" statusCode="202" statusText="Accepted" Server="Microsoft-IIS/10.0" x-ms-request-id="6309387f-8132-11f0-9829-f057a69bc617" Retry-After="30" Cache-Control="private" X-AspNet-Version="4.0.30319" Location="https://241runnersawareness-api.scm.azurewebsites.net/api/deployments/latest?deployer=ZipDeploy&amp;time=2025-08-24_21-36-34Z" /><!-- duration: 10ms -->
</step><!-- duration: 6782ms -->
