<step title="Incoming Request" date="2025-08-27T00:33:19.968" instance="7788a4" url="/api/publish?type=zip" method="POST" type="request" pid="2212,2,8" Cache-Control="no-cache" Content-Length="25631484" Content-Type="application/octet-stream" Accept="*/*" Accept-Encoding="gzip, deflate" Authorization="Bea..." Host="241runnersawareness-api.scm.azurewebsites.net" User-Agent="AZURECLI/2.76.0 (MSI)" x-ms-client-request-id="6808087b-82dd-11f0-9eab-f057a69bc617" X-ARR-LOG-ID="6808087b-82dd-11f0-9eab-f057a69bc617" CLIENT-IP="97.75.150.66:38488" X-SITE-DEPLOYMENT-ID="241runnersawareness-api" WAS-DEFAULT-HOSTNAME="241runnersawareness-api.scm.azurewebsites.net" X-Forwarded-Proto="https" X-AppService-Proto="https" X-Forwarded-TlsVersion="1.3" X-WAWS-Unencoded-URL="/api/publish?type=zip" >
  <step title="OneDeploy" date="2025-08-27T00:33:20.609" >
    <step title="Starting PushDeployAsync" date="2025-08-27T00:33:20.702" /><!-- duration: 0ms -->
    <step title="Updating shutdown sentinel last write time" date="2025-08-27T00:33:20.861" SemaphoreCount="7" /><!-- duration: 0ms -->
    <step title="LockFile &apos;C:\home\site\locks\deployments.lock&apos; acquired" date="2025-08-27T00:33:20.874" /><!-- duration: 0ms -->
    <step title="Deleting outdated zip file C:\home\data\SitePackages\20250827002206.zip" date="2025-08-27T00:33:20.891" /><!-- duration: 15ms -->
    <step title="Saving request content to C:\home\data\SitePackages\20250827003320.zip" date="2025-08-27T00:33:20.905" >
      <step title="Total 25,631,484 bytes written to C:\home\data\SitePackages\20250827003320.zip" date="2025-08-27T00:33:21.598" /><!-- duration: 0ms -->
    </step><!-- duration: 1143ms -->
    <step title="LockFile &apos;C:\home\site\locks\deployments.lock&apos; released" date="2025-08-27T00:33:22.048" /><!-- duration: 16ms -->
    <step title="Deleting shutdown sentinel file" date="2025-08-27T00:33:22.070" SemaphoreCount="8" /><!-- duration: 0ms -->
    <step title="Starting FetchDeploy" date="2025-08-27T00:33:22.087" /><!-- duration: 0ms -->
    <step title="Attempting to fetch target branch HEAD" date="2025-08-27T00:33:22.102" /><!-- duration: 0ms -->
    <step title="Updating shutdown sentinel last write time" date="2025-08-27T00:33:22.117" SemaphoreCount="7" /><!-- duration: 16ms -->
    <step title="LockFile &apos;C:\home\site\locks\deployments.lock&apos; acquired" date="2025-08-27T00:33:22.133" /><!-- duration: 0ms -->
    <step title="Performing fetch based deployment" date="2025-08-27T00:33:22.148" >
      <step title="Creating temporary deployment" date="2025-08-27T00:33:22.165" /><!-- duration: 30ms -->
      <step title="Fetching changes." date="2025-08-27T00:33:22.305" /><!-- duration: 15ms -->
      <step title="Starting LocalZipHandler" date="2025-08-27T00:33:22.355" /><!-- duration: 0ms -->
      <step title="Starting ExtractTriggers" date="2025-08-27T00:33:22.367" /><!-- duration: 0ms -->
      <step title="None repository commit" date="2025-08-27T00:33:22.415" >
        <step title="Commit id: 68729036b6ef4416961b53d9a4fbca79" date="2025-08-27T00:33:22.415" Message="OneDeploy" AuthorName="N/A" AuthorEmail="N/A" /><!-- duration: 0ms -->
      </step><!-- duration: 20ms -->
      <step title="Before sending BuildRequestReceived status to /api/updatedeploystatus" date="2025-08-27T00:33:22.435" /><!-- duration: 11ms -->
      <step title="DeploymentManager.Deploy(id:68729036b6ef4416961b53d9a4fbca79)" date="2025-08-27T00:33:22.445" >
        <step title="Collecting changeset information" date="2025-08-27T00:33:22.465" /><!-- duration: 43ms -->
        <step title="Updating submodules" date="2025-08-27T00:33:22.508" >
          <step title="Updating submodules." date="2025-08-27T00:33:22.539" /><!-- duration: 0ms -->
        </step><!-- duration: 47ms -->
        <step title="Preparing deployment for commit id &apos;68729036b6&apos;." date="2025-08-27T00:33:22.633" /><!-- duration: 0ms -->
        <step title="Determining deployment builder" date="2025-08-27T00:33:22.680" >
          <step title="Builder is RunFromZipSiteBuilder" date="2025-08-27T00:33:22.695" /><!-- duration: 0ms -->
        </step><!-- duration: 31ms -->
        <step title="Copying SSH keys" date="2025-08-27T00:33:22.727" /><!-- duration: 16ms -->
        <step title="Building" date="2025-08-27T00:33:22.742" >
          <step title="Skipping build. Project type: Run-From-Zip" date="2025-08-27T00:33:22.789" /><!-- duration: 0ms -->
          <step title="Skipping post build. Project type: Run-From-Zip" date="2025-08-27T00:33:22.820" /><!-- duration: 0ms -->
          <step title="Requesting site restart" date="2025-08-27T00:33:22.917" /><!-- duration: 13ms -->
          <step title="Requesting site restart" date="2025-08-27T00:33:22.930" /><!-- duration: 16ms -->
          <step title="Requesting site restart. Attempt #1" date="2025-08-27T00:33:23.024" /><!-- duration: 0ms -->
          <step title="Requesting site restart. Attempt #1" date="2025-08-27T00:33:23.024" /><!-- duration: 16ms -->
          <step title="Successfully requested a restart. Attempt #1" date="2025-08-27T00:33:23.586" /><!-- duration: 0ms -->
          <step title="Successfully requested a restart. Attempt #1" date="2025-08-27T00:33:23.602" /><!-- duration: 0ms -->
          <step title="Deployment successful. DEPLOYMENTINFO: deploymentPath = OneDeploy, deployer = OneDeploy, os = windows, sku = Basic, siteName = 241runnersawareness-api, siteHostName = 241runnersawareness-api.azurewebsites.net, deploymentStatus = Success" date="2025-08-27T00:33:23.633" /><!-- duration: 16ms -->
          <step title="Purge deployment items" date="2025-08-27T00:33:23.836" >
            <step title="Remove 7f80d8279, Success, received at 8/25/2025 8:33:42 PM" date="2025-08-27T00:33:23.899" /><!-- duration: 0ms -->
          </step><!-- duration: 78ms -->
        </step><!-- duration: 1188ms -->
      </step><!-- duration: 1485ms -->
      <step title="Cleaning up temp files" date="2025-08-27T00:33:23.946" /><!-- duration: 0ms -->
      <step title="Updating C:\home\data\SitePackages\packagename.txt with deployment 20250827003320.zip" date="2025-08-27T00:33:23.977" /><!-- duration: 78ms -->
      <step title="Skip function trigger and logicapp sync because function is not enabled." date="2025-08-27T00:33:24.086" /><!-- duration: 0ms -->
    </step><!-- duration: 1969ms -->
    <step title="LockFile &apos;C:\home\site\locks\deployments.lock&apos; released" date="2025-08-27T00:33:24.118" /><!-- duration: 18ms -->
    <step title="Deleting shutdown sentinel file" date="2025-08-27T00:33:24.135" SemaphoreCount="8" /><!-- duration: 0ms -->
  </step><!-- duration: 3540ms -->
  <step title="Outgoing response" date="2025-08-27T00:33:24.215" type="response" statusCode="200" statusText="OK" Server="Microsoft-IIS/10.0" x-ms-request-id="6808087b-82dd-11f0-9eab-f057a69bc617" Cache-Control="private" X-AspNet-Version="4.0.30319" /><!-- duration: 0ms -->
</step><!-- duration: 4248ms -->
