<step title="Incoming Request" date="2025-08-24T21:23:46.421" instance="7788a4" url="/api/zipdeploy?isAsync=true" method="POST" type="request" pid="6708,2,10" Cache-Control="no-cache" Content-Length="23409377" Content-Type="application/octet-stream" Accept="*/*" Accept-Encoding="gzip, deflate" Authorization="Bea..." Host="241runnersawareness-api.scm.azurewebsites.net" User-Agent="AZURECLI/2.76.0 (MSI)" x-ms-client-request-id="9b6a6458-8130-11f0-841b-f057a69bc617" X-ARR-LOG-ID="9b6a6458-8130-11f0-841b-f057a69bc617" CLIENT-IP="97.75.150.66:38456" X-SITE-DEPLOYMENT-ID="241runnersawareness-api" WAS-DEFAULT-HOSTNAME="241runnersawareness-api.scm.azurewebsites.net" X-Forwarded-Proto="https" X-AppService-Proto="https" X-Forwarded-TlsVersion="1.3" X-WAWS-Unencoded-URL="/api/zipdeploy?isAsync=true" >
  <step title="Cleanup Xml Logs" date="2025-08-24T21:23:46.436" /><!-- duration: 16ms -->
  <step title="ZipPushDeploy" date="2025-08-24T21:23:46.468" >
    <step title="ZipDeploy. Extract zip. " date="2025-08-24T21:23:46.485" /><!-- duration: 0ms -->
    <step title="Starting PushDeployAsync" date="2025-08-24T21:23:46.485" /><!-- duration: 14ms -->
    <step title="Updating shutdown sentinel last write time" date="2025-08-24T21:23:46.515" SemaphoreCount="7" /><!-- duration: 20ms -->
    <step title="LockFile &apos;C:\home\site\locks\deployments.lock&apos; acquired" date="2025-08-24T21:23:46.596" /><!-- duration: 12ms -->
    <step title="Saving request content to C:\local\Temp\zipdeploy\vupxqn2f.zip" date="2025-08-24T21:23:46.608" >
      <step title="Total 23,409,377 bytes written to C:\local\Temp\zipdeploy\vupxqn2f.zip" date="2025-08-24T21:23:47.128" /><!-- duration: 0ms -->
    </step><!-- duration: 520ms -->
    <step title="LockFile &apos;C:\home\site\locks\deployments.lock&apos; released" date="2025-08-24T21:23:47.140" /><!-- duration: 0ms -->
    <step title="Deleting shutdown sentinel file" date="2025-08-24T21:23:47.140" SemaphoreCount="8" /><!-- duration: 0ms -->
    <step title="Starting FetchDeploy" date="2025-08-24T21:23:47.155" /><!-- duration: 0ms -->
    <step title="Start deployment in the background" date="2025-08-24T21:23:47.171" >
      <step title="Starting LocalZipFetch" date="2025-08-24T21:23:47.327" /><!-- duration: 16ms -->
    </step><!-- duration: 762ms -->
  </step><!-- duration: 1465ms -->
  <step title="Outgoing response" date="2025-08-24T21:23:48.263" type="response" statusCode="202" statusText="Accepted" Server="Microsoft-IIS/10.0" x-ms-request-id="9b6a6458-8130-11f0-841b-f057a69bc617" Retry-After="30" Cache-Control="private" X-AspNet-Version="4.0.30319" Location="https://241runnersawareness-api.scm.azurewebsites.net/api/deployments/latest?deployer=ZipDeploy&amp;time=2025-08-24_21-23-47Z" /><!-- duration: 30ms -->
</step><!-- duration: 1953ms -->
