<step title="Incoming Request" date="2025-08-25T19:03:12.123" instance="7788a4" url="/api/zipdeploy?isAsync=true" method="POST" type="request" pid="652,2,8" Cache-Control="no-cache" Content-Length="25508403" Content-Type="application/octet-stream" Accept="*/*" Accept-Encoding="gzip, deflate" Authorization="Bea..." Host="241runnersawareness-api.scm.azurewebsites.net" User-Agent="AZURECLI/2.76.0 (MSI)" x-ms-client-request-id="230e899e-81e6-11f0-ada6-f057a69bc617" X-ARR-LOG-ID="230e899e-81e6-11f0-ada6-f057a69bc617" CLIENT-IP="97.75.150.66:38519" X-SITE-DEPLOYMENT-ID="241runnersawareness-api" WAS-DEFAULT-HOSTNAME="241runnersawareness-api.scm.azurewebsites.net" X-Forwarded-Proto="https" X-AppService-Proto="https" X-Forwarded-TlsVersion="1.3" X-WAWS-Unencoded-URL="/api/zipdeploy?isAsync=true" >
  <step title="Cleanup Xml Logs" date="2025-08-25T19:03:12.123" /><!-- duration: 16ms -->
  <step title="ZipPushDeploy" date="2025-08-25T19:03:12.154" >
    <step title="ZipDeploy. Extract zip. " date="2025-08-25T19:03:12.154" /><!-- duration: 0ms -->
    <step title="Starting PushDeployAsync" date="2025-08-25T19:03:12.154" /><!-- duration: 16ms -->
    <step title="Updating shutdown sentinel last write time" date="2025-08-25T19:03:12.185" SemaphoreCount="7" /><!-- duration: 0ms -->
    <step title="LockFile &apos;C:\home\site\locks\deployments.lock&apos; acquired" date="2025-08-25T19:03:12.232" /><!-- duration: 0ms -->
    <step title="Saving request content to C:\local\Temp\zipdeploy\p3q2px5p.zip" date="2025-08-25T19:03:12.248" >
      <step title="Total 25,508,403 bytes written to C:\local\Temp\zipdeploy\p3q2px5p.zip" date="2025-08-25T19:03:12.857" /><!-- duration: 0ms -->
    </step><!-- duration: 627ms -->
    <step title="LockFile &apos;C:\home\site\locks\deployments.lock&apos; released" date="2025-08-25T19:03:12.875" /><!-- duration: 0ms -->
    <step title="Deleting shutdown sentinel file" date="2025-08-25T19:03:12.888" SemaphoreCount="8" /><!-- duration: 0ms -->
    <step title="Starting FetchDeploy" date="2025-08-25T19:03:12.888" /><!-- duration: 0ms -->
    <step title="Start deployment in the background" date="2025-08-25T19:03:12.888" /><!-- duration: 47ms -->
  </step><!-- duration: 797ms -->
  <step title="Outgoing response" date="2025-08-25T19:03:12.966" type="response" statusCode="202" statusText="Accepted" Server="Microsoft-IIS/10.0" x-ms-request-id="230e899e-81e6-11f0-ada6-f057a69bc617" Retry-After="30" Cache-Control="private" X-AspNet-Version="4.0.30319" Location="https://241runnersawareness-api.scm.azurewebsites.net/api/deployments/latest?deployer=ZipDeploy&amp;time=2025-08-25_19-03-12Z" /><!-- duration: 19ms -->
</step><!-- duration: 875ms -->
