<step title="BackgroundTrace" date="2025-08-29T15:26:43.705" instance="7788a4" url="/api/zipdeploy" method="POST" >
  <step title="Updating shutdown sentinel last write time" date="2025-08-29T15:26:43.738" SemaphoreCount="7" /><!-- duration: 0ms -->
  <step title="LockFile &apos;C:\home\site\locks\deployments.lock&apos; acquired" date="2025-08-29T15:26:43.738" /><!-- duration: 0ms -->
  <step title="Creating temporary deployment" date="2025-08-29T15:26:43.752" /><!-- duration: 47ms -->
  <step title="Performing fetch based deployment" date="2025-08-29T15:26:43.830" >
    <step title="Fetching changes." date="2025-08-29T15:26:44.020" /><!-- duration: 50ms -->
    <step title="Starting LocalZipHandler" date="2025-08-29T15:26:44.080" /><!-- duration: 20ms -->
    <step title="Starting ExtractTriggers" date="2025-08-29T15:26:44.111" /><!-- duration: 0ms -->
    <step title="Before sending BuildRequestReceived status to /api/updatedeploystatus" date="2025-08-29T15:26:44.142" /><!-- duration: 0ms -->
    <step title="DeploymentManager.Deploy(id:0263e6f922374b2fbc659822b59e7e02)" date="2025-08-29T15:26:44.158" >
      <step title="Collecting changeset information" date="2025-08-29T15:26:44.174" /><!-- duration: 31ms -->
      <step title="Updating submodules" date="2025-08-29T15:26:44.205" >
        <step title="Updating submodules." date="2025-08-29T15:26:44.236" /><!-- duration: 0ms -->
      </step><!-- duration: 47ms -->
      <step title="Preparing deployment for commit id &apos;0263e6f922&apos;." date="2025-08-29T15:26:44.283" /><!-- duration: 16ms -->
      <step title="Determining deployment builder" date="2025-08-29T15:26:44.314" >
        <step title="Builder is RunFromZipSiteBuilder" date="2025-08-29T15:26:44.314" /><!-- duration: 16ms -->
      </step><!-- duration: 16ms -->
      <step title="Copying SSH keys" date="2025-08-29T15:26:44.346" /><!-- duration: 15ms -->
      <step title="Building" date="2025-08-29T15:26:44.361" >
        <step title="Skipping build. Project type: Run-From-Zip" date="2025-08-29T15:26:44.392" /><!-- duration: 0ms -->
        <step title="Skipping post build. Project type: Run-From-Zip" date="2025-08-29T15:26:44.424" /><!-- duration: 0ms -->
        <step title="Triggering recycle (preview mode disabled)." date="2025-08-29T15:26:44.471" /><!-- duration: 0ms -->
        <step title="Ignoring FS watcher based recycle request as this is a classic Windows app." date="2025-08-29T15:26:44.471" /><!-- duration: 16ms -->
        <step title="Deployment successful. DEPLOYMENTINFO: deploymentPath = ZipDeploy. Run from package., deployer = ZipDeploy, os = windows, sku = Basic, siteName = 241runnersawareness-api, siteHostName = 241runnersawareness-api.azurewebsites.net, deploymentStatus = Success" date="2025-08-29T15:26:44.533" /><!-- duration: 16ms -->
        <step title="Purge deployment items" date="2025-08-29T15:26:44.736" >
          <step title="Remove f985fada1, Success, received at 8/28/2025 8:43:04 PM" date="2025-08-29T15:26:44.783" /><!-- duration: 0ms -->
        </step><!-- duration: 47ms -->
      </step><!-- duration: 438ms -->
    </step><!-- duration: 656ms -->
    <step title="Cleaning up temp files" date="2025-08-29T15:26:44.814" /><!-- duration: 0ms -->
    <step title="Updating C:\home\data\SitePackages\packagename.txt with deployment 20250829152642.zip" date="2025-08-29T15:26:44.830" /><!-- duration: 78ms -->
    <step title="Skip function trigger and logicapp sync because function is not enabled." date="2025-08-29T15:26:44.908" /><!-- duration: 0ms -->
  </step><!-- duration: 1125ms -->
  <step title="LockFile &apos;C:\home\site\locks\deployments.lock&apos; released" date="2025-08-29T15:26:44.955" /><!-- duration: 0ms -->
  <step title="Deleting shutdown sentinel file" date="2025-08-29T15:26:44.971" SemaphoreCount="8" /><!-- duration: 0ms -->
</step><!-- duration: 1281ms -->
