<step title="BackgroundTrace" date="2025-08-15T17:52:08.484" instance="7788a4" url="/api/zipdeploy" method="POST" >
  <step title="Updating shutdown sentinel last write time" date="2025-08-15T17:52:08.484" SemaphoreCount="7" /><!-- duration: 16ms -->
  <step title="LockFile &apos;C:\home\site\locks\deployments.lock&apos; acquired" date="2025-08-15T17:52:08.500" /><!-- duration: 0ms -->
  <step title="Creating temporary deployment" date="2025-08-15T17:52:08.500" /><!-- duration: 31ms -->
  <step title="Performing fetch based deployment" date="2025-08-15T17:52:08.531" >
    <step title="Fetching changes." date="2025-08-15T17:52:08.581" /><!-- duration: 13ms -->
    <step title="Starting LocalZipHandler" date="2025-08-15T17:52:08.594" /><!-- duration: 16ms -->
    <step title="Cleaning up temp folders from previous zip deployments and extracting pushed zip file C:\local\Temp\zipdeploy\awi22jtq.zip (9.95 MB) to C:\local\Temp\zipdeploy\extracted" date="2025-08-15T17:52:08.641" /><!-- duration: 0ms -->
    <step title="Cleaning up temp folders from previous zip deployments and extracting pushed zip file C:\local\Temp\zipdeploy\awi22jtq.zip (9.95 MB) to C:\local\Temp\zipdeploy\extracted" date="2025-08-15T17:52:08.641" >
      <step title="Renaming extractTargetDirectory(C:\local\Temp\zipdeploy\extracted) to tempDirectory(C:\local\Temp\zipdeploy\ajlnmlct.de3)" date="2025-08-15T17:52:08.656" /><!-- duration: 0ms -->
      <step title="Extracting 94 entries to C:\local\Temp\zipdeploy\extracted directory" date="2025-08-15T17:52:08.766" >
        <step title="Extracting to C:\local\Temp\zipdeploy\extracted\runtimes\browser\lib\net8.0\System.Text.Encodings.Web.dll ..." date="2025-08-15T17:52:08.784" /><!-- duration: 13ms -->
        <step title="Extracting to C:\local\Temp\zipdeploy\extracted\runtimes\unix\lib\net6.0\Microsoft.Data.SqlClient.dll ..." date="2025-08-15T17:52:08.814" /><!-- duration: 80ms -->
        <step title="Extracting to C:\local\Temp\zipdeploy\extracted\runtimes\unix\lib\net6.0\System.Drawing.Common.dll ..." date="2025-08-15T17:52:08.906" /><!-- duration: 31ms -->
        <step title="Extracting to C:\local\Temp\zipdeploy\extracted\runtimes\win\lib\net6.0\Microsoft.Data.SqlClient.dll ..." date="2025-08-15T17:52:08.955" /><!-- duration: 80ms -->
        <step title="Extracting to C:\local\Temp\zipdeploy\extracted\runtimes\win\lib\net6.0\Microsoft.Win32.SystemEvents.dll ..." date="2025-08-15T17:52:09.035" /><!-- duration: 12ms -->
        <step title="Omitting extracting file traces ..." date="2025-08-15T17:52:09.047" /><!-- duration: 31ms -->
      </step><!-- duration: 1750ms -->
    </step><!-- duration: 1906ms -->
    <step title="Before sending BuildRequestReceived status to /api/updatedeploystatus" date="2025-08-15T17:52:10.547" /><!-- duration: 16ms -->
    <step title="DeploymentManager.Deploy(id:6ad1ac56056b442b96be1949c6705e29)" date="2025-08-15T17:52:10.562" >
      <step title="Collecting changeset information" date="2025-08-15T17:52:10.594" /><!-- duration: 47ms -->
      <step title="Updating submodules" date="2025-08-15T17:52:10.656" >
        <step title="Updating submodules." date="2025-08-15T17:52:10.672" /><!-- duration: 0ms -->
      </step><!-- duration: 31ms -->
      <step title="Preparing deployment for commit id &apos;6ad1ac5605&apos;." date="2025-08-15T17:52:10.703" /><!-- duration: 16ms -->
      <step title="Determining deployment builder" date="2025-08-15T17:52:10.750" >
        <step title="Builder is BasicBuilder" date="2025-08-15T17:52:10.750" /><!-- duration: 0ms -->
      </step><!-- duration: 0ms -->
      <step title="Copying SSH keys" date="2025-08-15T17:52:10.766" /><!-- duration: 0ms -->
      <step title="Building" date="2025-08-15T17:52:10.766" >
        <step title="Generating deployment script." date="2025-08-15T17:52:10.798" /><!-- duration: 15ms -->
        <step title="Generating deployment script" date="2025-08-15T17:52:10.812" >
          <step title="Using cached version of the deployment script for command: -y --no-dot-deployment -r &quot;C:\local\Temp\zipdeploy\extracted&quot; -o &quot;C:\home\site\deployments\tools&quot; --basic --sitePath &quot;C:\local\Temp\zipdeploy\extracted&quot;" date="2025-08-15T17:52:10.828" /><!-- duration: 0ms -->
          <step title="Using cached version of deployment script (command: &apos;azure -y --no-dot-deployment -r &quot;C:\local\Temp\zipdeploy\extracted&quot; -o &quot;C:\home\site\deployments\tools&quot; --basic --sitePath &quot;C:\local\Temp\zipdeploy\extracted&quot;&apos;)." date="2025-08-15T17:52:10.844" /><!-- duration: 16ms -->
        </step><!-- duration: 47ms -->
        <step title="Running deployment command..." date="2025-08-15T17:52:10.911" /><!-- duration: 11ms -->
        <step title="Command: &quot;C:\home\site\deployments\tools\deploy.cmd&quot;" date="2025-08-15T17:52:10.937" /><!-- duration: 0ms -->
        <step title="Executing external process" date="2025-08-15T17:52:10.937" type="process" path="starter.cmd" arguments="&quot;C:\home\site\deployments\tools\deploy.cmd&quot;" >
          <step title="Handling Basic Web Site deployment." date="2025-08-15T17:52:11.439" /><!-- duration: 0ms -->
          <step title="Creating app_offline.htm" date="2025-08-15T17:52:11.969" /><!-- duration: 16ms -->
          <step title="KuduSync.NET from: &apos;C:\local\Temp\zipdeploy\extracted&apos; to: &apos;C:\home\site\wwwroot&apos;" date="2025-08-15T17:52:12.004" /><!-- duration: 0ms -->
          <step title="Deleting app_offline.htm" date="2025-08-15T17:52:12.016" /><!-- duration: 19ms -->
          <step title="Finished successfully." date="2025-08-15T17:52:12.065" /><!-- duration: 13ms -->
        </step><!-- duration: 1141ms -->
        <step title="Running post deployment command(s)..." date="2025-08-15T17:52:12.141" /><!-- duration: 16ms -->
        <step title="Triggering recycle (preview mode disabled)." date="2025-08-15T17:52:12.187" /><!-- duration: 16ms -->
        <step title="Ignoring FS watcher based recycle request as this is a classic Windows app." date="2025-08-15T17:52:12.234" /><!-- duration: 0ms -->
        <step title="Deployment successful. DEPLOYMENTINFO: deploymentPath = ZipDeploy. Extract zip. , deployer = ZipDeploy, os = windows, sku = Basic, siteName = 241runnersawareness-api, siteHostName = 241runnersawareness-api.azurewebsites.net, deploymentStatus = Success" date="2025-08-15T17:52:12.266" /><!-- duration: 0ms -->
      </step><!-- duration: 1609ms -->
    </step><!-- duration: 1813ms -->
    <step title="Cleaning up temp files" date="2025-08-15T17:52:12.375" /><!-- duration: 16ms -->
    <step title="Skip function trigger and logicapp sync because function is not enabled." date="2025-08-15T17:52:12.391" /><!-- duration: 16ms -->
  </step><!-- duration: 3906ms -->
  <step title="LockFile &apos;C:\home\site\locks\deployments.lock&apos; released" date="2025-08-15T17:52:12.437" /><!-- duration: 0ms -->
  <step title="Deleting shutdown sentinel file" date="2025-08-15T17:52:12.437" SemaphoreCount="8" /><!-- duration: 16ms -->
</step><!-- duration: 3969ms -->
