<step title="BackgroundTrace" date="2025-08-24T21:22:09.691" instance="7788a4" url="/api/zipdeploy" method="POST" >
  <step title="Updating shutdown sentinel last write time" date="2025-08-24T21:22:09.738" SemaphoreCount="7" /><!-- duration: 0ms -->
  <step title="LockFile &apos;C:\home\site\locks\deployments.lock&apos; acquired" date="2025-08-24T21:22:09.738" /><!-- duration: 0ms -->
  <step title="Creating temporary deployment" date="2025-08-24T21:22:09.753" /><!-- duration: 109ms -->
  <step title="Performing fetch based deployment" date="2025-08-24T21:22:09.878" >
    <step title="Fetching changes." date="2025-08-24T21:22:10.159" /><!-- duration: 31ms -->
    <step title="Starting LocalZipHandler" date="2025-08-24T21:22:10.191" /><!-- duration: 0ms -->
    <step title="Cleaning up temp folders from previous zip deployments and extracting pushed zip file C:\local\Temp\zipdeploy\i5ti1dgn.zip (22.32 MB) to C:\local\Temp\zipdeploy\extracted" date="2025-08-24T21:22:10.238" /><!-- duration: 0ms -->
    <step title="Cleaning up temp folders from previous zip deployments and extracting pushed zip file C:\local\Temp\zipdeploy\i5ti1dgn.zip (22.32 MB) to C:\local\Temp\zipdeploy\extracted" date="2025-08-24T21:22:10.238" >
      <step title="Renaming extractTargetDirectory(C:\local\Temp\zipdeploy\extracted) to tempDirectory(C:\local\Temp\zipdeploy\dqx3oy3f.znc)" date="2025-08-24T21:22:10.238" /><!-- duration: 0ms -->
      <step title="Extracting 160 entries to C:\local\Temp\zipdeploy\extracted directory" date="2025-08-24T21:22:10.503" >
        <step title="Extracting to C:\local\Temp\zipdeploy\extracted\runtimes\browser-wasm\nativeassets\net8.0\e_sqlite3.a ..." date="2025-08-24T21:22:10.534" /><!-- duration: 98ms -->
        <step title="Extracting to C:\local\Temp\zipdeploy\extracted\runtimes\linux-arm\native\libe_sqlite3.so ..." date="2025-08-24T21:22:10.644" /><!-- duration: 49ms -->
        <step title="Extracting to C:\local\Temp\zipdeploy\extracted\runtimes\linux-arm64\native\libe_sqlite3.so ..." date="2025-08-24T21:22:10.706" /><!-- duration: 78ms -->
        <step title="Extracting to C:\local\Temp\zipdeploy\extracted\runtimes\linux-armel\native\libe_sqlite3.so ..." date="2025-08-24T21:22:10.816" /><!-- duration: 79ms -->
        <step title="Extracting to C:\local\Temp\zipdeploy\extracted\runtimes\linux-mips64\native\libe_sqlite3.so ..." date="2025-08-24T21:22:10.914" /><!-- duration: 91ms -->
        <step title="Omitting extracting file traces ..." date="2025-08-24T21:22:11.005" /><!-- duration: 80ms -->
      </step><!-- duration: 3688ms -->
    </step><!-- duration: 3973ms -->
    <step title="Before sending BuildRequestReceived status to /api/updatedeploystatus" date="2025-08-24T21:22:14.222" /><!-- duration: 19ms -->
    <step title="DeploymentManager.Deploy(id:ccb69536b4b54f76b3b044ccf9616a9e)" date="2025-08-24T21:22:14.253" >
      <step title="Collecting changeset information" date="2025-08-24T21:22:14.271" /><!-- duration: 80ms -->
      <step title="Updating submodules" date="2025-08-24T21:22:14.363" >
        <step title="Updating submodules." date="2025-08-24T21:22:14.503" /><!-- duration: 31ms -->
      </step><!-- duration: 190ms -->
      <step title="Preparing deployment for commit id &apos;ccb69536b4&apos;." date="2025-08-24T21:22:14.644" /><!-- duration: 31ms -->
      <step title="Determining deployment builder" date="2025-08-24T21:22:14.738" >
        <step title="Builder is BasicBuilder" date="2025-08-24T21:22:14.754" /><!-- duration: 20ms -->
      </step><!-- duration: 36ms -->
      <step title="Copying SSH keys" date="2025-08-24T21:22:14.784" /><!-- duration: 0ms -->
      <step title="Building" date="2025-08-24T21:22:14.784" >
        <step title="Generating deployment script." date="2025-08-24T21:22:14.847" /><!-- duration: 18ms -->
        <step title="Generating deployment script" date="2025-08-24T21:22:14.865" >
          <step title="Using cached version of the deployment script for command: -y --no-dot-deployment -r &quot;C:\local\Temp\zipdeploy\extracted&quot; -o &quot;C:\home\site\deployments\tools&quot; --basic --sitePath &quot;C:\local\Temp\zipdeploy\extracted&quot;" date="2025-08-24T21:22:14.988" /><!-- duration: 18ms -->
          <step title="Using cached version of deployment script (command: &apos;azure -y --no-dot-deployment -r &quot;C:\local\Temp\zipdeploy\extracted&quot; -o &quot;C:\home\site\deployments\tools&quot; --basic --sitePath &quot;C:\local\Temp\zipdeploy\extracted&quot;&apos;)." date="2025-08-24T21:22:15.035" /><!-- duration: 50ms -->
        </step><!-- duration: 232ms -->
        <step title="Running deployment command..." date="2025-08-24T21:22:15.317" /><!-- duration: 30ms -->
        <step title="Command: &quot;C:\home\site\deployments\tools\deploy.cmd&quot;" date="2025-08-24T21:22:15.409" /><!-- duration: 0ms -->
        <step title="Executing external process" date="2025-08-24T21:22:15.472" type="process" path="starter.cmd" arguments="&quot;C:\home\site\deployments\tools\deploy.cmd&quot;" >
          <step title="Handling Basic Web Site deployment." date="2025-08-24T21:22:16.806" /><!-- duration: 10ms -->
          <step title="Creating app_offline.htm" date="2025-08-24T21:22:16.816" /><!-- duration: 0ms -->
          <step title="KuduSync.NET from: &apos;C:\local\Temp\zipdeploy\extracted&apos; to: &apos;C:\home\site\wwwroot&apos;" date="2025-08-24T21:22:16.831" /><!-- duration: 0ms -->
          <step title="Copying file: &apos;241RunnersAwareness.BackendAPI.staticwebassets.endpoints.json&apos;" date="2025-08-24T21:22:16.847" /><!-- duration: 0ms -->
          <step title="Copying file: &apos;wwwroot\signup.html&apos;" date="2025-08-24T21:22:16.847" /><!-- duration: 0ms -->
          <step title="Deleting app_offline.htm" date="2025-08-24T21:22:16.863" /><!-- duration: 0ms -->
          <step title="Finished successfully." date="2025-08-24T21:22:16.878" /><!-- duration: 0ms -->
        </step><!-- duration: 1406ms -->
        <step title="Running post deployment command(s)..." date="2025-08-24T21:22:16.977" /><!-- duration: 0ms -->
        <step title="Triggering recycle (preview mode disabled)." date="2025-08-24T21:22:17.068" /><!-- duration: 0ms -->
        <step title="Ignoring FS watcher based recycle request as this is a classic Windows app." date="2025-08-24T21:22:17.088" /><!-- duration: 10ms -->
        <step title="Deployment successful. DEPLOYMENTINFO: deploymentPath = ZipDeploy. Extract zip. , deployer = ZipDeploy, os = windows, sku = Basic, siteName = 241runnersawareness-api, siteHostName = 241runnersawareness-api.azurewebsites.net, deploymentStatus = Success" date="2025-08-24T21:22:17.178" /><!-- duration: 13ms -->
      </step><!-- duration: 2578ms -->
    </step><!-- duration: 3125ms -->
    <step title="Cleaning up temp files" date="2025-08-24T21:22:17.394" /><!-- duration: 0ms -->
    <step title="Skip function trigger and logicapp sync because function is not enabled." date="2025-08-24T21:22:17.443" /><!-- duration: 0ms -->
  </step><!-- duration: 7578ms -->
  <step title="LockFile &apos;C:\home\site\locks\deployments.lock&apos; released" date="2025-08-24T21:22:17.456" /><!-- duration: 16ms -->
  <step title="Deleting shutdown sentinel file" date="2025-08-24T21:22:17.472" SemaphoreCount="8" /><!-- duration: 0ms -->
</step><!-- duration: 7797ms -->
