<step title="Incoming Request" date="2025-08-24T20:45:46.857" instance="7788a4" url="/api/zipdeploy?isAsync=true" method="POST" type="request" pid="1696,2,8" Cache-Control="no-cache" Connection="Keep-Alive" Content-Length="23405505" Content-Type="application/octet-stream" Accept="*/*" Accept-Encoding="gzip, deflate" Authorization="Bea..." Host="241runnersawareness-api.scm.azurewebsites.net" User-Agent="AZURECLI/2.76.0 (MSI)" x-ms-client-request-id="47b35c7f-812b-11f0-b26f-f057a69bc617" X-ARR-LOG-ID="47b35c7f-812b-11f0-b26f-f057a69bc617" CLIENT-IP="97.75.150.66:38446" X-SITE-DEPLOYMENT-ID="241runnersawareness-api" WAS-DEFAULT-HOSTNAME="241runnersawareness-api.scm.azurewebsites.net" X-Forwarded-Proto="https" X-AppService-Proto="https" X-Forwarded-TlsVersion="1.3" X-WAWS-Unencoded-URL="/api/zipdeploy?isAsync=true" X-MS-COLDSTART="1" >
  <step title="ZipPushDeploy" date="2025-08-24T20:45:48.042" >
    <step title="ZipDeploy. Extract zip. " date="2025-08-24T20:45:48.123" /><!-- duration: 0ms -->
    <step title="Starting PushDeployAsync" date="2025-08-24T20:45:48.135" /><!-- duration: 16ms -->
    <step title="Updating shutdown sentinel last write time" date="2025-08-24T20:45:48.385" SemaphoreCount="7" /><!-- duration: 0ms -->
    <step title="LockFile &apos;C:\home\site\locks\deployments.lock&apos; acquired" date="2025-08-24T20:45:48.385" /><!-- duration: 20ms -->
    <step title="Saving request content to C:\local\Temp\zipdeploy\bp4rfmbx.zip" date="2025-08-24T20:45:48.416" >
      <step title="Total 23,405,505 bytes written to C:\local\Temp\zipdeploy\bp4rfmbx.zip" date="2025-08-24T20:45:49.744" /><!-- duration: 19ms -->
    </step><!-- duration: 1347ms -->
    <step title="LockFile &apos;C:\home\site\locks\deployments.lock&apos; released" date="2025-08-24T20:45:49.775" /><!-- duration: 0ms -->
    <step title="Deleting shutdown sentinel file" date="2025-08-24T20:45:49.775" SemaphoreCount="8" /><!-- duration: 0ms -->
    <step title="Starting FetchDeploy" date="2025-08-24T20:45:49.791" /><!-- duration: 16ms -->
    <step title="Start deployment in the background" date="2025-08-24T20:45:49.807" /><!-- duration: 129ms -->
  </step><!-- duration: 1905ms -->
  <step title="Starting LocalZipFetch" date="2025-08-24T20:45:50.185" /><!-- duration: 12ms -->
  <step title="Outgoing response" date="2025-08-24T20:45:53.827" type="response" statusCode="202" statusText="Accepted" Server="Microsoft-IIS/10.0" x-ms-request-id="47b35c7f-812b-11f0-b26f-f057a69bc617" Retry-After="30" Cache-Control="private" X-AspNet-Version="4.0.30319" Location="https://241runnersawareness-api.scm.azurewebsites.net/api/deployments/latest?deployer=ZipDeploy&amp;time=2025-08-24_20-45-49Z" /><!-- duration: 20ms -->
</step><!-- duration: 7000ms -->
