<step title="BackgroundTrace" date="2025-08-26T23:13:31.131" instance="7788a4" url="/api/zipdeploy" method="POST" >
  <step title="Cleanup Xml Logs" date="2025-08-26T23:13:31.148" /><!-- duration: 0ms -->
  <step title="Updating shutdown sentinel last write time" date="2025-08-26T23:13:31.196" SemaphoreCount="7" /><!-- duration: 13ms -->
  <step title="LockFile &apos;C:\home\site\locks\deployments.lock&apos; acquired" date="2025-08-26T23:13:31.209" /><!-- duration: 0ms -->
  <step title="Creating temporary deployment" date="2025-08-26T23:13:31.209" /><!-- duration: 62ms -->
  <step title="Performing fetch based deployment" date="2025-08-26T23:13:31.287" >
    <step title="Fetching changes." date="2025-08-26T23:13:31.490" /><!-- duration: 0ms -->
    <step title="Starting LocalZipHandler" date="2025-08-26T23:13:31.506" /><!-- duration: 0ms -->
    <step title="Cleaning up temp folders from previous zip deployments and extracting pushed zip file C:\local\Temp\zipdeploy\ry1dju00.zip (24.38 MB) to C:\local\Temp\zipdeploy\extracted" date="2025-08-26T23:13:31.537" /><!-- duration: 0ms -->
    <step title="Cleaning up temp folders from previous zip deployments and extracting pushed zip file C:\local\Temp\zipdeploy\ry1dju00.zip (24.38 MB) to C:\local\Temp\zipdeploy\extracted" date="2025-08-26T23:13:31.537" >
      <step title="Extracting 178 entries to C:\local\Temp\zipdeploy\extracted directory" date="2025-08-26T23:13:31.961" >
        <step title="Extracting to C:\local\Temp\zipdeploy\extracted\logs\deployments\latest.json ..." date="2025-08-26T23:13:31.961" /><!-- duration: 16ms -->
        <step title="Extracting to C:\local\Temp\zipdeploy\extracted\publish\241RunnersAwareness.BackendAPI.deps.json ..." date="2025-08-26T23:13:31.977" /><!-- duration: 16ms -->
        <step title="Extracting to C:\local\Temp\zipdeploy\extracted\publish\241RunnersAwareness.BackendAPI.runtimeconfig.json ..." date="2025-08-26T23:13:31.993" /><!-- duration: 0ms -->
        <step title="Extracting to C:\local\Temp\zipdeploy\extracted\publish\241RunnersAwareness.BackendAPI.staticwebassets.endpoints.json ..." date="2025-08-26T23:13:31.993" /><!-- duration: 16ms -->
        <step title="Extracting to C:\local\Temp\zipdeploy\extracted\publish\appsettings.Development.json ..." date="2025-08-26T23:13:32.008" /><!-- duration: 0ms -->
        <step title="Omitting extracting file traces ..." date="2025-08-26T23:13:32.024" /><!-- duration: 0ms -->
      </step><!-- duration: 4662ms -->
    </step><!-- duration: 5096ms -->
    <step title="Before sending BuildRequestReceived status to /api/updatedeploystatus" date="2025-08-26T23:13:36.665" /><!-- duration: 19ms -->
    <step title="DeploymentManager.Deploy(id:806bc281d7074180b3134e1ea77b1e8f)" date="2025-08-26T23:13:36.696" >
      <step title="Collecting changeset information" date="2025-08-26T23:13:36.712" /><!-- duration: 47ms -->
      <step title="Updating submodules" date="2025-08-26T23:13:36.774" >
        <step title="Updating submodules." date="2025-08-26T23:13:36.854" /><!-- duration: 14ms -->
      </step><!-- duration: 94ms -->
      <step title="Preparing deployment for commit id &apos;806bc281d7&apos;." date="2025-08-26T23:13:36.962" /><!-- duration: 17ms -->
      <step title="Determining deployment builder" date="2025-08-26T23:13:37.089" >
        <step title="Builder is BasicBuilder" date="2025-08-26T23:13:37.119" /><!-- duration: 0ms -->
      </step><!-- duration: 45ms -->
      <step title="Copying SSH keys" date="2025-08-26T23:13:37.165" /><!-- duration: 0ms -->
      <step title="Building" date="2025-08-26T23:13:37.165" >
        <step title="Generating deployment script." date="2025-08-26T23:13:37.231" /><!-- duration: 0ms -->
        <step title="Generating deployment script" date="2025-08-26T23:13:37.243" >
          <step title="Using cached version of the deployment script for command: -y --no-dot-deployment -r &quot;C:\local\Temp\zipdeploy\extracted&quot; -o &quot;C:\home\site\deployments\tools&quot; --basic --sitePath &quot;C:\local\Temp\zipdeploy\extracted&quot;" date="2025-08-26T23:13:37.321" /><!-- duration: 0ms -->
          <step title="Using cached version of deployment script (command: &apos;azure -y --no-dot-deployment -r &quot;C:\local\Temp\zipdeploy\extracted&quot; -o &quot;C:\home\site\deployments\tools&quot; --basic --sitePath &quot;C:\local\Temp\zipdeploy\extracted&quot;&apos;)." date="2025-08-26T23:13:37.337" /><!-- duration: 0ms -->
        </step><!-- duration: 94ms -->
        <step title="Running deployment command..." date="2025-08-26T23:13:37.415" /><!-- duration: 16ms -->
        <step title="Command: &quot;C:\home\site\deployments\tools\deploy.cmd&quot;" date="2025-08-26T23:13:37.446" /><!-- duration: 16ms -->
        <step title="Executing external process" date="2025-08-26T23:13:37.512" type="process" path="starter.cmd" arguments="&quot;C:\home\site\deployments\tools\deploy.cmd&quot;" >
          <step title="Handling Basic Web Site deployment." date="2025-08-26T23:13:41.431" /><!-- duration: 0ms -->
          <step title="Creating app_offline.htm" date="2025-08-26T23:13:41.446" /><!-- duration: 0ms -->
          <step title="KuduSync.NET from: &apos;C:\local\Temp\zipdeploy\extracted&apos; to: &apos;C:\home\site\wwwroot&apos;" date="2025-08-26T23:13:41.446" /><!-- duration: 0ms -->
          <step title="Deleting app_offline.htm" date="2025-08-26T23:13:41.462" /><!-- duration: 0ms -->
          <step title="Finished successfully." date="2025-08-26T23:13:41.493" /><!-- duration: 16ms -->
        </step><!-- duration: 3997ms -->
        <step title="Running post deployment command(s)..." date="2025-08-26T23:13:41.634" /><!-- duration: 19ms -->
        <step title="Triggering recycle (preview mode disabled)." date="2025-08-26T23:13:41.854" /><!-- duration: 0ms -->
        <step title="Ignoring FS watcher based recycle request as this is a classic Windows app." date="2025-08-26T23:13:41.874" /><!-- duration: 0ms -->
        <step title="Deployment successful. DEPLOYMENTINFO: deploymentPath = ZipDeploy. Extract zip. , deployer = ZipDeploy, os = windows, sku = Basic, siteName = 241runnersawareness-api, siteHostName = 241runnersawareness-api.azurewebsites.net, deploymentStatus = Success" date="2025-08-26T23:13:42.009" /><!-- duration: 0ms -->
        <step title="Purge deployment items" date="2025-08-26T23:13:42.306" >
          <step title="Remove 6e0acdac6, Success, received at 8/24/2025 9:49:59 PM" date="2025-08-26T23:13:42.416" /><!-- duration: 0ms -->
        </step><!-- duration: 110ms -->
      </step><!-- duration: 5331ms -->
    </step><!-- duration: 5829ms -->
    <step title="Cleaning up temp files" date="2025-08-26T23:13:42.540" /><!-- duration: 0ms -->
    <step title="Skip function trigger and logicapp sync because function is not enabled." date="2025-08-26T23:13:42.571" /><!-- duration: 16ms -->
  </step><!-- duration: 11618ms -->
  <step title="LockFile &apos;C:\home\site\locks\deployments.lock&apos; released" date="2025-08-26T23:13:42.916" /><!-- duration: 0ms -->
  <step title="Deleting shutdown sentinel file" date="2025-08-26T23:13:42.936" SemaphoreCount="8" /><!-- duration: 11ms -->
</step><!-- duration: 11815ms -->
