<step title="Incoming Request" date="2025-08-29T13:31:23.164" instance="7788a4" url="/api/publish?async=true&amp;deployer=GITHUB_ONE_DEPLOY&amp;type=zip&amp;message=%7B%22type%22%3A%22deployment%22%2C%22sha%22%3A%22e2caaf063796d5af58fa339ca78b6ac77761549b%22%2C%22repoName%22%3A%22DekuWorks%2F241RunnersAwareness%22%2C%22actor%22%3A%22DekuWorks%22%2C%22slotName%22%3A%22Production%22%2C%22commitMessage%22%3A%22Remove%20admin%20role%20from%20static%20site%20signup%20forms%20and%20fix%20role%20validation%5Cn%5Cn-%20Remove%20admin%20role%20option%20from%20signup.html%20dropdown%5Cn-%20Update%20role%20values%20to%20lowercase%20to%20match%20backend%20expectations%5Cn-%20Add%20role%20validation%20in%20auth-utils.js%20to%20prevent%20admin%20role%20creation%5Cn-%20Update%20backend%2Fwwwroot%2Fsignup.html%20with%20same%20changes%5Cn-%20Ensure%20proper%20error%20messages%20for%20invalid%20role%20attempts%22%7D" method="POST" type="request" pid="4324,2,8" Transfer-Encoding="chunked" Content-Type="application/octet-stream" Authorization="Bea..." Cookie="ARRAffinity=7788a455ec154c4663c1b659ef530e471943b5c292ff1be1116a591d0c915669;Path=/;HttpOnly;Secure;Domain=241runnersawareness-api.scm.azurewebsites.net; ARRAffinitySameSite=7788a455ec154c4663c1b659ef530e471943b5c292ff1be1116a591d0c915669;Path=/;HttpOnly;SameSite=None;Secure;Domain=241runnersawareness-api.scm.azurewebsites.net" Host="241runnersawareness-api.scm.azurewebsites.net" User-Agent="GITHUBACTIONS_DeployWebAppToAzure_595ee1b31a2c90a1f7110b9442ef89a098f6ae428a4a7a7da91a41dc86c46f22" X-ARR-LOG-ID="d940cb27-b169-417a-bd5e-49fea1d1376e" CLIENT-IP="20.98.23.160:37888" X-SITE-DEPLOYMENT-ID="241runnersawareness-api" WAS-DEFAULT-HOSTNAME="241runnersawareness-api.scm.azurewebsites.net" X-Forwarded-Proto="https" X-AppService-Proto="https" X-Forwarded-TlsVersion="1.3" X-WAWS-Unencoded-URL="/api/publish?async=true&amp;deployer=GITHUB_ONE_DEPLOY&amp;type=zip&amp;message=%7B%22type%22%3A%22deployment%22%2C%22sha%22%3A%22e2caaf063796d5af58fa339ca78b6ac77761549b%22%2C%22repoName%22%3A%22DekuWorks%2F241RunnersAwareness%22%2C%22actor%22%3A%22DekuWorks%22%2C%22slotName%22%3A%22Production%22%2C%22commitMessage%22%3A%22Remove%20admin%20role%20from%20static%20site%20signup%20forms%20and%20fix%20role%20validation%5Cn%5Cn-%20Remove%20admin%20role%20option%20from%20signup.html%20dropdown%5Cn-%20Update%20role%20values%20to%20lowercase%20to%20match%20backend%20expectations%5Cn-%20Add%20role%20validation%20in%20auth-utils.js%20to%20prevent%20admin%20role%20creation%5Cn-%20Update%20backend%2Fwwwroot%2Fsignup.html%20with%20same%20changes%5Cn-%20Ensure%20proper%20error%20messages%20for%20invalid%20role%20attempts%22%7D" >
  <step title="OneDeploy" date="2025-08-29T13:31:23.369" >
    <step title="Starting PushDeployAsync" date="2025-08-29T13:31:23.462" /><!-- duration: 0ms -->
    <step title="Updating shutdown sentinel last write time" date="2025-08-29T13:31:23.680" SemaphoreCount="7" /><!-- duration: 0ms -->
    <step title="LockFile &apos;C:\home\site\locks\deployments.lock&apos; acquired" date="2025-08-29T13:31:23.680" /><!-- duration: 0ms -->
    <step title="Deleting outdated zip file C:\home\data\SitePackages\20250828205620.zip" date="2025-08-29T13:31:23.711" /><!-- duration: 0ms -->
    <step title="Saving request content to C:\home\data\SitePackages\20250829133123.zip" date="2025-08-29T13:31:23.742" >
      <step title="Total 28,393,722 bytes written to C:\home\data\SitePackages\20250829133123.zip" date="2025-08-29T13:31:24.867" /><!-- duration: 16ms -->
    </step><!-- duration: 1453ms -->
    <step title="LockFile &apos;C:\home\site\locks\deployments.lock&apos; released" date="2025-08-29T13:31:25.196" /><!-- duration: 0ms -->
    <step title="Deleting shutdown sentinel file" date="2025-08-29T13:31:25.211" SemaphoreCount="8" /><!-- duration: 0ms -->
    <step title="Starting FetchDeploy" date="2025-08-29T13:31:25.227" /><!-- duration: 0ms -->
    <step title="Start deployment in the background" date="2025-08-29T13:31:25.227" /><!-- duration: 141ms -->
  </step><!-- duration: 2019ms -->
  <step title="Outgoing response" date="2025-08-29T13:31:25.399" type="response" statusCode="202" statusText="Accepted" Server="Microsoft-IIS/10.0" x-ms-request-id="d940cb27-b169-417a-bd5e-49fea1d1376e" Retry-After="30" Cache-Control="private" X-AspNet-Version="4.0.30319" Location="https://241runnersawareness-api.scm.azurewebsites.net/api/deployments/latest?deployer=OneDeploy&amp;time=2025-08-29_13-31-25Z" /><!-- duration: 19ms -->
</step><!-- duration: 2266ms -->
