<step title="BackgroundTrace" date="2025-08-24T20:45:49.807" instance="7788a4" url="/api/zipdeploy" method="POST" >
  <step title="Updating shutdown sentinel last write time" date="2025-08-24T20:45:49.854" SemaphoreCount="7" /><!-- duration: 0ms -->
  <step title="LockFile &apos;C:\home\site\locks\deployments.lock&apos; acquired" date="2025-08-24T20:45:49.854" /><!-- duration: 0ms -->
  <step title="Creating temporary deployment" date="2025-08-24T20:45:49.869" /><!-- duration: 47ms -->
  <step title="Performing fetch based deployment" date="2025-08-24T20:45:49.935" >
    <step title="Fetching changes." date="2025-08-24T20:45:50.135" /><!-- duration: 20ms -->
    <step title="Starting LocalZipHandler" date="2025-08-24T20:45:50.166" /><!-- duration: 19ms -->
    <step title="Cleaning up temp folders from previous zip deployments and extracting pushed zip file C:\local\Temp\zipdeploy\bp4rfmbx.zip (22.32 MB) to C:\local\Temp\zipdeploy\extracted" date="2025-08-24T20:45:50.197" /><!-- duration: 0ms -->
    <step title="Cleaning up temp folders from previous zip deployments and extracting pushed zip file C:\local\Temp\zipdeploy\bp4rfmbx.zip (22.32 MB) to C:\local\Temp\zipdeploy\extracted" date="2025-08-24T20:45:50.197" >
      <step title="Extracting 159 entries to C:\local\Temp\zipdeploy\extracted directory" date="2025-08-24T20:45:50.688" >
        <step title="Extracting to C:\local\Temp\zipdeploy\extracted\runtimes\browser-wasm\nativeassets\net8.0\e_sqlite3.a ..." date="2025-08-24T20:45:50.718" /><!-- duration: 60ms -->
        <step title="Extracting to C:\local\Temp\zipdeploy\extracted\runtimes\linux-arm\native\libe_sqlite3.so ..." date="2025-08-24T20:45:50.797" /><!-- duration: 60ms -->
        <step title="Extracting to C:\local\Temp\zipdeploy\extracted\runtimes\linux-arm64\native\libe_sqlite3.so ..." date="2025-08-24T20:45:50.877" /><!-- duration: 74ms -->
        <step title="Extracting to C:\local\Temp\zipdeploy\extracted\runtimes\linux-armel\native\libe_sqlite3.so ..." date="2025-08-24T20:45:50.967" /><!-- duration: 62ms -->
        <step title="Extracting to C:\local\Temp\zipdeploy\extracted\runtimes\linux-mips64\native\libe_sqlite3.so ..." date="2025-08-24T20:45:51.028" /><!-- duration: 109ms -->
        <step title="Omitting extracting file traces ..." date="2025-08-24T20:45:51.138" /><!-- duration: 63ms -->
      </step><!-- duration: 3842ms -->
    </step><!-- duration: 4363ms -->
    <step title="Before sending BuildRequestReceived status to /api/updatedeploystatus" date="2025-08-24T20:45:54.609" /><!-- duration: 0ms -->
    <step title="DeploymentManager.Deploy(id:40ad4594446e4ae2815c7bc26eb863ed)" date="2025-08-24T20:45:54.639" >
      <step title="Collecting changeset information" date="2025-08-24T20:45:54.689" /><!-- duration: 105ms -->
      <step title="Updating submodules" date="2025-08-24T20:45:54.794" >
        <step title="Updating submodules." date="2025-08-24T20:45:54.859" /><!-- duration: 0ms -->
      </step><!-- duration: 98ms -->
      <step title="Preparing deployment for commit id &apos;40ad459444&apos;." date="2025-08-24T20:45:54.997" /><!-- duration: 16ms -->
      <step title="Determining deployment builder" date="2025-08-24T20:45:55.044" >
        <step title="Builder is BasicBuilder" date="2025-08-24T20:45:55.044" /><!-- duration: 16ms -->
      </step><!-- duration: 16ms -->
      <step title="Copying SSH keys" date="2025-08-24T20:45:55.078" /><!-- duration: 13ms -->
      <step title="Building" date="2025-08-24T20:45:55.091" >
        <step title="Generating deployment script." date="2025-08-24T20:45:55.122" /><!-- duration: 16ms -->
        <step title="Generating deployment script" date="2025-08-24T20:45:55.138" >
          <step title="Using cached version of the deployment script for command: -y --no-dot-deployment -r &quot;C:\local\Temp\zipdeploy\extracted&quot; -o &quot;C:\home\site\deployments\tools&quot; --basic --sitePath &quot;C:\local\Temp\zipdeploy\extracted&quot;" date="2025-08-24T20:45:55.233" /><!-- duration: 0ms -->
          <step title="Using cached version of deployment script (command: &apos;azure -y --no-dot-deployment -r &quot;C:\local\Temp\zipdeploy\extracted&quot; -o &quot;C:\home\site\deployments\tools&quot; --basic --sitePath &quot;C:\local\Temp\zipdeploy\extracted&quot;&apos;)." date="2025-08-24T20:45:55.247" /><!-- duration: 16ms -->
        </step><!-- duration: 125ms -->
        <step title="Running deployment command..." date="2025-08-24T20:45:55.310" /><!-- duration: 16ms -->
        <step title="Command: &quot;C:\home\site\deployments\tools\deploy.cmd&quot;" date="2025-08-24T20:45:55.341" /><!-- duration: 16ms -->
        <step title="Executing external process" date="2025-08-24T20:45:55.389" type="process" path="starter.cmd" arguments="&quot;C:\home\site\deployments\tools\deploy.cmd&quot;" >
          <step title="Handling Basic Web Site deployment." date="2025-08-24T20:45:57.264" /><!-- duration: 0ms -->
          <step title="Creating app_offline.htm" date="2025-08-24T20:45:57.301" /><!-- duration: 10ms -->
          <step title="KuduSync.NET from: &apos;C:\local\Temp\zipdeploy\extracted&apos; to: &apos;C:\home\site\wwwroot&apos;" date="2025-08-24T20:45:57.326" /><!-- duration: 16ms -->
          <step title="Deleting file: &apos;Microsoft.Bcl.Memory.dll&apos;" date="2025-08-24T20:45:57.342" /><!-- duration: 16ms -->
          <step title="Deleting file: &apos;Microsoft.Extensions.Caching.Abstractions.dll&apos;" date="2025-08-24T20:45:57.357" /><!-- duration: 16ms -->
          <step title="Deleting file: &apos;Microsoft.Extensions.Caching.Memory.dll&apos;" date="2025-08-24T20:45:57.373" /><!-- duration: 18ms -->
          <step title="Deleting file: &apos;Microsoft.Extensions.Configuration.Abstractions.dll&apos;" date="2025-08-24T20:45:57.391" /><!-- duration: 13ms -->
          <step title="Deleting file: &apos;Microsoft.Extensions.DependencyInjection.dll&apos;" date="2025-08-24T20:45:57.421" /><!-- duration: 0ms -->
          <step title="Deleting file: &apos;Microsoft.Extensions.Logging.dll&apos;" date="2025-08-24T20:45:57.435" /><!-- duration: 17ms -->
          <step title="Deleting file: &apos;Microsoft.Extensions.Primitives.dll&apos;" date="2025-08-24T20:45:57.453" /><!-- duration: 14ms -->
          <step title="Deleting file: &apos;System.ClientModel.dll&apos;" date="2025-08-24T20:45:57.467" /><!-- duration: 0ms -->
          <step title="Deleting file: &apos;System.CodeDom.dll&apos;" date="2025-08-24T20:45:57.483" /><!-- duration: 0ms -->
          <step title="Deleting file: &apos;System.Diagnostics.DiagnosticSource.dll&apos;" date="2025-08-24T20:45:57.483" /><!-- duration: 15ms -->
          <step title="Deleting file: &apos;System.Formats.Asn1.dll&apos;" date="2025-08-24T20:45:57.498" /><!-- duration: 0ms -->
          <step title="Deleting file: &apos;System.IO.Pipelines.dll&apos;" date="2025-08-24T20:45:57.514" /><!-- duration: 0ms -->
          <step title="Deleting file: &apos;System.Management.dll&apos;" date="2025-08-24T20:45:57.514" /><!-- duration: 16ms -->
          <step title="Deleting file: &apos;System.Text.Encodings.Web.dll&apos;" date="2025-08-24T20:45:57.565" /><!-- duration: 11ms -->
          <step title="Deleting file: &apos;System.Text.Json.dll&apos;" date="2025-08-24T20:45:57.595" /><!-- duration: 12ms -->
          <step title="Copying file: &apos;241RunnersAwareness.BackendAPI.deps.json&apos;" date="2025-08-24T20:45:58.578" /><!-- duration: 16ms -->
          <step title="Copying file: &apos;241RunnersAwareness.BackendAPI.dll&apos;" date="2025-08-24T20:45:58.594" /><!-- duration: 0ms -->
          <step title="Copying file: &apos;241RunnersAwareness.BackendAPI.exe&apos;" date="2025-08-24T20:45:58.610" /><!-- duration: 0ms -->
          <step title="Copying file: &apos;241RunnersAwareness.BackendAPI.pdb&apos;" date="2025-08-24T20:45:58.625" /><!-- duration: 16ms -->
          <step title="Copying file: &apos;241RunnersAwareness.BackendAPI.runtimeconfig.json&apos;" date="2025-08-24T20:45:58.641" /><!-- duration: 16ms -->
          <step title="Copying file: &apos;241RunnersAwareness.BackendAPI.staticwebassets.endpoints.json&apos;" date="2025-08-24T20:45:58.656" /><!-- duration: 0ms -->
          <step title="Copying file: &apos;appsettings.Development.json&apos;" date="2025-08-24T20:45:58.672" /><!-- duration: 141ms -->
          <step title="Copying file: &apos;appsettings.json&apos;" date="2025-08-24T20:45:58.813" /><!-- duration: 16ms -->
          <step title="Copying file: &apos;appsettings.Production.json&apos;" date="2025-08-24T20:45:58.828" /><!-- duration: 47ms -->
          <step title="Copying file: &apos;Azure.Core.dll&apos;" date="2025-08-24T20:45:58.906" /><!-- duration: 0ms -->
          <step title="Copying file: &apos;Azure.Identity.dll&apos;" date="2025-08-24T20:45:58.924" /><!-- duration: 0ms -->
          <step title="Copying file: &apos;Google.Apis.Auth.dll&apos;" date="2025-08-24T20:45:58.938" /><!-- duration: 0ms -->
          <step title="Copying file: &apos;Google.Apis.Auth.PlatformServices.dll&apos;" date="2025-08-24T20:45:58.938" /><!-- duration: 0ms -->
          <step title="Copying file: &apos;Google.Apis.Core.dll&apos;" date="2025-08-24T20:45:58.969" /><!-- duration: 0ms -->
          <step title="Copying file: &apos;Google.Apis.dll&apos;" date="2025-08-24T20:45:58.985" /><!-- duration: 0ms -->
          <step title="Copying file: &apos;Microsoft.Bcl.AsyncInterfaces.dll&apos;" date="2025-08-24T20:45:59.016" /><!-- duration: 0ms -->
          <step title="Copying file: &apos;Microsoft.Data.SqlClient.dll&apos;" date="2025-08-24T20:45:59.033" /><!-- duration: 30ms -->
          <step title="Copying file: &apos;Microsoft.Data.Sqlite.dll&apos;" date="2025-08-24T20:45:59.114" /><!-- duration: 0ms -->
          <step title="Copying file: &apos;Microsoft.EntityFrameworkCore.Abstractions.dll&apos;" date="2025-08-24T20:45:59.141" /><!-- duration: 0ms -->
          <step title="Copying file: &apos;Microsoft.EntityFrameworkCore.dll&apos;" date="2025-08-24T20:45:59.156" /><!-- duration: 0ms -->
          <step title="Copying file: &apos;Microsoft.EntityFrameworkCore.Relational.dll&apos;" date="2025-08-24T20:45:59.174" /><!-- duration: 14ms -->
          <step title="Copying file: &apos;Microsoft.EntityFrameworkCore.Sqlite.dll&apos;" date="2025-08-24T20:45:59.204" /><!-- duration: 0ms -->
          <step title="Copying file: &apos;Microsoft.EntityFrameworkCore.SqlServer.dll&apos;" date="2025-08-24T20:45:59.204" /><!-- duration: 15ms -->
          <step title="Copying file: &apos;Microsoft.Extensions.DependencyInjection.Abstractions.dll&apos;" date="2025-08-24T20:45:59.284" /><!-- duration: 13ms -->
          <step title="Copying file: &apos;Microsoft.Extensions.DependencyModel.dll&apos;" date="2025-08-24T20:45:59.315" /><!-- duration: 0ms -->
          <step title="Copying file: &apos;Microsoft.Extensions.Diagnostics.Abstractions.dll&apos;" date="2025-08-24T20:45:59.375" /><!-- duration: 0ms -->
          <step title="Copying file: &apos;Microsoft.Extensions.Hosting.Abstractions.dll&apos;" date="2025-08-24T20:45:59.469" /><!-- duration: 47ms -->
          <step title="Copying file: &apos;Microsoft.Extensions.Logging.Abstractions.dll&apos;" date="2025-08-24T20:45:59.547" /><!-- duration: 19ms -->
          <step title="Copying file: &apos;Microsoft.Extensions.ObjectPool.dll&apos;" date="2025-08-24T20:45:59.610" /><!-- duration: 17ms -->
          <step title="Copying file: &apos;Microsoft.Extensions.Options.dll&apos;" date="2025-08-24T20:45:59.646" /><!-- duration: 10ms -->
          <step title="Copying file: &apos;Microsoft.Identity.Client.dll&apos;" date="2025-08-24T20:45:59.656" /><!-- duration: 0ms -->
          <step title="Copying file: &apos;Microsoft.Identity.Client.Extensions.Msal.dll&apos;" date="2025-08-24T20:45:59.672" /><!-- duration: 0ms -->
          <step title="Copying file: &apos;Microsoft.IdentityModel.Abstractions.dll&apos;" date="2025-08-24T20:45:59.672" /><!-- duration: 0ms -->
          <step title="Omitting next output lines..." date="2025-08-24T20:45:59.688" /><!-- duration: 0ms -->
          <step title="Finished successfully." date="2025-08-24T20:46:00.283" /><!-- duration: 30ms -->
        </step><!-- duration: 4924ms -->
        <step title="Running post deployment command(s)..." date="2025-08-24T20:46:00.391" /><!-- duration: 0ms -->
        <step title="Triggering recycle (preview mode disabled)." date="2025-08-24T20:46:00.453" /><!-- duration: 0ms -->
        <step title="Ignoring FS watcher based recycle request as this is a classic Windows app." date="2025-08-24T20:46:00.453" /><!-- duration: 0ms -->
        <step title="Deployment successful. DEPLOYMENTINFO: deploymentPath = ZipDeploy. Extract zip. , deployer = ZipDeploy, os = windows, sku = Basic, siteName = 241runnersawareness-api, siteHostName = 241runnersawareness-api.azurewebsites.net, deploymentStatus = Success" date="2025-08-24T20:46:00.500" /><!-- duration: 0ms -->
      </step><!-- duration: 5520ms -->
    </step><!-- duration: 5987ms -->
    <step title="Cleaning up temp files" date="2025-08-24T20:46:00.625" /><!-- duration: 0ms -->
    <step title="Skip function trigger and logicapp sync because function is not enabled." date="2025-08-24T20:46:00.641" /><!-- duration: 0ms -->
  </step><!-- duration: 10721ms -->
  <step title="LockFile &apos;C:\home\site\locks\deployments.lock&apos; released" date="2025-08-24T20:46:00.672" /><!-- duration: 0ms -->
  <step title="Deleting shutdown sentinel file" date="2025-08-24T20:46:00.688" SemaphoreCount="8" /><!-- duration: 0ms -->
</step><!-- duration: 10897ms -->
