<step title="BackgroundTrace" date="2025-08-27T00:28:56.300" instance="7788a4" url="/api/zipdeploy" method="POST" >
  <step title="Updating shutdown sentinel last write time" date="2025-08-27T00:28:56.332" SemaphoreCount="7" /><!-- duration: 0ms -->
  <step title="LockFile &apos;C:\home\site\locks\deployments.lock&apos; acquired" date="2025-08-27T00:28:56.332" /><!-- duration: 14ms -->
  <step title="Creating temporary deployment" date="2025-08-27T00:28:56.346" /><!-- duration: 47ms -->
  <step title="Performing fetch based deployment" date="2025-08-27T00:28:56.412" >
    <step title="Fetching changes." date="2025-08-27T00:28:56.523" /><!-- duration: 11ms -->
    <step title="Starting LocalZipHandler" date="2025-08-27T00:28:56.534" /><!-- duration: 0ms -->
    <step title="Starting ExtractTriggers" date="2025-08-27T00:28:56.550" /><!-- duration: 16ms -->
    <step title="Before sending BuildRequestReceived status to /api/updatedeploystatus" date="2025-08-27T00:28:56.585" /><!-- duration: 0ms -->
    <step title="DeploymentManager.Deploy(id:28d7b624df9e4c7b9908b9c8af4b425d)" date="2025-08-27T00:28:56.596" >
      <step title="Collecting changeset information" date="2025-08-27T00:28:56.612" /><!-- duration: 31ms -->
      <step title="Updating submodules" date="2025-08-27T00:28:56.643" >
        <step title="Updating submodules." date="2025-08-27T00:28:56.659" /><!-- duration: 0ms -->
      </step><!-- duration: 31ms -->
      <step title="Preparing deployment for commit id &apos;28d7b624df&apos;." date="2025-08-27T00:28:56.714" /><!-- duration: 0ms -->
      <step title="Determining deployment builder" date="2025-08-27T00:28:56.745" >
        <step title="Builder is RunFromZipSiteBuilder" date="2025-08-27T00:28:56.745" /><!-- duration: 16ms -->
      </step><!-- duration: 16ms -->
      <step title="Copying SSH keys" date="2025-08-27T00:28:56.808" /><!-- duration: 0ms -->
      <step title="Building" date="2025-08-27T00:28:56.823" >
        <step title="Skipping build. Project type: Run-From-Zip" date="2025-08-27T00:28:56.870" /><!-- duration: 0ms -->
        <step title="Skipping post build. Project type: Run-From-Zip" date="2025-08-27T00:28:56.902" /><!-- duration: 0ms -->
        <step title="Triggering recycle (preview mode disabled)." date="2025-08-27T00:28:56.948" /><!-- duration: 0ms -->
        <step title="Ignoring FS watcher based recycle request as this is a classic Windows app." date="2025-08-27T00:28:56.948" /><!-- duration: 16ms -->
        <step title="Deployment successful. DEPLOYMENTINFO: deploymentPath = ZipDeploy. Run from package., deployer = ZipDeploy, os = windows, sku = Basic, siteName = 241runnersawareness-api, siteHostName = 241runnersawareness-api.azurewebsites.net, deploymentStatus = Success" date="2025-08-27T00:28:56.995" /><!-- duration: 0ms -->
        <step title="Purge deployment items" date="2025-08-27T00:28:57.184" >
          <step title="Remove adecb10ae, Success, received at 8/25/2025 8:08:22 PM" date="2025-08-27T00:28:57.277" /><!-- duration: 18ms -->
        </step><!-- duration: 110ms -->
      </step><!-- duration: 501ms -->
    </step><!-- duration: 728ms -->
    <step title="Cleaning up temp files" date="2025-08-27T00:28:57.344" /><!-- duration: 0ms -->
    <step title="Updating C:\home\data\SitePackages\packagename.txt with deployment 20250827002848.zip" date="2025-08-27T00:28:57.355" /><!-- duration: 78ms -->
    <step title="Skip function trigger and logicapp sync because function is not enabled." date="2025-08-27T00:28:57.433" /><!-- duration: 0ms -->
  </step><!-- duration: 1067ms -->
  <step title="LockFile &apos;C:\home\site\locks\deployments.lock&apos; released" date="2025-08-27T00:28:57.480" /><!-- duration: 0ms -->
  <step title="Deleting shutdown sentinel file" date="2025-08-27T00:28:57.495" SemaphoreCount="8" /><!-- duration: 0ms -->
</step><!-- duration: 1196ms -->
