<step title="BackgroundTrace" date="2025-08-24T21:48:24.930" instance="7788a4" url="/api/zipdeploy" method="POST" >
  <step title="Updating shutdown sentinel last write time" date="2025-08-24T21:48:24.946" SemaphoreCount="7" /><!-- duration: 16ms -->
  <step title="LockFile &apos;C:\home\site\locks\deployments.lock&apos; acquired" date="2025-08-24T21:48:24.961" /><!-- duration: 18ms -->
  <step title="Creating temporary deployment" date="2025-08-24T21:48:24.980" /><!-- duration: 30ms -->
  <step title="Performing fetch based deployment" date="2025-08-24T21:48:25.024" >
    <step title="Fetching changes." date="2025-08-24T21:48:25.170" /><!-- duration: 10ms -->
    <step title="Starting LocalZipHandler" date="2025-08-24T21:48:25.211" /><!-- duration: 19ms -->
    <step title="Cleaning up temp folders from previous zip deployments and extracting pushed zip file C:\local\Temp\zipdeploy\1fyy0wjf.zip (22.33 MB) to C:\local\Temp\zipdeploy\extracted" date="2025-08-24T21:48:25.305" /><!-- duration: 0ms -->
    <step title="Cleaning up temp folders from previous zip deployments and extracting pushed zip file C:\local\Temp\zipdeploy\1fyy0wjf.zip (22.33 MB) to C:\local\Temp\zipdeploy\extracted" date="2025-08-24T21:48:25.305" >
      <step title="Renaming extractTargetDirectory(C:\local\Temp\zipdeploy\extracted) to tempDirectory(C:\local\Temp\zipdeploy\o0gg0hcr.g4z)" date="2025-08-24T21:48:25.305" /><!-- duration: 0ms -->
      <step title="Extracting 162 entries to C:\local\Temp\zipdeploy\extracted directory" date="2025-08-24T21:48:25.512" >
        <step title="Extracting to C:\local\Temp\zipdeploy\extracted\runtimes\browser-wasm\nativeassets\net8.0\e_sqlite3.a ..." date="2025-08-24T21:48:25.542" /><!-- duration: 78ms -->
        <step title="Extracting to C:\local\Temp\zipdeploy\extracted\runtimes\linux-arm\native\libe_sqlite3.so ..." date="2025-08-24T21:48:25.639" /><!-- duration: 59ms -->
        <step title="Extracting to C:\local\Temp\zipdeploy\extracted\runtimes\linux-arm64\native\libe_sqlite3.so ..." date="2025-08-24T21:48:25.711" /><!-- duration: 127ms -->
        <step title="Extracting to C:\local\Temp\zipdeploy\extracted\runtimes\linux-armel\native\libe_sqlite3.so ..." date="2025-08-24T21:48:25.838" /><!-- duration: 77ms -->
        <step title="Extracting to C:\local\Temp\zipdeploy\extracted\runtimes\linux-mips64\native\libe_sqlite3.so ..." date="2025-08-24T21:48:25.935" /><!-- duration: 90ms -->
        <step title="Omitting extracting file traces ..." date="2025-08-24T21:48:26.025" /><!-- duration: 80ms -->
      </step><!-- duration: 3951ms -->
    </step><!-- duration: 4219ms -->
    <step title="Before sending BuildRequestReceived status to /api/updatedeploystatus" date="2025-08-24T21:48:29.543" /><!-- duration: 0ms -->
    <step title="DeploymentManager.Deploy(id:4fac1bba600d4720b2283f0bca724f44)" date="2025-08-24T21:48:29.543" >
      <step title="Collecting changeset information" date="2025-08-24T21:48:29.555" /><!-- duration: 47ms -->
      <step title="Updating submodules" date="2025-08-24T21:48:29.620" >
        <step title="Updating submodules." date="2025-08-24T21:48:29.680" /><!-- duration: 16ms -->
      </step><!-- duration: 76ms -->
      <step title="Preparing deployment for commit id &apos;4fac1bba60&apos;." date="2025-08-24T21:48:29.758" /><!-- duration: 0ms -->
      <step title="Determining deployment builder" date="2025-08-24T21:48:29.822" >
        <step title="Builder is BasicBuilder" date="2025-08-24T21:48:29.836" /><!-- duration: 16ms -->
      </step><!-- duration: 50ms -->
      <step title="Copying SSH keys" date="2025-08-24T21:48:29.883" /><!-- duration: 16ms -->
      <step title="Building" date="2025-08-24T21:48:29.899" >
        <step title="Generating deployment script." date="2025-08-24T21:48:30.230" /><!-- duration: 16ms -->
        <step title="Generating deployment script" date="2025-08-24T21:48:30.262" >
          <step title="Using cached version of the deployment script for command: -y --no-dot-deployment -r &quot;C:\local\Temp\zipdeploy\extracted&quot; -o &quot;C:\home\site\deployments\tools&quot; --basic --sitePath &quot;C:\local\Temp\zipdeploy\extracted&quot;" date="2025-08-24T21:48:30.293" /><!-- duration: 0ms -->
          <step title="Using cached version of deployment script (command: &apos;azure -y --no-dot-deployment -r &quot;C:\local\Temp\zipdeploy\extracted&quot; -o &quot;C:\home\site\deployments\tools&quot; --basic --sitePath &quot;C:\local\Temp\zipdeploy\extracted&quot;&apos;)." date="2025-08-24T21:48:30.293" /><!-- duration: 0ms -->
        </step><!-- duration: 47ms -->
        <step title="Running deployment command..." date="2025-08-24T21:48:30.355" /><!-- duration: 18ms -->
        <step title="Command: &quot;C:\home\site\deployments\tools\deploy.cmd&quot;" date="2025-08-24T21:48:30.387" /><!-- duration: 0ms -->
        <step title="Executing external process" date="2025-08-24T21:48:30.403" type="process" path="starter.cmd" arguments="&quot;C:\home\site\deployments\tools\deploy.cmd&quot;" >
          <step title="Handling Basic Web Site deployment." date="2025-08-24T21:48:30.906" /><!-- duration: 0ms -->
          <step title="Creating app_offline.htm" date="2025-08-24T21:48:33.184" /><!-- duration: 0ms -->
          <step title="KuduSync.NET from: &apos;C:\local\Temp\zipdeploy\extracted&apos; to: &apos;C:\home\site\wwwroot&apos;" date="2025-08-24T21:48:33.234" /><!-- duration: 0ms -->
          <step title="Copying file: &apos;241RunnersAwareness.BackendAPI.deps.json&apos;" date="2025-08-24T21:48:33.277" /><!-- duration: 17ms -->
          <step title="Copying file: &apos;241RunnersAwareness.BackendAPI.dll&apos;" date="2025-08-24T21:48:33.314" /><!-- duration: 0ms -->
          <step title="Copying file: &apos;241RunnersAwareness.BackendAPI.exe&apos;" date="2025-08-24T21:48:33.324" /><!-- duration: 0ms -->
          <step title="Copying file: &apos;241RunnersAwareness.BackendAPI.pdb&apos;" date="2025-08-24T21:48:33.355" /><!-- duration: 31ms -->
          <step title="Copying file: &apos;241RunnersAwareness.BackendAPI.runtimeconfig.json&apos;" date="2025-08-24T21:48:33.405" /><!-- duration: 13ms -->
          <step title="Copying file: &apos;241RunnersAwareness.BackendAPI.staticwebassets.endpoints.json&apos;" date="2025-08-24T21:48:33.435" /><!-- duration: 0ms -->
          <step title="Copying file: &apos;wwwroot\admin-config.json&apos;" date="2025-08-24T21:48:33.455" /><!-- duration: 10ms -->
          <step title="Copying file: &apos;wwwroot\admin-index.html&apos;" date="2025-08-24T21:48:33.465" /><!-- duration: 0ms -->
          <step title="Deleting app_offline.htm" date="2025-08-24T21:48:33.480" /><!-- duration: 0ms -->
          <step title="Finished successfully." date="2025-08-24T21:48:33.496" /><!-- duration: 0ms -->
        </step><!-- duration: 3093ms -->
        <step title="Running post deployment command(s)..." date="2025-08-24T21:48:33.545" /><!-- duration: 13ms -->
        <step title="Triggering recycle (preview mode disabled)." date="2025-08-24T21:48:33.624" /><!-- duration: 0ms -->
        <step title="Ignoring FS watcher based recycle request as this is a classic Windows app." date="2025-08-24T21:48:33.637" /><!-- duration: 0ms -->
        <step title="Deployment successful. DEPLOYMENTINFO: deploymentPath = ZipDeploy. Extract zip. , deployer = ZipDeploy, os = windows, sku = Basic, siteName = 241runnersawareness-api, siteHostName = 241runnersawareness-api.azurewebsites.net, deploymentStatus = Success" date="2025-08-24T21:48:33.715" /><!-- duration: 0ms -->
        <step title="Purge deployment items" date="2025-08-24T21:48:34.168" >
          <step title="Remove 40ad45944, Success, received at 8/24/2025 8:45:54 PM" date="2025-08-24T21:48:34.309" /><!-- duration: 0ms -->
        </step><!-- duration: 159ms -->
      </step><!-- duration: 4458ms -->
    </step><!-- duration: 4834ms -->
    <step title="Cleaning up temp files" date="2025-08-24T21:48:34.387" /><!-- duration: 0ms -->
    <step title="Skip function trigger and logicapp sync because function is not enabled." date="2025-08-24T21:48:34.418" /><!-- duration: 0ms -->
  </step><!-- duration: 9432ms -->
  <step title="LockFile &apos;C:\home\site\locks\deployments.lock&apos; released" date="2025-08-24T21:48:34.466" /><!-- duration: 30ms -->
  <step title="Deleting shutdown sentinel file" date="2025-08-24T21:48:34.546" SemaphoreCount="8" /><!-- duration: 138ms -->
</step><!-- duration: 9770ms -->
