<step title="Incoming Request" date="2025-08-15T17:52:07.388" instance="7788a4" url="/api/zipdeploy?isAsync=true" method="POST" type="request" pid="3520,2,17" Cache-Control="no-cache" Content-Length="10431510" Content-Type="application/octet-stream" Accept="*/*" Accept-Encoding="gzip, deflate" Authorization="Bea..." Host="241runnersawareness-api.scm.azurewebsites.net" User-Agent="AZURECLI/2.76.0 (MSI)" x-ms-client-request-id="8c97b9ba-7a00-11f0-8bcd-f057a69bc617" X-ARR-LOG-ID="8c97b9ba-7a00-11f0-8bcd-f057a69bc617" CLIENT-IP="216.169.140.136:58747" X-SITE-DEPLOYMENT-ID="241runnersawareness-api" WAS-DEFAULT-HOSTNAME="241runnersawareness-api.scm.azurewebsites.net" X-Forwarded-Proto="https" X-AppService-Proto="https" X-Forwarded-TlsVersion="1.3" X-WAWS-Unencoded-URL="/api/zipdeploy?isAsync=true" >
  <step title="Cleanup Xml Logs" date="2025-08-15T17:52:07.388" /><!-- duration: 0ms -->
  <step title="ZipPushDeploy" date="2025-08-15T17:52:07.423" >
    <step title="ZipDeploy. Extract zip. " date="2025-08-15T17:52:07.435" /><!-- duration: 0ms -->
    <step title="Starting PushDeployAsync" date="2025-08-15T17:52:07.435" /><!-- duration: 0ms -->
    <step title="Updating shutdown sentinel last write time" date="2025-08-15T17:52:07.453" SemaphoreCount="7" /><!-- duration: 0ms -->
    <step title="LockFile &apos;C:\home\site\locks\deployments.lock&apos; acquired" date="2025-08-15T17:52:07.484" /><!-- duration: 0ms -->
    <step title="Saving request content to C:\local\Temp\zipdeploy\awi22jtq.zip" date="2025-08-15T17:52:07.484" >
      <step title="Total 10,431,510 bytes written to C:\local\Temp\zipdeploy\awi22jtq.zip" date="2025-08-15T17:52:08.437" /><!-- duration: 18ms -->
    </step><!-- duration: 972ms -->
    <step title="LockFile &apos;C:\home\site\locks\deployments.lock&apos; released" date="2025-08-15T17:52:08.455" /><!-- duration: 0ms -->
    <step title="Deleting shutdown sentinel file" date="2025-08-15T17:52:08.469" SemaphoreCount="8" /><!-- duration: 0ms -->
    <step title="Starting FetchDeploy" date="2025-08-15T17:52:08.469" /><!-- duration: 0ms -->
    <step title="Start deployment in the background" date="2025-08-15T17:52:08.469" /><!-- duration: 63ms -->
  </step><!-- duration: 1108ms -->
  <step title="Outgoing response" date="2025-08-15T17:52:08.547" type="response" statusCode="202" statusText="Accepted" Server="Microsoft-IIS/10.0" x-ms-request-id="8c97b9ba-7a00-11f0-8bcd-f057a69bc617" Retry-After="30" Cache-Control="private" X-AspNet-Version="4.0.30319" Location="https://241runnersawareness-api.scm.azurewebsites.net/api/deployments/latest?deployer=ZipDeploy&amp;time=2025-08-15_17-52-08Z" /><!-- duration: 16ms -->
</step><!-- duration: 1174ms -->
