<step title="Incoming Request" date="2025-08-24T20:53:18.473" instance="7788a4" url="/api/zipdeploy?isAsync=true" method="POST" type="request" pid="1696,2,19" Cache-Control="no-cache" Content-Length="23408856" Content-Type="application/octet-stream" Accept="*/*" Accept-Encoding="gzip, deflate" Authorization="Bea..." Host="241runnersawareness-api.scm.azurewebsites.net" User-Agent="AZURECLI/2.76.0 (MSI)" x-ms-client-request-id="57ed10e9-812c-11f0-8e2e-f057a69bc617" X-ARR-LOG-ID="57ed10e9-812c-11f0-8e2e-f057a69bc617" CLIENT-IP="97.75.150.66:38534" X-SITE-DEPLOYMENT-ID="241runnersawareness-api" WAS-DEFAULT-HOSTNAME="241runnersawareness-api.scm.azurewebsites.net" X-Forwarded-Proto="https" X-AppService-Proto="https" X-Forwarded-TlsVersion="1.3" X-WAWS-Unencoded-URL="/api/zipdeploy?isAsync=true" >
  <step title="Cleanup Xml Logs" date="2025-08-24T20:53:18.489" /><!-- duration: 19ms -->
  <step title="ZipPushDeploy" date="2025-08-24T20:53:18.520" >
    <step title="ZipDeploy. Extract zip. " date="2025-08-24T20:53:18.520" /><!-- duration: 0ms -->
    <step title="Starting PushDeployAsync" date="2025-08-24T20:53:18.520" /><!-- duration: 0ms -->
    <step title="Updating shutdown sentinel last write time" date="2025-08-24T20:53:18.535" SemaphoreCount="7" /><!-- duration: 0ms -->
    <step title="LockFile &apos;C:\home\site\locks\deployments.lock&apos; acquired" date="2025-08-24T20:53:18.551" /><!-- duration: 0ms -->
    <step title="Saving request content to C:\local\Temp\zipdeploy\n1pcsjhf.zip" date="2025-08-24T20:53:18.551" >
      <step title="Total 23,408,856 bytes written to C:\local\Temp\zipdeploy\n1pcsjhf.zip" date="2025-08-24T20:53:19.088" /><!-- duration: 10ms -->
    </step><!-- duration: 547ms -->
    <step title="LockFile &apos;C:\home\site\locks\deployments.lock&apos; released" date="2025-08-24T20:53:19.098" /><!-- duration: 50ms -->
    <step title="Deleting shutdown sentinel file" date="2025-08-24T20:53:19.160" SemaphoreCount="8" /><!-- duration: 0ms -->
    <step title="Starting FetchDeploy" date="2025-08-24T20:53:19.160" /><!-- duration: 16ms -->
    <step title="Start deployment in the background" date="2025-08-24T20:53:19.176" /><!-- duration: 94ms -->
  </step><!-- duration: 750ms -->
  <step title="Outgoing response" date="2025-08-24T20:53:19.289" type="response" statusCode="202" statusText="Accepted" Server="Microsoft-IIS/10.0" x-ms-request-id="57ed10e9-812c-11f0-8e2e-f057a69bc617" Retry-After="30" Cache-Control="private" X-AspNet-Version="4.0.30319" Location="https://241runnersawareness-api.scm.azurewebsites.net/api/deployments/latest?deployer=ZipDeploy&amp;time=2025-08-24_20-53-19Z" /><!-- duration: 0ms -->
</step><!-- duration: 828ms -->
