<step title="BackgroundTrace" date="2025-08-24T21:36:33.798" instance="7788a4" url="/api/zipdeploy" method="POST" >
  <step title="Updating shutdown sentinel last write time" date="2025-08-24T21:36:33.798" SemaphoreCount="7" /><!-- duration: 16ms -->
  <step title="LockFile &apos;C:\home\site\locks\deployments.lock&apos; acquired" date="2025-08-24T21:36:33.814" /><!-- duration: 0ms -->
  <step title="Creating temporary deployment" date="2025-08-24T21:36:33.814" /><!-- duration: 31ms -->
  <step title="Performing fetch based deployment" date="2025-08-24T21:36:33.845" >
    <step title="Fetching changes." date="2025-08-24T21:36:33.907" /><!-- duration: 34ms -->
    <step title="Starting LocalZipHandler" date="2025-08-24T21:36:33.954" /><!-- duration: 0ms -->
    <step title="Cleaning up temp folders from previous zip deployments and extracting pushed zip file C:\local\Temp\zipdeploy\evcgb1mu.zip (22.32 MB) to C:\local\Temp\zipdeploy\extracted" date="2025-08-24T21:36:33.954" /><!-- duration: 16ms -->
    <step title="Cleaning up temp folders from previous zip deployments and extracting pushed zip file C:\local\Temp\zipdeploy\evcgb1mu.zip (22.32 MB) to C:\local\Temp\zipdeploy\extracted" date="2025-08-24T21:36:33.970" >
      <step title="Renaming extractTargetDirectory(C:\local\Temp\zipdeploy\extracted) to tempDirectory(C:\local\Temp\zipdeploy\4r310dke.agj)" date="2025-08-24T21:36:33.970" /><!-- duration: 0ms -->
      <step title="Extracting 160 entries to C:\local\Temp\zipdeploy\extracted directory" date="2025-08-24T21:36:34.675" >
        <step title="Extracting to C:\local\Temp\zipdeploy\extracted\runtimes\browser-wasm\nativeassets\net8.0\e_sqlite3.a ..." date="2025-08-24T21:36:34.705" /><!-- duration: 61ms -->
        <step title="Extracting to C:\local\Temp\zipdeploy\extracted\runtimes\linux-arm\native\libe_sqlite3.so ..." date="2025-08-24T21:36:34.786" /><!-- duration: 60ms -->
        <step title="Extracting to C:\local\Temp\zipdeploy\extracted\runtimes\linux-arm64\native\libe_sqlite3.so ..." date="2025-08-24T21:36:34.860" /><!-- duration: 78ms -->
        <step title="Extracting to C:\local\Temp\zipdeploy\extracted\runtimes\linux-armel\native\libe_sqlite3.so ..." date="2025-08-24T21:36:34.970" /><!-- duration: 78ms -->
        <step title="Extracting to C:\local\Temp\zipdeploy\extracted\runtimes\linux-mips64\native\libe_sqlite3.so ..." date="2025-08-24T21:36:35.048" /><!-- duration: 100ms -->
        <step title="Omitting extracting file traces ..." date="2025-08-24T21:36:35.158" /><!-- duration: 81ms -->
      </step><!-- duration: 3519ms -->
    </step><!-- duration: 4234ms -->
    <step title="Before sending BuildRequestReceived status to /api/updatedeploystatus" date="2025-08-24T21:36:38.224" /><!-- duration: 0ms -->
    <step title="DeploymentManager.Deploy(id:29b8b907cedc47ba8c43e7d926c3a212)" date="2025-08-24T21:36:38.235" >
      <step title="Collecting changeset information" date="2025-08-24T21:36:38.254" /><!-- duration: 122ms -->
      <step title="Updating submodules" date="2025-08-24T21:36:38.376" >
        <step title="Updating submodules." date="2025-08-24T21:36:38.425" /><!-- duration: 0ms -->
      </step><!-- duration: 62ms -->
      <step title="Preparing deployment for commit id &apos;29b8b907ce&apos;." date="2025-08-24T21:36:38.485" /><!-- duration: 0ms -->
      <step title="Determining deployment builder" date="2025-08-24T21:36:38.566" >
        <step title="Builder is BasicBuilder" date="2025-08-24T21:36:38.579" /><!-- duration: 0ms -->
      </step><!-- duration: 30ms -->
      <step title="Copying SSH keys" date="2025-08-24T21:36:38.626" /><!-- duration: 0ms -->
      <step title="Building" date="2025-08-24T21:36:38.646" >
        <step title="Generating deployment script." date="2025-08-24T21:36:38.688" /><!-- duration: 0ms -->
        <step title="Generating deployment script" date="2025-08-24T21:36:38.706" >
          <step title="Using cached version of the deployment script for command: -y --no-dot-deployment -r &quot;C:\local\Temp\zipdeploy\extracted&quot; -o &quot;C:\home\site\deployments\tools&quot; --basic --sitePath &quot;C:\local\Temp\zipdeploy\extracted&quot;" date="2025-08-24T21:36:38.719" /><!-- duration: 0ms -->
          <step title="Using cached version of deployment script (command: &apos;azure -y --no-dot-deployment -r &quot;C:\local\Temp\zipdeploy\extracted&quot; -o &quot;C:\home\site\deployments\tools&quot; --basic --sitePath &quot;C:\local\Temp\zipdeploy\extracted&quot;&apos;)." date="2025-08-24T21:36:38.719" /><!-- duration: 16ms -->
        </step><!-- duration: 29ms -->
        <step title="Running deployment command..." date="2025-08-24T21:36:38.786" /><!-- duration: 0ms -->
        <step title="Command: &quot;C:\home\site\deployments\tools\deploy.cmd&quot;" date="2025-08-24T21:36:38.829" /><!-- duration: 0ms -->
        <step title="Executing external process" date="2025-08-24T21:36:38.847" type="process" path="starter.cmd" arguments="&quot;C:\home\site\deployments\tools\deploy.cmd&quot;" >
          <step title="Handling Basic Web Site deployment." date="2025-08-24T21:36:40.022" /><!-- duration: 0ms -->
          <step title="Creating app_offline.htm" date="2025-08-24T21:36:40.032" /><!-- duration: 0ms -->
          <step title="KuduSync.NET from: &apos;C:\local\Temp\zipdeploy\extracted&apos; to: &apos;C:\home\site\wwwroot&apos;" date="2025-08-24T21:36:40.032" /><!-- duration: 16ms -->
          <step title="Deleting app_offline.htm" date="2025-08-24T21:36:40.048" /><!-- duration: 0ms -->
          <step title="Finished successfully." date="2025-08-24T21:36:40.048" /><!-- duration: 16ms -->
        </step><!-- duration: 1217ms -->
        <step title="Running post deployment command(s)..." date="2025-08-24T21:36:40.173" /><!-- duration: 15ms -->
        <step title="Triggering recycle (preview mode disabled)." date="2025-08-24T21:36:40.253" /><!-- duration: 0ms -->
        <step title="Ignoring FS watcher based recycle request as this is a classic Windows app." date="2025-08-24T21:36:40.266" /><!-- duration: 0ms -->
        <step title="Deployment successful. DEPLOYMENTINFO: deploymentPath = ZipDeploy. Extract zip. , deployer = ZipDeploy, os = windows, sku = Basic, siteName = 241runnersawareness-api, siteHostName = 241runnersawareness-api.azurewebsites.net, deploymentStatus = Success" date="2025-08-24T21:36:40.407" /><!-- duration: 0ms -->
        <step title="Purge deployment items" date="2025-08-24T21:36:40.548" >
          <step title="Remove 6ad1ac560, Success, received at 8/15/2025 5:52:10 PM" date="2025-08-24T21:36:40.615" /><!-- duration: 10ms -->
        </step><!-- duration: 78ms -->
      </step><!-- duration: 2011ms -->
    </step><!-- duration: 2442ms -->
    <step title="Cleaning up temp files" date="2025-08-24T21:36:40.677" /><!-- duration: 11ms -->
    <step title="Skip function trigger and logicapp sync because function is not enabled." date="2025-08-24T21:36:40.688" /><!-- duration: 0ms -->
  </step><!-- duration: 6922ms -->
  <step title="LockFile &apos;C:\home\site\locks\deployments.lock&apos; released" date="2025-08-24T21:36:40.766" /><!-- duration: 0ms -->
  <step title="Deleting shutdown sentinel file" date="2025-08-24T21:36:40.782" SemaphoreCount="8" /><!-- duration: 0ms -->
</step><!-- duration: 6984ms -->
