<step title="BackgroundTrace" date="2025-08-25T19:03:12.888" instance="7788a4" url="/api/zipdeploy" method="POST" >
  <step title="Updating shutdown sentinel last write time" date="2025-08-25T19:03:12.904" SemaphoreCount="7" /><!-- duration: 0ms -->
  <step title="LockFile &apos;C:\home\site\locks\deployments.lock&apos; acquired" date="2025-08-25T19:03:12.904" /><!-- duration: 16ms -->
  <step title="Creating temporary deployment" date="2025-08-25T19:03:12.919" /><!-- duration: 16ms -->
  <step title="Performing fetch based deployment" date="2025-08-25T19:03:12.951" >
    <step title="Fetching changes." date="2025-08-25T19:03:13.029" /><!-- duration: 17ms -->
    <step title="Starting LocalZipHandler" date="2025-08-25T19:03:13.060" /><!-- duration: 0ms -->
    <step title="Cleaning up temp folders from previous zip deployments and extracting pushed zip file C:\local\Temp\zipdeploy\p3q2px5p.zip (24.33 MB) to C:\local\Temp\zipdeploy\extracted" date="2025-08-25T19:03:13.107" /><!-- duration: 0ms -->
    <step title="Cleaning up temp folders from previous zip deployments and extracting pushed zip file C:\local\Temp\zipdeploy\p3q2px5p.zip (24.33 MB) to C:\local\Temp\zipdeploy\extracted" date="2025-08-25T19:03:13.123" >
      <step title="Renaming extractTargetDirectory(C:\local\Temp\zipdeploy\extracted) to tempDirectory(C:\local\Temp\zipdeploy\abwklmrc.but)" date="2025-08-25T19:03:13.123" /><!-- duration: 16ms -->
      <step title="Extracting 160 entries to C:\local\Temp\zipdeploy\extracted directory" date="2025-08-25T19:03:13.347" >
        <step title="Extracting to C:\local\Temp\zipdeploy\extracted\logs\deployments\latest.json ..." date="2025-08-25T19:03:13.357" /><!-- duration: 0ms -->
        <step title="Extracting to C:\local\Temp\zipdeploy\extracted\publish\241RunnersAwareness.BackendAPI.deps.json ..." date="2025-08-25T19:03:13.378" /><!-- duration: 11ms -->
        <step title="Extracting to C:\local\Temp\zipdeploy\extracted\publish\241RunnersAwareness.BackendAPI.runtimeconfig.json ..." date="2025-08-25T19:03:13.408" /><!-- duration: 12ms -->
        <step title="Extracting to C:\local\Temp\zipdeploy\extracted\publish\241RunnersAwareness.BackendAPI.staticwebassets.endpoints.json ..." date="2025-08-25T19:03:13.419" /><!-- duration: 18ms -->
        <step title="Extracting to C:\local\Temp\zipdeploy\extracted\publish\appsettings.Development.json ..." date="2025-08-25T19:03:13.438" /><!-- duration: 13ms -->
        <step title="Omitting extracting file traces ..." date="2025-08-25T19:03:13.468" /><!-- duration: 0ms -->
      </step><!-- duration: 3809ms -->
    </step><!-- duration: 4085ms -->
    <step title="Before sending BuildRequestReceived status to /api/updatedeploystatus" date="2025-08-25T19:03:17.217" /><!-- duration: 62ms -->
    <step title="DeploymentManager.Deploy(id:f08ce50f112848cdaef7877787c377fb)" date="2025-08-25T19:03:17.298" >
      <step title="Collecting changeset information" date="2025-08-25T19:03:17.358" /><!-- duration: 93ms -->
      <step title="Updating submodules" date="2025-08-25T19:03:17.468" >
        <step title="Updating submodules." date="2025-08-25T19:03:17.549" /><!-- duration: 11ms -->
      </step><!-- duration: 92ms -->
      <step title="Preparing deployment for commit id &apos;f08ce50f11&apos;." date="2025-08-25T19:03:17.607" /><!-- duration: 0ms -->
      <step title="Determining deployment builder" date="2025-08-25T19:03:17.689" >
        <step title="Builder is BasicBuilder" date="2025-08-25T19:03:17.701" /><!-- duration: 19ms -->
      </step><!-- duration: 43ms -->
      <step title="Copying SSH keys" date="2025-08-25T19:03:17.750" /><!-- duration: 14ms -->
      <step title="Building" date="2025-08-25T19:03:17.763" >
        <step title="Generating deployment script." date="2025-08-25T19:03:18.141" /><!-- duration: 16ms -->
        <step title="Generating deployment script" date="2025-08-25T19:03:18.173" >
          <step title="Using cached version of the deployment script for command: -y --no-dot-deployment -r &quot;C:\local\Temp\zipdeploy\extracted&quot; -o &quot;C:\home\site\deployments\tools&quot; --basic --sitePath &quot;C:\local\Temp\zipdeploy\extracted&quot;" date="2025-08-25T19:03:18.190" /><!-- duration: 14ms -->
          <step title="Using cached version of deployment script (command: &apos;azure -y --no-dot-deployment -r &quot;C:\local\Temp\zipdeploy\extracted&quot; -o &quot;C:\home\site\deployments\tools&quot; --basic --sitePath &quot;C:\local\Temp\zipdeploy\extracted&quot;&apos;)." date="2025-08-25T19:03:18.204" /><!-- duration: 0ms -->
        </step><!-- duration: 31ms -->
        <step title="Running deployment command..." date="2025-08-25T19:03:18.251" /><!-- duration: 0ms -->
        <step title="Command: &quot;C:\home\site\deployments\tools\deploy.cmd&quot;" date="2025-08-25T19:03:18.282" /><!-- duration: 0ms -->
        <step title="Executing external process" date="2025-08-25T19:03:18.282" type="process" path="starter.cmd" arguments="&quot;C:\home\site\deployments\tools\deploy.cmd&quot;" >
          <step title="Handling Basic Web Site deployment." date="2025-08-25T19:03:18.784" /><!-- duration: 13ms -->
          <step title="Creating app_offline.htm" date="2025-08-25T19:03:22.840" /><!-- duration: 0ms -->
          <step title="KuduSync.NET from: &apos;C:\local\Temp\zipdeploy\extracted&apos; to: &apos;C:\home\site\wwwroot&apos;" date="2025-08-25T19:03:22.875" /><!-- duration: 0ms -->
          <step title="Copying file: &apos;241RunnersAwareness.BackendAPI.dll&apos;" date="2025-08-25T19:03:22.905" /><!-- duration: 0ms -->
          <step title="Copying file: &apos;241RunnersAwareness.BackendAPI.exe&apos;" date="2025-08-25T19:03:22.918" /><!-- duration: 17ms -->
          <step title="Copying file: &apos;241RunnersAwareness.BackendAPI.pdb&apos;" date="2025-08-25T19:03:22.965" /><!-- duration: 0ms -->
          <step title="Copying file: &apos;publish\241RunnersAwareness.BackendAPI.deps.json&apos;" date="2025-08-25T19:03:22.965" /><!-- duration: 16ms -->
          <step title="Copying file: &apos;publish\publish\logs\deployments\latest.json&apos;" date="2025-08-25T19:03:22.980" /><!-- duration: 0ms -->
          <step title="Copying file: &apos;publish\publish\publish\241RunnersAwareness.BackendAPI.deps.json&apos;" date="2025-08-25T19:03:22.996" /><!-- duration: 0ms -->
          <step title="Copying file: &apos;publish\publish\publish\241RunnersAwareness.BackendAPI.runtimeconfig.json&apos;" date="2025-08-25T19:03:22.996" /><!-- duration: 0ms -->
          <step title="Copying file: &apos;publish\publish\publish\241RunnersAwareness.BackendAPI.staticwebassets.endpoints.json&apos;" date="2025-08-25T19:03:23.012" /><!-- duration: 0ms -->
          <step title="Copying file: &apos;publish\publish\publish\appsettings.Development.json&apos;" date="2025-08-25T19:03:23.027" /><!-- duration: 18ms -->
          <step title="Copying file: &apos;publish\publish\publish\appsettings.json&apos;" date="2025-08-25T19:03:23.059" /><!-- duration: 0ms -->
          <step title="Copying file: &apos;publish\publish\publish\appsettings.Production.json&apos;" date="2025-08-25T19:03:23.059" /><!-- duration: 16ms -->
          <step title="Copying file: &apos;publish\publish\publish\web.config&apos;" date="2025-08-25T19:03:23.074" /><!-- duration: 0ms -->
          <step title="Deleting app_offline.htm" date="2025-08-25T19:03:23.106" /><!-- duration: 0ms -->
          <step title="Finished successfully." date="2025-08-25T19:03:23.106" /><!-- duration: 15ms -->
        </step><!-- duration: 4839ms -->
        <step title="Running post deployment command(s)..." date="2025-08-25T19:03:23.184" /><!-- duration: 0ms -->
        <step title="Triggering recycle (preview mode disabled)." date="2025-08-25T19:03:23.358" /><!-- duration: 13ms -->
        <step title="Ignoring FS watcher based recycle request as this is a classic Windows app." date="2025-08-25T19:03:23.371" /><!-- duration: 0ms -->
        <step title="Deployment successful. DEPLOYMENTINFO: deploymentPath = ZipDeploy. Extract zip. , deployer = ZipDeploy, os = windows, sku = Basic, siteName = 241runnersawareness-api, siteHostName = 241runnersawareness-api.azurewebsites.net, deploymentStatus = Success" date="2025-08-25T19:03:23.715" /><!-- duration: 16ms -->
        <step title="Purge deployment items" date="2025-08-25T19:03:23.855" >
          <step title="Remove 9fea587f6, Success, received at 8/24/2025 9:01:02 PM" date="2025-08-25T19:03:23.905" /><!-- duration: 0ms -->
        </step><!-- duration: 63ms -->
      </step><!-- duration: 6155ms -->
    </step><!-- duration: 6636ms -->
    <step title="Cleaning up temp files" date="2025-08-25T19:03:23.934" /><!-- duration: 0ms -->
    <step title="Skip function trigger and logicapp sync because function is not enabled." date="2025-08-25T19:03:23.966" /><!-- duration: 0ms -->
  </step><!-- duration: 11045ms -->
  <step title="LockFile &apos;C:\home\site\locks\deployments.lock&apos; released" date="2025-08-25T19:03:23.996" /><!-- duration: 0ms -->
  <step title="Deleting shutdown sentinel file" date="2025-08-25T19:03:24.012" SemaphoreCount="8" /><!-- duration: 0ms -->
</step><!-- duration: 11124ms -->
