<step title="BackgroundTrace" date="2025-08-25T18:59:07.261" instance="7788a4" url="/api/zipdeploy" method="POST" >
  <step title="Updating shutdown sentinel last write time" date="2025-08-25T18:59:07.293" SemaphoreCount="7" /><!-- duration: 16ms -->
  <step title="LockFile &apos;C:\home\site\locks\deployments.lock&apos; acquired" date="2025-08-25T18:59:07.308" /><!-- duration: 0ms -->
  <step title="Creating temporary deployment" date="2025-08-25T18:59:07.308" /><!-- duration: 62ms -->
  <step title="Performing fetch based deployment" date="2025-08-25T18:59:07.402" >
    <step title="Fetching changes." date="2025-08-25T18:59:07.668" /><!-- duration: 19ms -->
    <step title="Starting LocalZipHandler" date="2025-08-25T18:59:07.717" /><!-- duration: 0ms -->
    <step title="Cleaning up temp folders from previous zip deployments and extracting pushed zip file C:\local\Temp\zipdeploy\c4qs4fze.zip (24.30 MB) to C:\local\Temp\zipdeploy\extracted" date="2025-08-25T18:59:07.777" /><!-- duration: 0ms -->
    <step title="Cleaning up temp folders from previous zip deployments and extracting pushed zip file C:\local\Temp\zipdeploy\c4qs4fze.zip (24.30 MB) to C:\local\Temp\zipdeploy\extracted" date="2025-08-25T18:59:07.777" >
      <step title="Extracting 151 entries to C:\local\Temp\zipdeploy\extracted directory" date="2025-08-25T18:59:07.808" >
        <step title="Extracting to C:\local\Temp\zipdeploy\extracted\logs\deployments\latest.json ..." date="2025-08-25T18:59:07.808" /><!-- duration: 16ms -->
        <step title="Extracting to C:\local\Temp\zipdeploy\extracted\publish\241RunnersAwareness.BackendAPI.deps.json ..." date="2025-08-25T18:59:07.824" /><!-- duration: 0ms -->
        <step title="Extracting to C:\local\Temp\zipdeploy\extracted\publish\241RunnersAwareness.BackendAPI.runtimeconfig.json ..." date="2025-08-25T18:59:07.839" /><!-- duration: 0ms -->
        <step title="Extracting to C:\local\Temp\zipdeploy\extracted\publish\241RunnersAwareness.BackendAPI.staticwebassets.endpoints.json ..." date="2025-08-25T18:59:07.839" /><!-- duration: 0ms -->
        <step title="Extracting to C:\local\Temp\zipdeploy\extracted\publish\appsettings.Development.json ..." date="2025-08-25T18:59:07.855" /><!-- duration: 0ms -->
        <step title="Omitting extracting file traces ..." date="2025-08-25T18:59:07.855" /><!-- duration: 16ms -->
      </step><!-- duration: 3750ms -->
    </step><!-- duration: 3799ms -->
    <step title="Before sending BuildRequestReceived status to /api/updatedeploystatus" date="2025-08-25T18:59:11.621" /><!-- duration: 0ms -->
    <step title="DeploymentManager.Deploy(id:1b109c9661c445319e7b3ea919fdbd8d)" date="2025-08-25T18:59:11.636" >
      <step title="Collecting changeset information" date="2025-08-25T18:59:11.652" /><!-- duration: 31ms -->
      <step title="Updating submodules" date="2025-08-25T18:59:11.699" >
        <step title="Updating submodules." date="2025-08-25T18:59:11.780" /><!-- duration: 0ms -->
      </step><!-- duration: 80ms -->
      <step title="Preparing deployment for commit id &apos;1b109c9661&apos;." date="2025-08-25T18:59:11.886" /><!-- duration: 0ms -->
      <step title="Determining deployment builder" date="2025-08-25T18:59:12.548" >
        <step title="Builder is BasicBuilder" date="2025-08-25T18:59:12.579" /><!-- duration: 11ms -->
      </step><!-- duration: 41ms -->
      <step title="Copying SSH keys" date="2025-08-25T18:59:12.639" /><!-- duration: 13ms -->
      <step title="Building" date="2025-08-25T18:59:12.669" >
        <step title="Generating deployment script." date="2025-08-25T18:59:13.058" /><!-- duration: 16ms -->
        <step title="Generating deployment script" date="2025-08-25T18:59:13.074" >
          <step title="Using cached version of the deployment script for command: -y --no-dot-deployment -r &quot;C:\local\Temp\zipdeploy\extracted&quot; -o &quot;C:\home\site\deployments\tools&quot; --basic --sitePath &quot;C:\local\Temp\zipdeploy\extracted&quot;" date="2025-08-25T18:59:13.183" /><!-- duration: 0ms -->
          <step title="Using cached version of deployment script (command: &apos;azure -y --no-dot-deployment -r &quot;C:\local\Temp\zipdeploy\extracted&quot; -o &quot;C:\home\site\deployments\tools&quot; --basic --sitePath &quot;C:\local\Temp\zipdeploy\extracted&quot;&apos;)." date="2025-08-25T18:59:13.199" /><!-- duration: 16ms -->
        </step><!-- duration: 141ms -->
        <step title="Running deployment command..." date="2025-08-25T18:59:13.261" /><!-- duration: 0ms -->
        <step title="Command: &quot;C:\home\site\deployments\tools\deploy.cmd&quot;" date="2025-08-25T18:59:13.293" /><!-- duration: 0ms -->
        <step title="Executing external process" date="2025-08-25T18:59:13.341" type="process" path="starter.cmd" arguments="&quot;C:\home\site\deployments\tools\deploy.cmd&quot;" >
          <step title="Handling Basic Web Site deployment." date="2025-08-25T18:59:13.935" /><!-- duration: 0ms -->
          <step title="Creating app_offline.htm" date="2025-08-25T18:59:15.324" /><!-- duration: 19ms -->
          <step title="KuduSync.NET from: &apos;C:\local\Temp\zipdeploy\extracted&apos; to: &apos;C:\home\site\wwwroot&apos;" date="2025-08-25T18:59:15.355" /><!-- duration: 0ms -->
          <step title="Copying file: &apos;241RunnersAwareness.BackendAPI.deps.json&apos;" date="2025-08-25T18:59:15.373" /><!-- duration: 13ms -->
          <step title="Copying file: &apos;241RunnersAwareness.BackendAPI.dll&apos;" date="2025-08-25T18:59:15.403" /><!-- duration: 0ms -->
          <step title="Copying file: &apos;241RunnersAwareness.BackendAPI.exe&apos;" date="2025-08-25T18:59:15.433" /><!-- duration: 0ms -->
          <step title="Copying file: &apos;241RunnersAwareness.BackendAPI.pdb&apos;" date="2025-08-25T18:59:15.464" /><!-- duration: 19ms -->
          <step title="Copying file: &apos;publish\241RunnersAwareness.BackendAPI.deps.json&apos;" date="2025-08-25T18:59:15.544" /><!-- duration: 20ms -->
          <step title="Copying file: &apos;publish\logs\deployments\latest.json&apos;" date="2025-08-25T18:59:15.574" /><!-- duration: 0ms -->
          <step title="Copying file: &apos;publish\publish\241RunnersAwareness.BackendAPI.deps.json&apos;" date="2025-08-25T18:59:15.605" /><!-- duration: 19ms -->
          <step title="Copying file: &apos;publish\publish\241RunnersAwareness.BackendAPI.runtimeconfig.json&apos;" date="2025-08-25T18:59:15.636" /><!-- duration: 18ms -->
          <step title="Copying file: &apos;publish\publish\241RunnersAwareness.BackendAPI.staticwebassets.endpoints.json&apos;" date="2025-08-25T18:59:15.685" /><!-- duration: 0ms -->
          <step title="Copying file: &apos;publish\publish\appsettings.Development.json&apos;" date="2025-08-25T18:59:15.715" /><!-- duration: 0ms -->
          <step title="Copying file: &apos;publish\publish\appsettings.json&apos;" date="2025-08-25T18:59:15.746" /><!-- duration: 0ms -->
          <step title="Copying file: &apos;publish\publish\appsettings.Production.json&apos;" date="2025-08-25T18:59:15.777" /><!-- duration: 0ms -->
          <step title="Copying file: &apos;publish\publish\web.config&apos;" date="2025-08-25T18:59:15.795" /><!-- duration: 0ms -->
          <step title="Deleting app_offline.htm" date="2025-08-25T18:59:15.808" /><!-- duration: 0ms -->
          <step title="Finished successfully." date="2025-08-25T18:59:15.825" /><!-- duration: 14ms -->
        </step><!-- duration: 2499ms -->
        <step title="Running post deployment command(s)..." date="2025-08-25T18:59:15.986" /><!-- duration: 10ms -->
        <step title="Triggering recycle (preview mode disabled)." date="2025-08-25T18:59:16.121" /><!-- duration: 16ms -->
        <step title="Ignoring FS watcher based recycle request as this is a classic Windows app." date="2025-08-25T18:59:16.136" /><!-- duration: 0ms -->
        <step title="Deployment successful. DEPLOYMENTINFO: deploymentPath = ZipDeploy. Extract zip. , deployer = ZipDeploy, os = windows, sku = Basic, siteName = 241runnersawareness-api, siteHostName = 241runnersawareness-api.azurewebsites.net, deploymentStatus = Success" date="2025-08-25T18:59:16.327" /><!-- duration: 0ms -->
        <step title="Purge deployment items" date="2025-08-25T18:59:16.609" >
          <step title="Remove 5ee9ec260, Success, received at 8/24/2025 8:57:42 PM" date="2025-08-25T18:59:16.761" /><!-- duration: 0ms -->
        </step><!-- duration: 171ms -->
      </step><!-- duration: 4161ms -->
    </step><!-- duration: 5203ms -->
    <step title="Cleaning up temp files" date="2025-08-25T18:59:16.860" /><!-- duration: 11ms -->
    <step title="Skip function trigger and logicapp sync because function is not enabled." date="2025-08-25T18:59:16.902" /><!-- duration: 18ms -->
  </step><!-- duration: 9578ms -->
  <step title="LockFile &apos;C:\home\site\locks\deployments.lock&apos; released" date="2025-08-25T18:59:17.031" /><!-- duration: 12ms -->
  <step title="Deleting shutdown sentinel file" date="2025-08-25T18:59:17.121" SemaphoreCount="8" /><!-- duration: 0ms -->
</step><!-- duration: 9891ms -->
