<step title="Incoming Request" date="2025-08-25T17:10:47.929" instance="7788a4" url="/api/zipdeploy?isAsync=true" method="POST" type="request" pid="4072,2,16" Cache-Control="no-cache" Content-Length="25431751" Content-Type="application/octet-stream" Accept="*/*" Accept-Encoding="gzip, deflate" Authorization="Bea..." Host="241runnersawareness-api.scm.azurewebsites.net" User-Agent="AZURECLI/2.76.0 (MSI)" x-ms-client-request-id="6ef78d4d-81d6-11f0-8f13-f057a69bc617" X-ARR-LOG-ID="6ef78d4d-81d6-11f0-8f13-f057a69bc617" CLIENT-IP="97.75.150.66:38462" X-SITE-DEPLOYMENT-ID="241runnersawareness-api" WAS-DEFAULT-HOSTNAME="241runnersawareness-api.scm.azurewebsites.net" X-Forwarded-Proto="https" X-AppService-Proto="https" X-Forwarded-TlsVersion="1.3" X-WAWS-Unencoded-URL="/api/zipdeploy?isAsync=true" >
  <step title="Cleanup Xml Logs" date="2025-08-25T17:10:47.929" /><!-- duration: 19ms -->
  <step title="ZipPushDeploy" date="2025-08-25T17:10:48.976" >
    <step title="ZipDeploy. Extract zip. " date="2025-08-25T17:10:48.992" /><!-- duration: 0ms -->
    <step title="Starting PushDeployAsync" date="2025-08-25T17:10:49.023" /><!-- duration: 0ms -->
    <step title="Updating shutdown sentinel last write time" date="2025-08-25T17:10:49.102" SemaphoreCount="7" /><!-- duration: 0ms -->
    <step title="LockFile &apos;C:\home\site\locks\deployments.lock&apos; acquired" date="2025-08-25T17:10:49.102" /><!-- duration: 0ms -->
    <step title="Saving request content to C:\local\Temp\zipdeploy\2q0xb4qu.zip" date="2025-08-25T17:10:49.117" >
      <step title="Total 25,431,751 bytes written to C:\local\Temp\zipdeploy\2q0xb4qu.zip" date="2025-08-25T17:10:49.867" /><!-- duration: 19ms -->
    </step><!-- duration: 769ms -->
    <step title="LockFile &apos;C:\home\site\locks\deployments.lock&apos; released" date="2025-08-25T17:10:49.898" /><!-- duration: 0ms -->
    <step title="Deleting shutdown sentinel file" date="2025-08-25T17:10:49.898" SemaphoreCount="8" /><!-- duration: 16ms -->
    <step title="Starting FetchDeploy" date="2025-08-25T17:10:49.929" /><!-- duration: 0ms -->
    <step title="Start deployment in the background" date="2025-08-25T17:10:49.946" /><!-- duration: 141ms -->
  </step><!-- duration: 1111ms -->
  <step title="Outgoing response" date="2025-08-25T17:10:50.179" type="response" statusCode="202" statusText="Accepted" Server="Microsoft-IIS/10.0" x-ms-request-id="6ef78d4d-81d6-11f0-8f13-f057a69bc617" Retry-After="30" Cache-Control="private" X-AspNet-Version="4.0.30319" Location="https://241runnersawareness-api.scm.azurewebsites.net/api/deployments/latest?deployer=ZipDeploy&amp;time=2025-08-25_17-10-50Z" /><!-- duration: 31ms -->
</step><!-- duration: 2281ms -->
