<step title="Incoming Request" date="2025-08-25T17:33:49.724" instance="7788a4" url="/api/zipdeploy?isAsync=true" method="POST" type="request" pid="5572,2,8" Cache-Control="no-cache" Connection="Keep-Alive" Content-Length="25457002" Content-Type="application/octet-stream" Accept="*/*" Accept-Encoding="gzip, deflate" Authorization="Bea..." Host="241runnersawareness-api.scm.azurewebsites.net" User-Agent="AZURECLI/2.76.0 (MSI)" x-ms-client-request-id="a36cd8f6-81d9-11f0-a99c-f057a69bc617" X-ARR-LOG-ID="a36cd8f6-81d9-11f0-a99c-f057a69bc617" CLIENT-IP="97.75.150.66:38467" X-SITE-DEPLOYMENT-ID="241runnersawareness-api" WAS-DEFAULT-HOSTNAME="241runnersawareness-api.scm.azurewebsites.net" X-Forwarded-Proto="https" X-AppService-Proto="https" X-Forwarded-TlsVersion="1.3" X-WAWS-Unencoded-URL="/api/zipdeploy?isAsync=true" X-MS-COLDSTART="1" >
  <step title="ZipPushDeploy" date="2025-08-25T17:33:50.663" >
    <step title="ZipDeploy. Extract zip. " date="2025-08-25T17:33:50.756" /><!-- duration: 0ms -->
    <step title="Starting PushDeployAsync" date="2025-08-25T17:33:50.804" /><!-- duration: 0ms -->
    <step title="Updating shutdown sentinel last write time" date="2025-08-25T17:33:50.995" SemaphoreCount="7" /><!-- duration: 0ms -->
    <step title="LockFile &apos;C:\home\site\locks\deployments.lock&apos; acquired" date="2025-08-25T17:33:51.006" /><!-- duration: 0ms -->
    <step title="Saving request content to C:\local\Temp\zipdeploy\hh4dsj0w.zip" date="2025-08-25T17:33:51.006" >
      <step title="Total 25,457,002 bytes written to C:\local\Temp\zipdeploy\hh4dsj0w.zip" date="2025-08-25T17:33:53.844" /><!-- duration: 0ms -->
    </step><!-- duration: 2854ms -->
    <step title="LockFile &apos;C:\home\site\locks\deployments.lock&apos; released" date="2025-08-25T17:33:53.860" /><!-- duration: 0ms -->
    <step title="Deleting shutdown sentinel file" date="2025-08-25T17:33:53.875" SemaphoreCount="8" /><!-- duration: 0ms -->
    <step title="Starting FetchDeploy" date="2025-08-25T17:33:53.895" /><!-- duration: 0ms -->
    <step title="Start deployment in the background" date="2025-08-25T17:33:53.895" /><!-- duration: 141ms -->
  </step><!-- duration: 3373ms -->
  <step title="Outgoing response" date="2025-08-25T17:33:54.147" type="response" statusCode="202" statusText="Accepted" Server="Microsoft-IIS/10.0" x-ms-request-id="a36cd8f6-81d9-11f0-a99c-f057a69bc617" Retry-After="30" Cache-Control="private" X-AspNet-Version="4.0.30319" Location="https://241runnersawareness-api.scm.azurewebsites.net/api/deployments/latest?deployer=ZipDeploy&amp;time=2025-08-25_17-33-54Z" /><!-- duration: 30ms -->
</step><!-- duration: 4463ms -->
