<step title="Incoming Request" date="2025-08-28T20:56:20.699" instance="7788a4" url="/api/publish?async=true&amp;deployer=GITHUB_ONE_DEPLOY&amp;type=zip&amp;message=%7B%22type%22%3A%22deployment%22%2C%22sha%22%3A%22d41a1148349c1af0eae310f92b5bab08bdef8112%22%2C%22repoName%22%3A%22DekuWorks%2F241RunnersAwareness%22%2C%22actor%22%3A%22DekuWorks%22%2C%22slotName%22%3A%22Production%22%2C%22commitMessage%22%3A%22Remove%20app-logs.zip%20from%20repository%22%7D" method="POST" type="request" pid="1540,2,8" Transfer-Encoding="chunked" Content-Type="application/octet-stream" Authorization="Bea..." Cookie="ARRAffinity=7788a455ec154c4663c1b659ef530e471943b5c292ff1be1116a591d0c915669;Path=/;HttpOnly;Secure;Domain=241runnersawareness-api.scm.azurewebsites.net; ARRAffinitySameSite=7788a455ec154c4663c1b659ef530e471943b5c292ff1be1116a591d0c915669;Path=/;HttpOnly;SameSite=None;Secure;Domain=241runnersawareness-api.scm.azurewebsites.net" Host="241runnersawareness-api.scm.azurewebsites.net" User-Agent="GITHUBACTIONS_DeployWebAppToAzure_595ee1b31a2c90a1f7110b9442ef89a098f6ae428a4a7a7da91a41dc86c46f22" X-ARR-LOG-ID="5d317536-6f47-4801-b67c-bdc56661a30b" CLIENT-IP="48.214.55.33:40968" X-SITE-DEPLOYMENT-ID="241runnersawareness-api" WAS-DEFAULT-HOSTNAME="241runnersawareness-api.scm.azurewebsites.net" X-Forwarded-Proto="https" X-AppService-Proto="https" X-Forwarded-TlsVersion="1.3" X-WAWS-Unencoded-URL="/api/publish?async=true&amp;deployer=GITHUB_ONE_DEPLOY&amp;type=zip&amp;message=%7B%22type%22%3A%22deployment%22%2C%22sha%22%3A%22d41a1148349c1af0eae310f92b5bab08bdef8112%22%2C%22repoName%22%3A%22DekuWorks%2F241RunnersAwareness%22%2C%22actor%22%3A%22DekuWorks%22%2C%22slotName%22%3A%22Production%22%2C%22commitMessage%22%3A%22Remove%20app-logs.zip%20from%20repository%22%7D" >
  <step title="OneDeploy" date="2025-08-28T20:56:20.918" >
    <step title="Starting PushDeployAsync" date="2025-08-28T20:56:21.011" /><!-- duration: 0ms -->
    <step title="Updating shutdown sentinel last write time" date="2025-08-28T20:56:21.219" SemaphoreCount="7" /><!-- duration: 0ms -->
    <step title="LockFile &apos;C:\home\site\locks\deployments.lock&apos; acquired" date="2025-08-28T20:56:21.230" /><!-- duration: 0ms -->
    <step title="Deleting outdated zip file C:\home\data\SitePackages\20250828203938.zip" date="2025-08-28T20:56:21.261" /><!-- duration: 18ms -->
    <step title="Saving request content to C:\home\data\SitePackages\20250828205620.zip" date="2025-08-28T20:56:21.280" >
      <step title="Total 27,747,807 bytes written to C:\home\data\SitePackages\20250828205620.zip" date="2025-08-28T20:56:22.889" /><!-- duration: 15ms -->
    </step><!-- duration: 2000ms -->
    <step title="LockFile &apos;C:\home\site\locks\deployments.lock&apos; released" date="2025-08-28T20:56:23.280" /><!-- duration: 0ms -->
    <step title="Deleting shutdown sentinel file" date="2025-08-28T20:56:23.295" SemaphoreCount="8" /><!-- duration: 0ms -->
    <step title="Starting FetchDeploy" date="2025-08-28T20:56:23.311" /><!-- duration: 0ms -->
    <step title="Start deployment in the background" date="2025-08-28T20:56:23.311" /><!-- duration: 141ms -->
  </step><!-- duration: 2552ms -->
  <step title="Outgoing response" date="2025-08-28T20:56:23.520" type="response" statusCode="202" statusText="Accepted" Server="Microsoft-IIS/10.0" x-ms-request-id="5d317536-6f47-4801-b67c-bdc56661a30b" Retry-After="30" Cache-Control="private" X-AspNet-Version="4.0.30319" Location="https://241runnersawareness-api.scm.azurewebsites.net/api/deployments/latest?deployer=OneDeploy&amp;time=2025-08-28_20-56-23Z" /><!-- duration: 10ms -->
</step><!-- duration: 2831ms -->
