﻿<?xml version="1.0" encoding="utf-8"?>
<deployment>
  <id>78b76403-c849-4e3a-a638-5da9293be0c7</id>
  <author>N/A</author>
  <deployer>OneDeploy</deployer>
  <authorEmail>N/A</authorEmail>
  <message>OneDeploy</message>
  <progress></progress>
  <status>Success</status>
  <statusText></statusText>
  <lastSuccessEndTime>2025-08-30T21:59:18.4650009Z</lastSuccessEndTime>
  <receivedTime>2025-08-30T21:58:51.8624478Z</receivedTime>
  <startTime>2025-08-30T21:58:53.6223044Z</startTime>
  <endTime>2025-08-30T21:59:18.4650009Z</endTime>
  <complete>True</complete>
  <is_temp>False</is_temp>
  <is_readonly>True</is_readonly>
  <buildSummary />
</deployment>